<?xml version="1.0"?>
<COLLADA xmlns="http://www.collada.org/2005/11/COLLADASchema" version="1.4.1">
  <asset>
    <contributor>
      <author>Assimp</author>
      <authoring_tool>Assimp Exporter</authoring_tool>
    </contributor>
    <created>2020-05-10T17:42:13</created>
    <modified>2020-05-10T17:42:13</modified>
    <unit name="meter" meter="0.01" />
    <up_axis>Y_UP</up_axis>
  </asset>
  <library_effects>
    <effect id="colouredwood01_dark-fx" name="colouredwood01_dark">
      <profile_COMMON>
        <technique sid="standard">
          <phong>
            <diffuse>
              <color sid="diffuse">0   0   1   1</color>
            </diffuse>
          </phong>
        </technique>
      </profile_COMMON>
    </effect>
    <effect id="colouredwood01_brown-fx" name="colouredwood01_brown">
      <profile_COMMON>
        <technique sid="standard">
          <phong>
            <diffuse>
              <color sid="diffuse">0.5   0.185498   0.019   1</color>
            </diffuse>
          </phong>
        </technique>
      </profile_COMMON>
    </effect>
    <effect id="metal01_brass-fx" name="metal01_brass">
      <profile_COMMON>
        <technique sid="standard">
          <phong>
            <diffuse>
              <color sid="diffuse">0   1   0   1</color>
            </diffuse>
          </phong>
        </technique>
      </profile_COMMON>
    </effect>
    <effect id="colouredwood01_red-fx" name="colouredwood01_red">
      <profile_COMMON>
        <technique sid="standard">
          <phong>
            <diffuse>
              <color sid="diffuse">1   0   0   1</color>
            </diffuse>
          </phong>
        </technique>
      </profile_COMMON>
    </effect>
    <effect id="marble01_black-fx" name="marble01_black">
      <profile_COMMON>
        <technique sid="standard">
          <phong>
            <diffuse>
              <color sid="diffuse">0   0   0   1</color>
            </diffuse>
          </phong>
        </technique>
      </profile_COMMON>
    </effect>
    <effect id="metal01_brushed-fx" name="metal01_brushed">
      <profile_COMMON>
        <technique sid="standard">
          <phong>
            <diffuse>
              <color sid="diffuse">0.231   0.231   0.231   1</color>
            </diffuse>
          </phong>
        </technique>
      </profile_COMMON>
    </effect>
    <effect id="plastic01_white-fx" name="plastic01_white">
      <profile_COMMON>
        <technique sid="standard">
          <phong>
            <diffuse>
              <color sid="diffuse">1   1   1   1</color>
            </diffuse>
          </phong>
        </technique>
      </profile_COMMON>
    </effect>
  </library_effects>
  <library_materials>
    <material id="colouredwood01_dark" name="colouredwood01_dark">
      <instance_effect url="#colouredwood01_dark-fx"/>
    </material>
    <material id="colouredwood01_brown" name="colouredwood01_brown">
      <instance_effect url="#colouredwood01_brown-fx"/>
    </material>
    <material id="metal01_brass" name="metal01_brass">
      <instance_effect url="#metal01_brass-fx"/>
    </material>
    <material id="colouredwood01_red" name="colouredwood01_red">
      <instance_effect url="#colouredwood01_red-fx"/>
    </material>
    <material id="marble01_black" name="marble01_black">
      <instance_effect url="#marble01_black-fx"/>
    </material>
    <material id="metal01_brushed" name="metal01_brushed">
      <instance_effect url="#metal01_brushed-fx"/>
    </material>
    <material id="plastic01_white" name="plastic01_white">
      <instance_effect url="#plastic01_white-fx"/>
    </material>
  </library_materials>
  <library_geometries>
    <geometry id="meshId0" name="meshId0_name" >
      <mesh>
        <source id="meshId0-positions" name="meshId0-positions">
          <float_array id="meshId0-positions-array" count="276"> -0.172755 0.187131 0.99985 -0.172755 0.185487 0.999136 0.0191949 0.185487 0.999136 0.0191949 0.187131 0.99985 -0.172755 0.189395 0.999493 -0.172755 0.188577 0.99985 0.0191949 0.188577 0.99985 0.0191949 0.189395 0.999493 -0.172755 0.190212 0.980816 -0.172755 0.190212 0.998245 0.0191949 0.190212 0.998245 0.0191949 0.190212 0.980816 -0.172755 0.18999 0.998991 0.0191949 0.18999 0.998991 -0.172755 0.18999 0.998991 0.0191949 0.18999 0.998991 -0.172755 0.189956 0.980198 0.0191949 0.189956 0.980198 0.0191949 0.189338 0.979942 -0.172755 0.189338 0.979942 -0.172755 0.189956 0.980198 0.0191949 0.189956 0.980198 -0.172755 -0.0523446 0.807991 -0.172755 -0.0545076 0.806828 0.0191949 -0.0545076 0.806828 0.0191949 -0.0523446 0.807991 0.0191949 -0.0486709 0.806828 -0.172755 -0.0486709 0.806828 -0.172755 -0.0508233 0.807991 0.0191949 -0.0508233 0.807991 -0.172755 -0.022621 0.807842 -0.172755 -0.0242658 0.807127 0.0191949 -0.0242658 0.807127 0.0191949 -0.022621 0.807842 0.0191949 -0.0195401 0.807128 -0.172755 -0.0195401 0.807128 -0.172755 -0.0211752 0.807841 0.0191949 -0.0211753 0.807841 -0.172755 0.0525262 0.807991 -0.172755 0.0503632 0.806828 0.0191949 0.0503632 0.806828 0.0191949 0.0525262 0.807991 0.0191949 0.0561999 0.806828 -0.172755 0.0561999 0.806828 -0.172755 0.0540475 0.807991 0.0191949 0.0540475 0.807991 -0.172755 0.0822498 0.807842 -0.172755 0.080605 0.807127 0.0191949 0.080605 0.807127 0.0191949 0.0822498 0.807842 0.0191949 0.0853307 0.807128 -0.172755 0.0853307 0.807128 -0.172755 0.0836956 0.807841 0.0191949 0.0836955 0.807841 0.0191949 0.158929 1 0.0191949 0.161081 0.998837 -0.172755 0.161081 0.998837 -0.172755 0.158929 1 0.0191949 0.157408 1 -0.172755 0.157408 1 0.0191949 0.155245 0.998139 -0.172755 0.155245 0.998139 0.019195 0.187789 0.709008 0.019195 0.186696 0.709346 -0.172755 0.186696 0.709346 -0.172755 0.187789 0.709008 0.019195 0.189182 0.709009 -0.172755 0.189182 0.709009 0.019195 0.189723 0.709176 -0.172755 0.189723 0.709176 0.019195 0.190146 0.709749 0.019195 0.189723 0.709176 -0.172755 0.189723 0.709176 -0.172755 0.190146 0.709749 -0.172755 0.190265 0.710111 0.019195 0.190265 0.710111 0.019195 0.190265 0.74773 -0.172755 0.190265 0.74773 0.019195 0.190009 0.748348 -0.172755 0.190009 0.748348 -0.172755 0.18939 0.748604 0.019195 0.18939 0.748604 0.019195 0.190009 0.748348 -0.172755 0.190009 0.748348 0.019195 0.158077 0.708882 0.019195 0.156441 0.710214 -0.172755 0.156441 0.710214 -0.172755 0.158076 0.708882 0.019195 0.159522 0.708883 -0.172755 0.159522 0.708883 -0.172755 0.161157 0.709596 0.019195 0.161157 0.709596 </float_array>
          <technique_common>
            <accessor count="92" offset="0" source="#meshId0-positions-array" stride="3">
              <param name="X" type="float" />
              <param name="Y" type="float" />
              <param name="Z" type="float" />
            </accessor>
          </technique_common>
        </source>
        <source id="meshId0-normals" name="meshId0-normals">
          <float_array id="meshId0-normals-array" count="276"> 2.25436e-11 -0.225213 0.97431 4.63434e-16 -0.39864 0.917107 4.63434e-16 -0.39864 0.917107 2.25436e-11 -0.225213 0.97431 4.31762e-16 0.519567 0.85443 3.12067e-11 0.155897 0.987773 3.12068e-11 0.155896 0.987773 4.31762e-16 0.519567 0.85443 -1.89059e-07 0.999899 -0.0141921 -1.79004e-07 0.999925 0.012246 -1.79004e-07 0.999925 0.012246 -1.89059e-07 0.999899 -0.0141921 3.86098e-16 0.64514 0.764064 3.86098e-16 0.64514 0.764064 1.44449e-16 0.958273 0.285855 1.44449e-16 0.958273 0.285855 -2.37075e-07 0.923876 -0.382692 -2.37075e-07 0.923876 -0.382692 5.46976e-08 0.382719 -0.923865 5.46976e-08 0.382719 -0.923865 5.46976e-08 0.382719 -0.923865 5.46976e-08 0.382719 -0.923865 4.81868e-16 -0.301118 0.953587 4.45031e-16 -0.473697 0.880688 4.45031e-16 -0.473697 0.880688 4.81868e-16 -0.301118 0.953587 4.44541e-16 0.475494 0.879719 4.44541e-16 0.475494 0.879719 4.81743e-16 0.301903 0.953339 4.81743e-16 0.301903 0.953339 -8.55285e-09 -0.225216 0.974309 -1.48877e-08 -0.398643 0.917106 -1.48877e-08 -0.398643 0.917106 -8.55284e-09 -0.225216 0.974309 4.63176e-16 0.399813 0.916597 4.63176e-16 0.399813 0.916597 -1.35665e-10 0.225714 0.974194 -1.35665e-10 0.225713 0.974194 -3.7904e-08 -0.301117 0.953587 -5.96279e-08 -0.473696 0.880689 -5.96279e-08 -0.473696 0.880689 -3.7904e-08 -0.301117 0.953587 -5.98544e-08 0.475495 0.879718 -5.98544e-08 0.475495 0.879718 -3.8003e-08 0.301904 0.953338 -3.8003e-08 0.301904 0.953338 -5.12971e-09 -0.225216 0.974309 -8.9132e-09 -0.398645 0.917105 -8.9132e-09 -0.398645 0.917105 -5.12971e-09 -0.225216 0.974309 4.10452e-08 0.399812 0.916597 4.10452e-08 0.399812 0.916597 2.30631e-08 0.225713 0.974194 2.30631e-08 0.225712 0.974194 4.81743e-16 0.301903 0.953339 4.44542e-16 0.475491 0.879721 4.44542e-16 0.475491 0.879721 4.81743e-16 0.301903 0.953339 4.51032e-16 -0.450919 0.892565 4.51032e-16 -0.450919 0.892565 3.8303e-16 -0.652264 0.757992 3.8303e-16 -0.652264 0.757992 -5.70225e-11 -0.134259 -0.990946 -4.82803e-16 -0.295191 -0.955438 -4.82803e-16 -0.295191 -0.955438 -5.70229e-11 -0.134258 -0.990946 1.34621e-09 0.0865736 -0.996246 1.34621e-09 0.0865736 -0.996246 4.86432e-09 0.295372 -0.955382 4.86432e-09 0.295372 -0.955382 -2.53265e-16 0.865334 -0.501195 -2.99922e-16 0.804815 -0.593526 -2.99922e-16 0.804815 -0.593526 -2.53263e-16 0.865336 -0.501192 6.77123e-08 0.999995 -0.00313632 6.77123e-08 0.999995 -0.00313647 6.91724e-08 0.999978 0.00669813 6.91724e-08 0.999978 0.00669813 1.09399e-07 0.923891 0.382655 1.09399e-07 0.923891 0.382655 -5.46974e-08 0.382675 0.923883 -5.46974e-08 0.382675 0.923883 -5.46974e-08 0.382675 0.923883 -5.46974e-08 0.382675 0.923883 1.30847e-07 -0.396576 -0.918002 2.08297e-07 -0.631378 -0.775475 2.08297e-07 -0.631378 -0.775475 1.30847e-07 -0.396577 -0.918002 -4.52226e-11 0.225717 -0.974193 -4.52226e-11 0.225717 -0.974193 -4.63176e-16 0.399813 -0.916597 -4.63176e-16 0.399813 -0.916597 </float_array>
          <technique_common>
            <accessor count="92" offset="0" source="#meshId0-normals-array" stride="3">
              <param name="X" type="float" />
              <param name="Y" type="float" />
              <param name="Z" type="float" />
            </accessor>
          </technique_common>
        </source>
        <source id="meshId0-tangents" name="meshId0-tangents">
          <float_array id="meshId0-tangents-array" count="276"> 1 -7.40319e-08 -1.71357e-08 1 -1.29812e-07 -5.64255e-08 1 1.84743e-16 -4.25019e-16 1 -7.41188e-08 -1.71558e-08 1 5.68189e-08 -3.45508e-08 1 7.55223e-08 -1.1951e-08 1 -7.539e-08 1.18669e-08 1 5.68404e-08 -3.45638e-08 1 1.91254e-07 1.5333e-07 1 1.79014e-07 2.909e-10 1 1.79003e-07 1.23913e-09 1 1.89071e-07 -4.79884e-10 1 -2.49087e-16 -2.95004e-16 1 9.04065e-08 -7.6335e-08 1 1.26541e-08 -4.24204e-08 1 -1.38421e-16 -4.12913e-17 1 3.28816e-07 1.74319e-07 1 2.41961e-07 -3.53639e-08 1 -1.31006e-07 4.93504e-09 1 8.83591e-08 9.58088e-08 1 8.88495e-08 9.60119e-08 1 -1.30515e-07 5.1382e-09 -1 1.8634e-07 5.88412e-08 -1 1.18586e-07 6.37842e-08 -1 -1.04985e-07 -5.64685e-08 -1 1.57632e-08 4.97759e-09 -1 1.04917e-07 -5.67081e-08 -1 2.08783e-07 -1.12849e-07 -1 2.33215e-07 -7.38544e-08 -1 1.27084e-07 -4.02448e-08 1 1.92281e-07 5.32249e-08 1 1.02092e-07 6.06102e-08 1 -1.15264e-07 -3.3869e-08 1 -1.78912e-09 8.3648e-09 1 1.09132e-07 -4.76029e-08 1 2.69907e-07 -1.17732e-07 1 2.76617e-07 -6.39509e-08 1 1.1447e-07 -2.63827e-08 -1 1.38107e-07 3.8617e-09 -1 1.92953e-07 3.60779e-08 -1 1.33232e-07 3.95554e-09 -1 1.57031e-07 9.83731e-09 -1 -2.84605e-08 -5.2655e-08 -1 3.08917e-08 -8.47353e-08 -1 5.894e-08 -5.85283e-08 -1 7.79936e-08 -6.45622e-08 1 -1.47491e-07 -2.88283e-08 1 -2.4037e-08 -7.29513e-10 1 1.05773e-07 5.56959e-08 1 3.84058e-08 1.41427e-08 1 9.2619e-08 -8.51796e-08 1 -2.54093e-07 6.60531e-08 1 -2.66247e-07 3.80131e-08 1 3.30565e-08 -3.13329e-08 1 -1.91482e-08 6.06385e-09 1 -2.24781e-07 1.21495e-07 1 -1.94454e-07 1.05103e-07 1 -2.21848e-07 7.02547e-08 1 2.49419e-07 1.26005e-07 1 -5.12798e-09 -2.59063e-09 1 2.71085e-07 2.33273e-07 1 1.8158e-07 1.56252e-07 1 1.80433e-08 -2.50215e-09 1 2.77322e-08 -8.56813e-09 1 -1.42519e-16 -4.61289e-16 1 1.77675e-08 -2.46476e-09 1 -1.16546e-10 1.34116e-09 1 1.76921e-08 2.88873e-09 1 -1.43678e-09 4.64728e-09 1 -1.43678e-09 4.64728e-09 1 -5.89468e-08 -1.01774e-07 1 -7.05914e-08 -9.57211e-08 1 2.41381e-16 -1.78011e-16 1 -1.06363e-10 -1.83642e-10 1 -6.7712e-08 2.12367e-10 1 -6.78897e-08 -5.64446e-08 1 -6.87983e-08 -5.60806e-08 1 -6.91708e-08 -4.63325e-10 1 -3.27283e-08 -2.06874e-07 1 -1.00919e-07 -4.22335e-08 1 -8.94513e-08 9.62548e-08 1 2.62725e-07 -4.96177e-08 1 2.63512e-07 -4.99439e-08 1 -8.86601e-08 9.59271e-08 1 2.14159e-07 5.00183e-08 1 4.09664e-07 -6.49359e-08 1 1.32437e-07 1.60778e-07 1 2.62158e-07 2.92828e-08 1 -7.9933e-08 -1.85666e-08 1 2.19583e-07 5.083e-08 1 1.85184e-16 -4.24546e-16 1 -8.75301e-08 -3.818e-08 </float_array>
          <technique_common>
            <accessor count="92" offset="0" source="#meshId0-tangents-array" stride="3">
              <param name="X" type="float" />
              <param name="Y" type="float" />
              <param name="Z" type="float" />
            </accessor>
          </technique_common>
        </source>
        <source id="meshId0-bitangents" name="meshId0-bitangents">
          <float_array id="meshId0-bitangents-array" count="276"> 7.59892e-08 0.974309 0.225213 1.41545e-07 0.917107 0.39864 -1.32349e-23 0.917107 0.39864 7.60784e-08 0.97431 0.225213 -6.64992e-08 0.85443 -0.519567 -7.64621e-08 0.987773 -0.155897 7.63183e-08 0.987773 -0.155896 -6.65244e-08 0.85443 -0.519567 1.56029e-07 -0.0141921 -0.999899 -1.90132e-09 0.012246 -0.999925 -9.53023e-10 0.012246 -0.999925 2.20347e-09 -0.0141921 -0.999899 -1.32349e-23 0.764064 -0.64514 -1.18323e-07 0.764064 -0.64514 -4.42675e-08 0.285855 -0.958273 0 0.285855 -0.958273 2.86884e-07 -0.382692 -0.923876 5.99246e-08 -0.382692 -0.923876 -1.19143e-07 -0.923865 -0.382719 1.183e-07 -0.923865 -0.382719 1.18831e-07 -0.923865 -0.382719 -1.18612e-07 -0.923865 -0.382719 -1.95409e-07 -0.953587 -0.301118 -1.34652e-07 -0.880688 -0.473697 1.19208e-07 -0.880688 -0.473697 -1.65304e-08 -0.953587 -0.301118 -1.19261e-07 -0.879719 0.475494 -2.37329e-07 -0.879719 0.475494 -2.4463e-07 -0.953339 0.301903 -1.33304e-07 -0.953339 0.301903 -1.99328e-07 0.974309 0.225216 -1.17791e-07 0.917106 0.398643 1.19211e-07 0.917106 0.398643 -1.40727e-10 0.974309 0.225216 -1.19063e-07 0.916597 -0.399813 -2.94467e-07 0.916597 -0.399813 -2.83913e-07 0.974194 -0.225714 -1.17471e-07 0.974194 -0.225713 -1.3286e-07 -0.953587 -0.301117 -1.87022e-07 -0.880689 -0.473696 -1.1921e-07 -0.880689 -0.473696 -1.52705e-07 -0.953587 -0.301117 1.77636e-15 -0.879718 0.475495 -6.74673e-08 -0.879718 0.475495 -7.38597e-08 -0.953338 0.301904 -9.38459e-08 -0.953338 0.301904 1.50194e-07 0.974309 0.225216 2.23353e-08 0.917105 0.398645 -1.19207e-07 0.917105 0.398645 -4.06043e-08 0.974309 0.225216 -1.1895e-07 0.916597 -0.399812 2.5931e-07 0.916597 -0.399812 2.67956e-07 0.974194 -0.225713 -3.92757e-08 0.974194 -0.225712 2.00854e-08 0.953339 -0.301903 2.55514e-07 0.879721 -0.475491 2.21041e-07 0.879721 -0.475491 2.32706e-07 0.953339 -0.301903 -2.79441e-07 0.892565 0.450919 5.74522e-09 0.892565 0.450919 -3.57636e-07 0.757992 0.652264 -2.39554e-07 0.757992 0.652264 1.82159e-08 -0.990946 0.134259 2.90257e-08 -0.955438 0.295191 0 -0.955438 0.295191 1.79375e-08 -0.990946 0.134258 0 -0.996246 -0.0865736 1.78758e-08 -0.996246 -0.0865736 0 -0.955382 -0.295372 -2.22045e-16 -0.955382 -0.295372 -1.17612e-07 -0.501195 -0.865334 -1.18936e-07 -0.593526 -0.804815 0 -0.593526 -0.804815 -2.12221e-10 -0.501192 -0.865336 -1.38778e-17 -0.00313632 -0.999995 -5.66572e-08 -0.00313647 -0.999995 -5.56185e-08 0.00669813 -0.999978 -2.77556e-17 0.00669813 -0.999978 -1.78605e-07 0.382655 -0.923891 -4.02267e-10 0.382655 -0.923891 1.19477e-07 0.923883 -0.382675 -2.61715e-07 0.923883 -0.382675 -2.62567e-07 0.923883 -0.382675 1.1862e-07 0.923883 -0.382675 1.76762e-07 -0.918002 0.396576 3.58683e-07 -0.775475 0.631378 1.18991e-09 -0.775475 0.631378 2.29049e-07 -0.918002 0.396577 -8.2061e-08 -0.974193 -0.225717 2.25389e-07 -0.974193 -0.225717 0 -0.916597 -0.399813 -9.54947e-08 -0.916597 -0.399813 </float_array>
          <technique_common>
            <accessor count="92" offset="0" source="#meshId0-bitangents-array" stride="3">
              <param name="X" type="float" />
              <param name="Y" type="float" />
              <param name="Z" type="float" />
            </accessor>
          </technique_common>
        </source>
        <source id="meshId0-tex0" name="meshId0-tex0">
          <float_array id="meshId0-tex0-array" count="184"> 0.999999 -0.826308 0.999999 -0.83098 1.5 -0.83098 1.5 -0.826308 0.999999 -0.820219 0.999999 -0.822542 1.5 -0.822542 1.5 -0.820219 0.999999 -0.770763 0.999999 -0.816162 1.5 -0.816162 1.5 -0.770763 0.999999 -0.81819 1.5 -0.81819 0.999999 -0.81819 1.5 -0.81819 0.999999 -0.76902 1.5 -0.76902 1.5 -0.767277 0.999999 -0.767277 0.999999 -0.76902 1.5 -0.76902 2 -0.972214 2 -0.965817 1.5 -0.965816 1.5 -0.972214 1.5 -0.98255 2 -0.98255 2 -0.976177 1.5 -0.976177 1 -0.901871 1 -0.906542 1.5 -0.906542 1.5 -0.901871 1.5 -0.893458 1 -0.893458 1 -0.898104 1.5 -0.898105 2 -0.972214 2 -0.965816 1.5 -0.965816 1.5 -0.972214 1.5 -0.98255 2 -0.98255 2 -0.976177 1.5 -0.976177 1 -0.901871 1 -0.906542 1.5 -0.906542 1.5 -0.901871 1.5 -0.893458 1 -0.893458 1 -0.898105 1.5 -0.898105 1.5 -0.852027 1.5 -0.845654 0.999998 -0.845654 0.999998 -0.852028 1.5 -0.85599 0.999998 -0.85599 1.5 -0.863423 0.999998 -0.863423 1.5 -0.642678 1.5 -0.6397 1 -0.6397 1 -0.642677 1.5 -0.646307 1 -0.646307 1.5 -0.647783 1 -0.647783 1.5 -0.649637 1.5 -0.647783 1 -0.647783 1 -0.649637 1 -0.65063 1.5 -0.65063 1.5 -0.748619 1 -0.748619 1.5 -0.750363 1 -0.750363 1 -0.752107 1.5 -0.752107 1.5 -0.750363 1 -0.750363 1.5 -0.598541 1.5 -0.593047 1 -0.593047 1 -0.598541 1.5 -0.602307 1 -0.602306 1 -0.606953 1.5 -0.606953 </float_array>
          <technique_common>
            <accessor count="92" offset="0" source="#meshId0-tex0-array" stride="2">
              <param name="S" type="float" />
              <param name="T" type="float" />
            </accessor>
          </technique_common>
        </source>
        <vertices id="meshId0-vertices">
          <input semantic="POSITION" source="#meshId0-positions" />
        </vertices>
        <polylist count="68" material="defaultMaterial">
          <input offset="0" semantic="VERTEX" source="#meshId0-vertices" />
          <input offset="0" semantic="NORMAL" source="#meshId0-normals" />
          <input offset="0" semantic="TANGENT" source="#meshId0-tangents" />
          <input offset="0" semantic="BINORMAL" source="#meshId0-bitangents" />
          <input offset="0" semantic="TEXCOORD" source="#meshId0-tex0" set="0" />
          <vcount>3 3 3 3 3 3 3 3 3 3 3 3 3 3 3 3 3 3 3 3 3 3 3 3 3 3 3 3 3 3 3 3 3 3 3 3 3 3 3 3 3 3 3 3 3 3 3 3 3 3 3 3 3 3 3 3 3 3 3 3 3 3 3 3 3 3 3 3 </vcount>
          <p>3 0 1 1 2 3 7 4 5 5 6 7 6 5 0 0 3 6 11 8 9 9 10 11 13 12 4 4 7 13 10 9 14 14 15 10 17 16 8 8 11 17 21 18 19 19 20 21 25 22 23 23 24 25 29 26 27 27 28 29 29 28 22 22 25 29 33 30 31 31 32 33 37 34 35 35 36 37 37 36 30 30 33 37 41 38 39 39 40 41 45 42 43 43 44 45 45 44 38 38 41 45 49 46 47 47 48 49 53 50 51 51 52 53 53 52 46 46 49 53 57 54 55 55 56 57 59 58 54 54 57 59 61 60 58 58 59 61 65 62 63 63 64 65 67 66 62 62 65 67 69 68 66 66 67 69 73 70 71 71 72 73 73 74 75 75 70 73 77 76 75 75 74 77 79 78 76 76 77 79 83 80 81 81 82 83 87 84 85 85 86 87 89 88 84 84 87 89 89 90 91 91 88 89 </p>
        </polylist>
      </mesh>
    </geometry>
    <geometry id="meshId1" name="meshId1_name" >
      <mesh>
        <source id="meshId1-positions" name="meshId1-positions">
          <float_array id="meshId1-positions-array" count="228"> 0.0191949 -0.0195401 0.806828 -0.172755 -0.0195401 0.806828 -0.172755 -0.054497 0.806828 0.0191949 -0.054497 0.806828 0.0191949 0.0853307 0.806828 -0.172755 0.0853307 0.806828 -0.172755 0.0503738 0.806828 0.0191949 0.0503738 0.806828 0.0191949 0.148872 0.998139 0.0191949 0.155245 0.998139 -0.172755 0.155245 0.998139 -0.172755 0.148872 0.998139 0.0191949 0.147949 0.997756 -0.172755 0.147949 0.997756 0.0191949 0.147567 0.996834 0.0191949 0.147949 0.997756 -0.172755 0.147949 0.997756 -0.172755 0.147567 0.996834 0.0191949 0.147567 0.810028 -0.172755 0.147567 0.810028 0.0191949 0.146442 0.807313 -0.172755 0.146442 0.807313 -0.172755 0.158009 0.99886 0.0191949 0.158009 0.99886 0.0191949 0.187106 0.99911 -0.172755 0.187106 0.99911 -0.172755 -0.18959 0.643291 0.019195 -0.18959 0.643291 0.019195 -0.190265 0.644919 -0.172755 -0.190265 0.644919 -0.172755 -0.187962 0.642616 0.019195 -0.187962 0.642616 0.019195 -0.18959 0.643291 -0.172755 -0.18959 0.643291 0.019195 0.0963005 0.642616 -0.172755 0.0963005 0.642616 -0.172755 0.097419 0.643079 0.019195 0.097419 0.643079 -0.172755 0.0978823 0.644198 0.019195 0.0978823 0.644198 0.019195 0.097419 0.643079 -0.172755 0.097419 0.643079 -0.172755 0.0978823 0.655531 0.019195 0.0978823 0.655531 0.019195 0.0978823 0.752054 0.019195 0.0978823 0.746703 -0.172755 0.0978823 0.746703 -0.172755 0.0978823 0.752054 -0.172755 0.0983456 0.753172 0.019195 0.0983456 0.753172 -0.172755 0.0994642 0.753636 0.019195 0.0994642 0.753636 0.019195 0.0983456 0.753172 -0.172755 0.0983456 0.753172 0.019195 0.144977 0.753636 -0.172755 0.144977 0.753636 0.019195 0.146095 0.753172 -0.172755 0.146095 0.753172 -0.172755 0.146558 0.752054 0.019195 0.146558 0.752054 0.019195 0.146095 0.753172 -0.172755 0.146095 0.753172 0.019195 0.146558 0.711796 -0.172755 0.146558 0.711796 -0.172755 0.147022 0.710677 0.019195 0.147022 0.710677 -0.172755 0.14814 0.710214 0.019195 0.14814 0.710214 0.019195 0.147022 0.710677 -0.172755 0.147022 0.710677 0.019195 0.156441 0.710214 -0.172755 0.156441 0.710214 -0.172755 0.188081 0.709896 0.0191949 0.188081 0.709896 0.0191949 0.160024 0.709896 -0.172755 0.160024 0.709896 </float_array>
          <technique_common>
            <accessor count="76" offset="0" source="#meshId1-positions-array" stride="3">
              <param name="X" type="float" />
              <param name="Y" type="float" />
              <param name="Z" type="float" />
            </accessor>
          </technique_common>
        </source>
        <source id="meshId1-normals" name="meshId1-normals">
          <float_array id="meshId1-normals-array" count="228"> -2.98023e-10 0 1 -2.98023e-10 0 1 -2.98023e-10 0 1 -2.98023e-10 0 1 -2.98023e-10 0 1 -2.98023e-10 0 1 -2.98023e-10 0 1 -2.98023e-10 0 1 -6.03079e-09 -0.0523219 0.99863 5.05322e-16 0 1 5.05322e-16 0 1 -6.03079e-09 -0.0523219 0.99863 -4.41077e-08 -0.382669 0.923885 -4.41077e-08 -0.382669 0.923886 2.14525e-09 -0.999998 0.00203619 1.93372e-16 -0.923885 0.382671 1.93372e-16 -0.923885 0.382671 2.14525e-09 -0.999998 0.00203619 2.12494e-09 -0.999982 0.00593222 2.12494e-09 -0.999982 0.00593222 1.93377e-16 -0.923881 0.382681 1.93377e-16 -0.923881 0.382681 3.7747e-08 -0.0085848 0.999963 3.7747e-08 -0.0085848 0.999963 3.7747e-08 -0.0085848 0.999963 3.7747e-08 -0.0085848 0.999963 -1.46035e-08 -0.923879 -0.382686 -1.46035e-08 -0.923879 -0.382686 -1.46035e-08 -0.923879 -0.382686 -1.46035e-08 -0.923879 -0.382686 -3.79296e-08 -0.00235963 -0.999997 -3.79296e-08 -0.00235963 -0.999997 -4.66857e-16 -0.382682 -0.92388 -4.66857e-16 -0.382682 -0.92388 -3.79974e-08 0.00162337 -0.999999 -3.79974e-08 0.00162339 -0.999999 -4.66857e-16 0.38268 -0.923881 -4.66857e-16 0.38268 -0.923881 -1.87894e-17 0.999308 -0.037183 -1.87894e-17 0.999308 -0.037183 -1.93375e-16 0.923882 -0.382677 -1.93375e-16 0.923882 -0.382677 0 1 0 0 1 0 -3.60958e-17 0.997446 -0.0714314 0 1 0 0 1 0 -3.60962e-17 0.997446 -0.0714321 -1.93377e-16 0.923881 -0.382681 -1.93377e-16 0.923881 -0.382681 -5.05297e-16 0.00993526 -0.999951 -5.05297e-16 0.00993526 -0.999951 -4.66856e-16 0.382683 -0.92388 -4.66856e-16 0.382683 -0.92388 -5.05297e-16 -0.00993497 -0.999951 -5.05297e-16 -0.00993496 -0.999951 -4.66857e-16 -0.38268 -0.923881 -4.66857e-16 -0.38268 -0.923881 1.97262e-07 -0.999937 -0.0111968 1.97262e-07 -0.999937 -0.011197 -1.93376e-16 -0.923881 -0.38268 -1.93376e-16 -0.923881 -0.38268 1.97262e-07 -0.999937 -0.0111963 1.97262e-07 -0.999937 -0.0111964 -1.93368e-16 -0.923888 -0.382664 -1.93368e-16 -0.923888 -0.382664 -5.04711e-16 -0.0491267 -0.998793 -5.04711e-16 -0.0491266 -0.998793 -4.66857e-16 -0.38268 -0.923881 -4.66857e-16 -0.38268 -0.923881 -5.05322e-16 1.12913e-06 -1 -5.05322e-16 1.12913e-06 -1 -1.90736e-08 0 -1 -1.90736e-08 0 -1 -1.90736e-08 0 -1 -1.90736e-08 0 -1 </float_array>
          <technique_common>
            <accessor count="76" offset="0" source="#meshId1-normals-array" stride="3">
              <param name="X" type="float" />
              <param name="Y" type="float" />
              <param name="Z" type="float" />
            </accessor>
          </technique_common>
        </source>
        <source id="meshId1-tangents" name="meshId1-tangents">
          <float_array id="meshId1-tangents-array" count="228"> 1 0 2.98023e-10 1 -4.24559e-07 2.98023e-10 1 -4.79555e-07 2.98023e-10 1 -5.4996e-08 2.98023e-10 1 0 2.98023e-10 1 -4.12767e-07 2.98023e-10 1 -4.66235e-07 2.98023e-10 1 -5.34685e-08 2.98023e-10 1 -3.15542e-10 6.02253e-09 1 1.00754e-08 -5.05322e-16 1 4.76837e-07 -5.05322e-16 1 2.32433e-07 1.82171e-08 1 -1.68787e-08 4.07505e-08 1 -1.68787e-08 4.07505e-08 1 1.89832e-09 -1.21275e-07 1 1.78653e-16 -7.39977e-17 1 1.78653e-16 -7.39977e-17 1 2.14525e-09 -4.36815e-12 1 6.98758e-10 -2.40415e-07 1 1.20084e-10 -3.37961e-07 1 1.78657e-16 -7.40018e-17 1 -1.807e-07 -4.36251e-07 1 -4.79777e-07 -4.18673e-08 1 -4.56579e-08 -3.81403e-08 1 3.2405e-10 -3.77456e-08 1 -4.33795e-07 -4.14725e-08 1 -1.34919e-08 -5.58856e-09 1 -1.34919e-08 -5.58856e-09 1 -1.34919e-08 -5.58856e-09 1 -1.34919e-08 -5.58856e-09 1 8.60355e-07 -3.99598e-08 1 7.71989e-07 -3.97513e-08 1 7.16149e-07 -2.96638e-07 1 8.25352e-07 -3.41871e-07 1 6.87753e-07 -3.6881e-08 1 7.21904e-07 -3.68255e-08 1 6.60682e-07 2.7366e-07 1 5.51366e-07 2.28381e-07 1 2.36229e-08 6.34876e-07 1 2.57353e-08 6.91647e-07 1 2.73801e-07 6.61028e-07 1 2.73801e-07 6.61028e-07 1 0 5.95801e-07 1 0 7.09497e-07 1 -8.28392e-09 -1.15674e-07 1 0 -1.17096e-07 1 0 0 1 -9.0547e-11 -1.26436e-09 1 1.78657e-16 -7.40017e-17 1 -4.54106e-08 -1.09632e-07 1 -2.29688e-07 -2.28213e-09 1 -2.29688e-07 -2.28213e-09 1 -2.20067e-07 -9.11549e-08 1 -2.20067e-07 -9.11549e-08 1 -1.74693e-07 1.73565e-09 1 -2.29774e-07 2.28291e-09 1 -1.10136e-07 4.56193e-08 1 -2.19825e-07 9.10534e-08 1 1.9725e-07 2.20871e-09 1 1.97258e-07 1.45396e-09 1 -1.78657e-16 -7.40012e-17 1 -1.78657e-16 -7.40012e-17 1 1.9727e-07 4.70106e-10 1 1.97251e-07 2.09101e-09 1 -1.78651e-16 -7.39951e-17 1 2.26508e-08 -5.46871e-08 1 -4.62091e-07 2.27284e-08 1 6.79328e-08 -3.34134e-09 1 -1.78657e-16 -4.3132e-16 1 -4.38855e-07 1.81778e-07 1 1.55261e-07 1.74804e-13 1 -4.59443e-07 -5.19275e-13 1 -1.19498e-06 -1.90736e-08 1 -1.2703e-06 -1.90736e-08 1 -1.27797e-06 -1.90736e-08 1 -1.20265e-06 -1.90736e-08 </float_array>
          <technique_common>
            <accessor count="76" offset="0" source="#meshId1-tangents-array" stride="3">
              <param name="X" type="float" />
              <param name="Y" type="float" />
              <param name="Z" type="float" />
            </accessor>
          </technique_common>
        </source>
        <source id="meshId1-bitangents" name="meshId1-bitangents">
          <float_array id="meshId1-bitangents-array" count="228"> 0 1 -0 4.24559e-07 1 1.26528e-16 4.79555e-07 1 1.42918e-16 5.4996e-08 1 1.63901e-17 0 1 -0 4.12767e-07 1 1.23014e-16 4.66235e-07 1 1.38949e-16 5.34685e-08 1 1.59348e-17 -5.55112e-17 0.99863 0.0523219 -1.00754e-08 1 5.0913e-24 -4.76837e-07 1 2.40956e-22 -2.33068e-07 0.99863 0.0523218 0 0.923885 0.382669 -1.77636e-15 0.923886 0.382669 1.2127e-07 0.00203619 0.999998 6.61744e-24 0.382671 0.923885 -6.61744e-24 0.382671 0.923885 -4.33681e-19 0.00203619 0.999998 2.40407e-07 0.00593222 0.999982 3.37954e-07 0.00593222 0.999982 0 0.382681 0.923881 4.72194e-07 0.382681 0.92388 4.80119e-07 0.999963 0.0085848 4.59837e-08 0.999963 0.0085848 2.77556e-17 0.999963 0.0085848 4.34135e-07 0.999963 0.0085848 0 -0.382686 0.923879 0 -0.382686 0.923879 0 -0.382686 0.923879 -4.44089e-16 -0.382686 0.923879 8.60447e-07 -0.999997 0.00235963 7.72081e-07 -0.999997 0.00235963 7.75154e-07 -0.92388 0.382682 8.93354e-07 -0.92388 0.382682 6.87692e-07 -0.999999 -0.00162337 7.21843e-07 -0.999999 -0.00162339 7.15116e-07 -0.923881 -0.38268 5.96793e-07 -0.923881 -0.38268 6.35315e-07 -0.037183 -0.999308 6.92125e-07 -0.037183 -0.999308 7.1549e-07 -0.382677 -0.923882 7.1549e-07 -0.382677 -0.923882 5.95801e-07 0 -1 7.09497e-07 0 -1 -1.1597e-07 -0.0714314 -0.997446 -1.17096e-07 0 -1 0 0 -1 -1.2676e-09 -0.0714321 -0.997446 6.61744e-24 -0.382681 -0.923881 -1.18664e-07 -0.382681 -0.923881 -2.297e-07 -0.999951 -0.00993526 -2.297e-07 -0.999951 -0.00993526 -2.38199e-07 -0.92388 -0.382683 -2.38199e-07 -0.92388 -0.382683 -1.74702e-07 -0.999951 0.00993497 -2.29785e-07 -0.999951 0.00993496 -1.1921e-07 -0.923881 0.38268 -2.37936e-07 -0.923881 0.38268 0 -0.0111968 0.999937 7.54827e-10 -0.011197 0.999937 0 -0.38268 0.923881 -6.61744e-24 -0.38268 0.923881 1.73861e-09 -0.0111963 0.999937 1.17631e-10 -0.0111964 0.999937 0 -0.382664 0.923888 5.91924e-08 -0.382664 0.923888 -4.6265e-07 -0.998793 0.0491267 6.80149e-08 -0.998793 0.0491266 1.32349e-23 -0.923881 0.38268 -4.75012e-07 -0.923881 0.38268 1.55261e-07 -1 -1.12913e-06 -4.59443e-07 -1 -1.12913e-06 -1.19498e-06 -1 2.27926e-14 -1.2703e-06 -1 2.42292e-14 -1.27797e-06 -1 2.43755e-14 -1.20265e-06 -1 2.29389e-14 </float_array>
          <technique_common>
            <accessor count="76" offset="0" source="#meshId1-bitangents-array" stride="3">
              <param name="X" type="float" />
              <param name="Y" type="float" />
              <param name="Z" type="float" />
            </accessor>
          </technique_common>
        </source>
        <source id="meshId1-tex0" name="meshId1-tex0">
          <float_array id="meshId1-tex0-array" count="152"> -0.500001 -2.05447 -1 -2.05447 -1 -2.14553 -0.500001 -2.14553 -0.5 -2.20447 -1 -2.20447 -1 -2.29553 -0.5 -2.29553 -0.5 -1.27858 -0.5 -1.26198 -1 -1.26198 -1 -1.27858 -0.5 -1.28118 -1 -1.28118 -0.5 -1.28378 -0.5 -1.28118 -1 -1.28118 -1 -1.28378 -0.5 -1.77038 -1 -1.77038 -0.5 -1.77804 -1 -1.77804 -1 -1.9379 -0.500001 -1.9379 -0.500001 -1.8621 -1 -1.8621 -0.999998 -0.0232736 -0.500003 -0.0232736 -0.500002 -0.0186818 -0.999998 -0.0186818 -1.00032 -0.0406684 -0.500321 -0.040668 -0.500321 -0.0360762 -1.00032 -0.0360766 -0.50032 -0.781128 -1.00032 -0.781128 -1.00032 -0.784282 -0.50032 -0.784282 -1.00032 -0.787436 -0.50032 -0.787435 -0.50032 -0.784282 -1.00032 -0.784282 -1.00032 -0.816956 -0.50032 -0.816955 -0.499999 -0.843387 -0.499999 -0.82945 -0.999999 -0.82945 -0.999999 -0.843387 -0.999999 -0.846541 -0.499999 -0.846541 -1 -0.86495 -0.5 -0.86495 -0.5 -0.861796 -1 -0.861796 -0.5 -0.983503 -1 -0.983502 -0.5 -0.986656 -1 -0.986656 -1 -1.01793 -0.5 -1.01793 -0.5 -1.01478 -1 -1.01478 -0.5 -1.1228 -1 -1.1228 -1 -1.12595 -0.5 -1.12595 -1 -1.1291 -0.5 -1.1291 -0.5 -1.12595 -1 -1.12595 -0.5 -1.15073 -1 -1.15073 -1 -1.23394 -0.5 -1.23394 -0.5 -1.16086 -1 -1.16086 </float_array>
          <technique_common>
            <accessor count="76" offset="0" source="#meshId1-tex0-array" stride="2">
              <param name="S" type="float" />
              <param name="T" type="float" />
            </accessor>
          </technique_common>
        </source>
        <vertices id="meshId1-vertices">
          <input semantic="POSITION" source="#meshId1-positions" />
        </vertices>
        <polylist count="50" material="defaultMaterial">
          <input offset="0" semantic="VERTEX" source="#meshId1-vertices" />
          <input offset="0" semantic="NORMAL" source="#meshId1-normals" />
          <input offset="0" semantic="TANGENT" source="#meshId1-tangents" />
          <input offset="0" semantic="BINORMAL" source="#meshId1-bitangents" />
          <input offset="0" semantic="TEXCOORD" source="#meshId1-tex0" set="0" />
          <vcount>3 3 3 3 3 3 3 3 3 3 3 3 3 3 3 3 3 3 3 3 3 3 3 3 3 3 3 3 3 3 3 3 3 3 3 3 3 3 3 3 3 3 3 3 3 3 3 3 3 3 </vcount>
          <p>3 0 1 1 2 3 7 4 5 5 6 7 11 8 9 9 10 11 13 12 8 8 11 13 17 14 15 15 16 17 19 18 14 14 17 19 21 20 18 18 19 21 25 22 23 23 24 25 29 26 27 27 28 29 33 30 31 31 32 33 35 34 31 31 30 35 35 36 37 37 34 35 41 38 39 39 40 41 38 42 43 43 39 38 47 44 45 45 46 47 47 48 49 49 44 47 53 50 51 51 52 53 55 54 51 51 50 55 57 56 54 54 55 57 61 58 59 59 60 61 63 62 59 59 58 63 63 64 65 65 62 63 69 66 67 67 68 69 71 70 67 67 66 71 75 72 73 73 74 75 </p>
        </polylist>
      </mesh>
    </geometry>
    <geometry id="meshId2" name="meshId2_name" >
      <mesh>
        <source id="meshId2-positions" name="meshId2-positions">
          <float_array id="meshId2-positions-array" count="285"> -0.00980981 -0.127056 0.640711 -0.00885758 -0.127048 0.641664 -0.00885758 -0.146722 0.641664 -0.00980983 -0.145769 0.640711 -0.00980981 -0.0255186 0.640711 -0.00885758 -0.0255262 0.641664 -0.0356478 -0.146722 0.641664 -0.0356375 -0.145769 0.640711 -0.117912 -0.146722 0.641664 -0.117922 -0.145769 0.640711 -0.0344852 -0.128211 0.640711 -0.0354374 -0.127259 0.641664 -0.0354375 -0.0253158 0.641664 -0.0344852 -0.0243636 0.640711 -0.119075 -0.128211 0.640711 -0.118122 -0.127259 0.641664 -0.119075 -0.0243636 0.640711 -0.118122 -0.0253158 0.641664 -0.144702 -0.146722 0.641664 -0.14375 -0.145769 0.640711 -0.144702 -0.127048 0.641664 -0.14375 -0.127056 0.640711 -0.144702 -0.0255262 0.641664 -0.14375 -0.0255186 0.640711 -0.00980978 -0.00522921 0.640711 -0.00885758 -0.00522167 0.641664 -0.144702 -0.00522167 0.641664 -0.14375 -0.00522921 0.640711 -0.00980978 0.0556992 0.640711 -0.00885758 0.0556916 0.641664 -0.0344852 -0.00638427 0.640711 -0.0354375 -0.00543203 0.641664 -0.0354375 0.055902 0.641664 -0.0344852 0.0568543 0.640711 -0.119075 -0.00638427 0.640711 -0.118122 -0.00543203 0.641664 -0.119075 0.0568543 0.640711 -0.118122 0.055902 0.641664 -0.144702 0.0556916 0.641664 -0.14375 0.0556992 0.640711 -0.00980981 0.0744127 0.640711 -0.00885758 0.075365 0.641664 -0.144702 0.075365 0.641664 -0.14375 0.0744127 0.640711 -0.0356375 0.0744127 0.640711 -0.0356478 0.075365 0.641664 -0.117922 0.0744127 0.640711 -0.117912 0.075365 0.641664 -0.00885758 -0.146722 0.641664 -0.00885758 -0.127048 0.641664 -0.00885758 -0.127048 0.642616 -0.00885758 -0.146722 0.642616 -0.00885758 -0.146722 0.641664 -0.00885758 -0.146722 0.642616 -0.0356478 -0.146722 0.642616 -0.118122 -0.127259 0.642616 -0.0354374 -0.127259 0.642616 -0.117912 -0.146722 0.642616 -0.144702 -0.146722 0.642616 -0.144702 -0.127048 0.641664 -0.144702 -0.146722 0.641664 -0.144702 -0.146722 0.642616 -0.144702 -0.127048 0.642616 -0.00885758 -0.0255262 0.641664 -0.00885758 -0.0255262 0.642616 -0.118122 -0.0253158 0.642616 -0.118122 -0.127259 0.642616 -0.0354374 -0.127259 0.642616 -0.0354375 -0.0253158 0.642616 -0.144702 -0.0255262 0.642616 -0.00885758 -0.00522167 0.642616 -0.118122 -0.00543203 0.642616 -0.0354375 -0.00543203 0.642616 -0.0354375 -0.0253158 0.642616 -0.118122 -0.0253158 0.642616 -0.144702 -0.00522167 0.642616 -0.00885758 0.0556916 0.642616 -0.118122 0.055902 0.642616 -0.118122 -0.00543203 0.642616 -0.0354375 -0.00543203 0.642616 -0.0354375 0.055902 0.642616 -0.144702 0.0556916 0.641664 -0.144702 0.0556916 0.642616 -0.00885758 0.075365 0.641664 -0.0356478 0.075365 0.642616 -0.00885758 0.075365 0.642616 -0.00885758 0.075365 0.641664 -0.00885758 0.075365 0.642616 -0.117912 0.075365 0.642616 -0.0354375 0.055902 0.642616 -0.118122 0.055902 0.642616 -0.144702 0.075365 0.641664 -0.144702 0.075365 0.642616 -0.144702 0.075365 0.641664 -0.144702 0.075365 0.642616 </float_array>
          <technique_common>
            <accessor count="95" offset="0" source="#meshId2-positions-array" stride="3">
              <param name="X" type="float" />
              <param name="Y" type="float" />
              <param name="Z" type="float" />
            </accessor>
          </technique_common>
        </source>
        <source id="meshId2-normals" name="meshId2-normals">
          <float_array id="meshId2-normals-array" count="285"> 0.0361743 -1.09095e-07 -0.999346 0.894587 3.16314e-08 -0.446894 0.523955 -0.71525 -0.462481 0.0489447 -0.0670904 -0.996546 0.0363331 -1.47947e-07 -0.99934 0.894243 -8.46638e-08 -0.447583 -1.50735e-08 -0.894618 -0.446832 -1.70542e-09 -0.0498168 -0.998758 1.50736e-08 -0.894618 -0.446832 1.70542e-09 -0.0498171 -0.998758 -0.0133564 0.0108564 -0.999852 -0.599677 0.487004 -0.634992 -0.599678 -0.487002 -0.634993 -0.0130271 -0.0105887 -0.999859 0.0133564 0.0108563 -0.999852 0.599677 0.487004 -0.634992 0.0130271 -0.0105886 -0.999859 0.599678 -0.487002 -0.634993 -0.523955 -0.715249 -0.462482 -0.0489448 -0.0670916 -0.996546 -0.894586 -4.97603e-07 -0.446897 -0.0361743 -1.42979e-07 -0.999346 -0.894241 -4.88798e-07 -0.447586 -0.0363331 -1.38719e-08 -0.99934 0.0365148 2.21855e-07 -0.999333 0.894293 -4.55722e-08 -0.447481 -0.894294 -4.80107e-07 -0.44748 -0.0365149 -1.01259e-08 -0.999333 0.0362763 -5.24735e-08 -0.999342 0.894812 -8.12243e-08 -0.446443 -0.0100804 0.0135361 -0.999858 -0.461704 0.620982 -0.633413 -0.461704 -0.620975 -0.633418 -0.0104084 -0.0139767 -0.999848 0.0100804 0.013536 -0.999858 0.461702 0.620981 -0.633415 0.0104084 -0.0139768 -0.999848 0.461703 -0.620974 -0.63342 -0.894813 -5.69832e-07 -0.446441 -0.0362765 -2.37805e-07 -0.999342 0.0489448 0.0670893 -0.996546 0.523953 0.715248 -0.462487 -0.523952 0.71525 -0.462484 -0.0489449 0.0670906 -0.996546 4.71309e-08 0.0498159 -0.998758 -1.20588e-07 0.894616 -0.446836 7.51966e-08 0.0498162 -0.998758 9.28694e-08 0.894617 -0.446835 0.523955 -0.71525 -0.462481 0.894587 3.16314e-08 -0.446894 1 0 -5.05322e-16 1 0 -5.05322e-16 0.523955 -0.71525 -0.462481 0 -1 0 0 -1 0 0 1 0 0 1 0 0 -1 0 0 -1 0 -0.894586 -4.97603e-07 -0.446897 -0.523955 -0.715249 -0.462482 -1 -6.51346e-07 5.05322e-16 -1 -5.73969e-07 5.05322e-16 0.894243 -8.46638e-08 -0.447583 1 -1.20208e-07 -5.05322e-16 1 3.95051e-07 -5.05322e-16 1 3.95051e-07 -5.05322e-16 -1 -1.43655e-07 5.05322e-16 -1 -1.43655e-07 5.05322e-16 -1 -5.55968e-07 5.05322e-16 1 -1.80313e-07 -5.05322e-16 0 1 0 0 1 0 0 -1 0 0 -1 0 -1 -5.63479e-07 5.05322e-16 1 0 -5.05322e-16 1 4.77536e-07 -5.05322e-16 1 4.77536e-07 -5.05322e-16 -1 0 5.05322e-16 -1 0 5.05322e-16 -0.894813 -5.69832e-07 -0.446441 -1 -5.67894e-07 5.05322e-16 0.523953 0.715248 -0.462487 0 1 0 0 1 0 0.523953 0.715248 -0.462487 1 0 -5.05322e-16 0 1 0 0 -1 0 0 -1 0 -0.523952 0.71525 -0.462484 0 1 0 -0.523952 0.71525 -0.462484 -1 -5.58302e-07 5.05322e-16 </float_array>
          <technique_common>
            <accessor count="95" offset="0" source="#meshId2-normals-array" stride="3">
              <param name="X" type="float" />
              <param name="Y" type="float" />
              <param name="Z" type="float" />
            </accessor>
          </technique_common>
        </source>
        <source id="meshId2-tangents" name="meshId2-tangents">
          <float_array id="meshId2-tangents-array" count="285"> 0.999346 2.79151e-05 0.0361743 0.446894 4.30317e-05 0.894587 0.807284 0.243881 0.537415 0.998512 -0.0207173 0.050436 0.99934 -2.78206e-05 0.0363331 0.447583 -4.42524e-05 0.894243 1 -1.3485e-08 -6.73534e-09 1 -6.10454e-09 -1.40305e-09 1 -4.20054e-08 1.17835e-07 1 -5.67972e-07 3.00374e-08 0.99991 -0.00120156 -0.0133702 0.763276 0.109704 -0.63669 0.76328 -0.109717 -0.636684 0.999914 0.00117024 -0.0130402 0.99991 0.00120057 0.0133702 0.763277 -0.109708 0.636688 0.999914 -0.00116793 0.0130402 0.76328 0.109717 0.636684 0.839169 -0.340525 -0.424073 0.998512 0.0207365 -0.0504374 0.446897 -4.26372e-05 -0.894586 0.999346 -2.72498e-05 -0.0361743 0.447586 6.63289e-06 -0.894241 0.99934 1.69319e-05 -0.0363331 0.999333 5.7696e-06 0.0365148 0.447481 -2.6889e-06 0.894293 0.44748 -1.23387e-05 -0.894294 0.999333 -7.70377e-06 -0.0365149 0.999342 -1.57019e-05 0.0362763 0.446443 -5.57358e-06 0.894812 0.999948 -0.00153589 -0.0101021 0.840445 0.0778662 -0.536274 0.840443 -0.0778592 -0.536277 0.999944 0.0015831 -0.0104315 0.999948 0.00153536 0.010102 0.840445 -0.077864 0.536273 0.999944 -0.00158319 0.0104315 0.840441 0.0778493 0.536281 0.446441 3.21086e-05 -0.894813 0.999342 2.18262e-05 -0.0362765 0.998512 0.0207378 0.0504375 0.807283 -0.24387 0.537421 0.807283 0.24387 -0.537422 0.998512 -0.0207376 -0.0504376 1 -5.70417e-07 1.87383e-08 1 5.23899e-08 -1.6498e-07 1 1.87442e-07 8.46394e-08 1 -5.58421e-08 9.60358e-08 0.273304 -0.373087 0.886629 0.446894 1.58016e-08 0.894587 5.05321e-16 0 1 5.05322e-16 0 1 0.851746 0.439989 0.284498 1 0 0 1 0 0 1 0 0 1 0 0 1 0 0 1 0 0 0.446897 2.13266e-07 -0.894586 0.273305 0.373088 -0.886628 -5.05322e-16 -3.29139e-22 -1 -5.05322e-16 -2.90039e-22 -1 0.447583 -4.23756e-08 0.894243 -2.07211e-14 -1.7658e-07 1 4.67571e-12 -1.18344e-05 1 2.83084e-14 -7.03785e-08 1 -5.05322e-16 -7.25919e-23 -1 1.68946e-12 -1.17641e-05 -1 6.55943e-12 -1.17991e-05 -1 -2.11215e-12 -1.17166e-05 1 1 0 0 1 0 0 1 0 5.46e-07 1 0 2.74995e-07 6.66796e-12 -1.18345e-05 -1 5.05322e-16 1.16522e-05 1 5.05322e-16 2.41309e-22 1 5.05322e-16 2.41309e-22 1 -5.05322e-16 0 -1 -5.05322e-16 0 -1 0.446441 -8.02324e-08 -0.894813 3.29375e-14 -5.88892e-08 -1 0.851747 -0.439985 0.284499 1 0 1.01145e-09 1 0 0 0.273307 0.373091 0.886626 5.05322e-16 0 1 1 0 1.37193e-07 1 0 0 1 0 0 0.851748 0.439986 -0.284496 1 0 0 0.273292 -0.373099 -0.886628 1.28069e-11 -2.29399e-05 -1 </float_array>
          <technique_common>
            <accessor count="95" offset="0" source="#meshId2-tangents-array" stride="3">
              <param name="X" type="float" />
              <param name="Y" type="float" />
              <param name="Z" type="float" />
            </accessor>
          </technique_common>
        </source>
        <source id="meshId2-bitangents" name="meshId2-bitangents">
          <float_array id="meshId2-bitangents-array" count="285"> 2.78929e-05 -1 1.11883e-06 1.92589e-05 -1 3.84814e-05 -0.271595 -0.654935 0.705192 -0.0240295 -0.997532 0.0659765 -2.78077e-05 -1 -8.62962e-07 -1.98823e-05 -1 -3.95345e-05 4.44089e-16 -0.446832 0.894618 -6.02706e-09 -0.998758 0.0498168 -1.24186e-07 -0.446832 0.894618 -5.68763e-07 -0.998758 0.0498171 -0.00134653 -0.99994 -0.0108393 -0.24041 -0.866483 -0.437505 0.240397 -0.866482 0.437514 0.00130815 -0.999943 0.0105725 0.00134555 -0.99994 -0.0108393 0.240406 -0.866482 -0.437508 -0.00130585 -0.999943 0.0105724 -0.240396 -0.866482 0.437513 0.145831 -0.610296 0.778635 0.0240488 -0.997531 0.0659768 -1.86093e-05 -1 3.8365e-05 -2.72268e-05 -1 1.12863e-06 3.40589e-06 -1 -5.71263e-06 1.69212e-05 -1 -6.01324e-07 5.77385e-06 -1 -1.10315e-08 -1.24399e-06 -1 -2.38427e-06 -5.09195e-06 -1 1.12492e-05 -7.69827e-06 -1 2.91422e-07 -1.56934e-05 -1 -5.17167e-07 -2.56097e-06 -1 -4.95105e-06 -0.00167241 -0.999907 -0.0135199 -0.283695 -0.779948 -0.557852 0.283697 -0.779954 0.557843 0.00172865 -0.999901 0.0139594 0.00167189 -0.999907 -0.0135198 0.283695 -0.779949 -0.557851 -0.00172875 -0.999901 0.0139595 -0.283706 -0.779955 0.557836 1.48445e-05 -1 -2.84768e-05 2.18205e-05 -1 -5.54129e-07 0.02405 -0.997531 -0.0659745 0.271603 -0.654941 -0.705184 -0.271605 -0.654938 -0.705185 -0.0240498 -0.997531 -0.0659758 -5.68776e-07 -0.998758 -0.0498159 -1.24184e-07 -0.446836 -0.894616 1.91426e-07 -0.998758 -0.0498162 6.09631e-08 -0.446835 -0.894617 -0.806707 -0.590952 -1.49012e-08 3.53586e-08 -1 8.88178e-16 0 -1 0 0 -1 0 -4.47035e-08 -0.542981 0.839745 -0 0 1 -0 0 1 0 0 -1 0 0 -1 -0 0 1 -0 0 1 5.40456e-07 -1 3.15923e-08 0.806707 -0.590952 0 6.51346e-07 -1 0 5.73969e-07 -1 0 -9.46766e-08 -1 3.55271e-15 -1.20208e-07 -1 -1.7658e-07 3.95051e-07 -1 -1.18344e-05 3.95051e-07 -1 -7.03785e-08 1.43655e-07 -1 0 1.43655e-07 -1 1.17641e-05 5.55968e-07 -1 1.17991e-05 -1.80313e-07 -1 -1.17166e-05 0 0 -1 0 0 -1 -5.46e-07 0 1 -2.74995e-07 0 1 5.63479e-07 -1 1.18345e-05 5.8881e-21 -1 1.16522e-05 4.77536e-07 -1 0 4.77536e-07 -1 -2.52435e-29 -0 -1 0 -0 -1 0 4.74074e-07 -1 3.26189e-07 5.67894e-07 -1 5.88892e-08 -1.49012e-08 -0.542986 -0.839742 1.01145e-09 0 -1 0 0 -1 0.806708 -0.590951 1.78814e-07 0 -1 0 1.37193e-07 0 -1 -0 0 1 -0 0 1 4.47035e-08 -0.542982 -0.839744 0 0 -1 -0.806713 -0.590943 1.39922e-05 5.58302e-07 -1 2.29399e-05 </float_array>
          <technique_common>
            <accessor count="95" offset="0" source="#meshId2-bitangents-array" stride="3">
              <param name="X" type="float" />
              <param name="Y" type="float" />
              <param name="Z" type="float" />
            </accessor>
          </technique_common>
        </source>
        <source id="meshId2-tex0" name="meshId2-tex0">
          <float_array id="meshId2-tex0-array" count="190"> 0.977062 0.541593 0.97958 0.541574 0.97958 0.593588 0.977062 0.59107 0.977062 0.273139 0.97958 0.273158 0.908749 0.593588 0.908776 0.59107 0.69125 0.593588 0.691223 0.59107 0.911823 0.544647 0.909305 0.54213 0.909305 0.272602 0.911823 0.270085 0.688177 0.544647 0.690694 0.54213 0.688176 0.270085 0.690694 0.272602 0.62042 0.593588 0.622937 0.59107 0.620419 0.541574 0.622937 0.541593 0.620419 0.273159 0.622937 0.273139 0.977062 0.219495 0.97958 0.219475 0.620419 0.219475 0.622937 0.219495 0.977062 0.0584064 0.97958 0.0584263 0.911823 0.222549 0.909305 0.220032 0.909305 0.0578701 0.911823 0.0553525 0.688176 0.222549 0.690694 0.220032 0.688176 0.0553525 0.690694 0.0578701 0.620419 0.0584262 0.622937 0.0584064 0.977062 0.00892958 0.97958 0.00641197 0.620419 0.00641197 0.622937 0.00892958 0.908776 0.00892958 0.908749 0.00641197 0.691223 0.00892958 0.69125 0.00641197 0.979581 0.593588 0.979581 0.541574 0.982099 0.541574 0.982099 0.593588 0.97958 0.593588 0.97958 0.596106 0.908749 0.596106 0.690694 0.539612 0.909305 0.539612 0.69125 0.596106 0.62042 0.596106 0.62042 0.541573 0.62042 0.593587 0.617902 0.593587 0.617902 0.541573 0.97958 0.273159 0.982098 0.273159 0.693212 0.272602 0.693212 0.54213 0.906787 0.54213 0.906787 0.272602 0.617901 0.273159 0.982098 0.219475 0.690694 0.217513 0.909305 0.217513 0.909305 0.275121 0.690694 0.275121 0.617901 0.219475 0.982098 0.0584263 0.693212 0.0578701 0.693212 0.220032 0.906787 0.220032 0.906787 0.0578701 0.620419 0.0584269 0.617901 0.0584269 0.97958 0.00641197 0.908749 0.00389373 0.97958 0.00389373 0.979579 0.00641179 0.982098 0.00641179 0.69125 0.00389367 0.909305 0.0603884 0.690694 0.0603884 0.620419 0.00641197 0.620419 0.00389367 0.620419 0.00641245 0.617901 0.00641251 </float_array>
          <technique_common>
            <accessor count="95" offset="0" source="#meshId2-tex0-array" stride="2">
              <param name="S" type="float" />
              <param name="T" type="float" />
            </accessor>
          </technique_common>
        </source>
        <vertices id="meshId2-vertices">
          <input semantic="POSITION" source="#meshId2-positions" />
        </vertices>
        <polylist count="122" material="defaultMaterial">
          <input offset="0" semantic="VERTEX" source="#meshId2-vertices" />
          <input offset="0" semantic="NORMAL" source="#meshId2-normals" />
          <input offset="0" semantic="TANGENT" source="#meshId2-tangents" />
          <input offset="0" semantic="BINORMAL" source="#meshId2-bitangents" />
          <input offset="0" semantic="TEXCOORD" source="#meshId2-tex0" set="0" />
          <vcount>3 3 3 3 3 3 3 3 3 3 3 3 3 3 3 3 3 3 3 3 3 3 3 3 3 3 3 3 3 3 3 3 3 3 3 3 3 3 3 3 3 3 3 3 3 3 3 3 3 3 3 3 3 3 3 3 3 3 3 3 3 3 3 3 3 3 3 3 3 3 3 3 3 3 3 3 3 3 3 3 3 3 3 3 3 3 3 3 3 3 3 3 3 3 3 3 3 3 3 3 3 3 3 3 3 3 3 3 3 3 3 3 3 3 3 3 3 3 3 3 3 3 </vcount>
          <p>3 0 1 1 2 3 5 1 0 0 4 5 7 3 2 2 6 7 9 7 6 6 8 9 13 10 11 11 12 13 15 11 10 10 14 15 17 15 14 14 16 17 19 9 8 8 18 19 21 19 18 18 20 21 23 21 20 20 22 23 25 5 4 4 24 25 12 17 16 16 13 12 27 23 22 22 26 27 29 25 24 24 28 29 33 30 31 31 32 33 35 31 30 30 34 35 37 35 34 34 36 37 39 27 26 26 38 39 41 29 28 28 40 41 32 37 36 36 33 32 43 39 38 38 42 43 40 44 45 45 41 40 47 45 44 44 46 47 42 47 46 46 43 42 7 10 0 0 3 7 9 14 10 10 7 9 19 21 14 14 9 19 0 10 13 13 4 0 14 21 23 23 16 14 13 30 24 24 4 13 16 34 30 30 13 16 23 27 34 34 16 23 24 30 33 33 28 24 34 27 39 39 36 34 33 44 40 40 28 33 36 46 44 44 33 36 39 43 46 46 36 39 51 48 49 49 50 51 54 6 52 52 53 54 56 11 15 15 55 56 57 8 6 6 54 57 58 18 8 8 57 58 62 59 60 60 61 62 50 49 63 63 64 50 66 15 17 17 65 66 68 12 11 11 67 68 69 22 59 59 62 69 64 63 25 25 70 64 72 31 35 35 71 72 74 17 12 12 73 74 75 26 22 22 69 75 70 25 29 29 76 70 78 35 37 37 77 78 80 32 31 31 79 80 82 81 26 26 75 82 85 83 45 45 84 85 76 29 86 86 87 76 84 45 47 47 88 84 90 37 32 32 89 90 88 47 91 91 92 88 94 93 81 81 82 94 </p>
        </polylist>
      </mesh>
    </geometry>
    <geometry id="meshId3" name="meshId3_name" >
      <mesh>
        <source id="meshId3-positions" name="meshId3-positions">
          <float_array id="meshId3-positions-array" count="18"> 0.0191949 0.143728 0.806189 0.0191949 0.146442 0.807313 -0.172755 0.146442 0.807313 -0.172755 0.143728 0.806189 0.0191949 -0.113683 0.806189 -0.172755 -0.113683 0.806189 </float_array>
          <technique_common>
            <accessor count="6" offset="0" source="#meshId3-positions-array" stride="3">
              <param name="X" type="float" />
              <param name="Y" type="float" />
              <param name="Z" type="float" />
            </accessor>
          </technique_common>
        </source>
        <source id="meshId3-normals" name="meshId3-normals">
          <float_array id="meshId3-normals-array" count="18"> 5.05317e-16 -0.00432212 0.999991 4.66856e-16 -0.382684 0.923879 4.66856e-16 -0.382684 0.923879 5.05317e-16 -0.00432212 0.999991 5.05322e-16 0 1 5.05322e-16 0 1 </float_array>
          <technique_common>
            <accessor count="6" offset="0" source="#meshId3-normals-array" stride="3">
              <param name="X" type="float" />
              <param name="Y" type="float" />
              <param name="Z" type="float" />
            </accessor>
          </technique_common>
        </source>
        <source id="meshId3-tangents" name="meshId3-tangents">
          <float_array id="meshId3-tangents-array" count="18"> 1 1.23593e-07 5.34186e-10 1 1.31232e-07 5.43582e-08 1 1.78658e-16 -4.31319e-16 1 7.83291e-08 3.3855e-10 1 0 -5.05322e-16 1 6.33321e-08 -5.05322e-16 </float_array>
          <technique_common>
            <accessor count="6" offset="0" source="#meshId3-tangents-array" stride="3">
              <param name="X" type="float" />
              <param name="Y" type="float" />
              <param name="Z" type="float" />
            </accessor>
          </technique_common>
        </source>
        <source id="meshId3-bitangents" name="meshId3-bitangents">
          <float_array id="meshId3-bitangents-array" count="18"> -1.23594e-07 0.999991 0.00432212 -1.42045e-07 0.923879 0.382684 -1.32349e-23 0.923879 0.382684 -7.83299e-08 0.999991 0.00432212 -0 1 0 -6.33321e-08 1 3.20031e-23 </float_array>
          <technique_common>
            <accessor count="6" offset="0" source="#meshId3-bitangents-array" stride="3">
              <param name="X" type="float" />
              <param name="Y" type="float" />
              <param name="Z" type="float" />
            </accessor>
          </technique_common>
        </source>
        <source id="meshId3-tex0" name="meshId3-tex0">
          <float_array id="meshId3-tex0-array" count="12"> 0.5 -1.31857 0.5 -1.31092 -5.96046e-08 -1.31092 -5.96046e-08 -1.31857 0.5 -1.98908 5.96046e-08 -1.98908 </float_array>
          <technique_common>
            <accessor count="6" offset="0" source="#meshId3-tex0-array" stride="2">
              <param name="S" type="float" />
              <param name="T" type="float" />
            </accessor>
          </technique_common>
        </source>
        <vertices id="meshId3-vertices">
          <input semantic="POSITION" source="#meshId3-positions" />
        </vertices>
        <polylist count="4" material="defaultMaterial">
          <input offset="0" semantic="VERTEX" source="#meshId3-vertices" />
          <input offset="0" semantic="NORMAL" source="#meshId3-normals" />
          <input offset="0" semantic="TANGENT" source="#meshId3-tangents" />
          <input offset="0" semantic="BINORMAL" source="#meshId3-bitangents" />
          <input offset="0" semantic="TEXCOORD" source="#meshId3-tex0" set="0" />
          <vcount>3 3 3 3 </vcount>
          <p>3 0 1 1 2 3 5 4 0 0 3 5 </p>
        </polylist>
      </mesh>
    </geometry>
    <geometry id="meshId4" name="meshId4_name" >
      <mesh>
        <source id="meshId4-positions" name="meshId4-positions">
          <float_array id="meshId4-positions-array" count="42"> 0.0191949 -0.117676 0.808326 0.0191949 -0.113683 0.806189 -0.172755 -0.113683 0.806189 -0.172755 -0.117676 0.808326 0.0191949 -0.120527 0.812601 -0.172755 -0.120527 0.812601 0.0191949 -0.12452 0.814738 -0.172755 -0.12452 0.814738 0.0191949 -0.188346 0.814738 -0.172755 -0.188346 0.814738 0.0191949 -0.189703 0.814176 -0.172755 -0.189703 0.814176 -0.172755 -0.190265 0.812818 0.0191949 -0.190265 0.812818 </float_array>
          <technique_common>
            <accessor count="14" offset="0" source="#meshId4-positions-array" stride="3">
              <param name="X" type="float" />
              <param name="Y" type="float" />
              <param name="Z" type="float" />
            </accessor>
          </technique_common>
        </source>
        <source id="meshId4-normals" name="meshId4-normals">
          <float_array id="meshId4-normals-array" count="42"> 3.68771e-16 0.683688 0.729774 4.45542e-16 0.471811 0.8817 4.45542e-16 0.471811 0.8817 3.68771e-16 0.683688 0.729774 3.6877e-16 0.683689 0.729774 3.6877e-16 0.683689 0.729774 5.05071e-16 0.0314945 0.999504 5.05071e-16 0.0314945 0.999504 5.05303e-16 -0.00862393 0.999963 5.05303e-16 -0.00862393 0.999963 3.57316e-16 -0.707107 0.707107 3.57316e-16 -0.707107 0.707107 1.93376e-16 -0.923881 0.38268 1.93376e-16 -0.923881 0.38268 </float_array>
          <technique_common>
            <accessor count="14" offset="0" source="#meshId4-normals-array" stride="3">
              <param name="X" type="float" />
              <param name="Y" type="float" />
              <param name="Z" type="float" />
            </accessor>
          </technique_common>
        </source>
        <source id="meshId4-tangents" name="meshId4-tangents">
          <float_array id="meshId4-tangents-array" count="42"> 1 -2.52124e-16 -2.69119e-16 1 -2.10211e-16 -3.92834e-16 1 -2.10211e-16 -3.92834e-16 1 -2.52124e-16 -2.69119e-16 1 -2.52124e-16 -2.69119e-16 1 -2.52124e-16 -2.69119e-16 1 -1.59069e-17 -5.0482e-16 1 -1.59069e-17 -5.0482e-16 1 2.20021e-07 1.89752e-09 1 4.3577e-18 -5.05284e-16 1 3.11608e-07 3.11608e-07 1 1.56572e-07 1.56572e-07 1 1.82605e-07 4.40852e-07 1 1.82605e-07 4.40852e-07 </float_array>
          <technique_common>
            <accessor count="14" offset="0" source="#meshId4-tangents-array" stride="3">
              <param name="X" type="float" />
              <param name="Y" type="float" />
              <param name="Z" type="float" />
            </accessor>
          </technique_common>
        </source>
        <source id="meshId4-bitangents" name="meshId4-bitangents">
          <float_array id="meshId4-bitangents-array" count="42"> 0 0.729774 -0.683688 0 0.8817 -0.47181 0 0.8817 -0.471811 0 0.729774 -0.683688 -1.32349e-23 0.729774 -0.683689 -1.32349e-23 0.729774 -0.683689 0 0.999504 -0.0314945 -1.65436e-24 0.999504 -0.0314945 -2.20029e-07 0.999963 0.00862393 0 0.999963 0.00862393 -4.4068e-07 0.707107 0.707107 -2.21426e-07 0.707107 0.707107 -4.77174e-07 0.38268 0.923881 -4.77174e-07 0.38268 0.923881 </float_array>
          <technique_common>
            <accessor count="14" offset="0" source="#meshId4-bitangents-array" stride="3">
              <param name="X" type="float" />
              <param name="Y" type="float" />
              <param name="Z" type="float" />
            </accessor>
          </technique_common>
        </source>
        <source id="meshId4-tex0" name="meshId4-tex0">
          <float_array id="meshId4-tex0-array" count="28"> 0.5 -2.33874 0.5 -2.32694 6.55651e-07 -2.32694 6.55651e-07 -2.33874 0.5 -2.35213 6.55651e-07 -2.35213 0.5 -2.36392 6.55651e-07 -2.36392 0.5 -2.53018 6.55651e-07 -2.53018 0.5 -2.53401 6.70552e-07 -2.53401 6.25849e-07 -2.53783 0.5 -2.53783 </float_array>
          <technique_common>
            <accessor count="14" offset="0" source="#meshId4-tex0-array" stride="2">
              <param name="S" type="float" />
              <param name="T" type="float" />
            </accessor>
          </technique_common>
        </source>
        <vertices id="meshId4-vertices">
          <input semantic="POSITION" source="#meshId4-positions" />
        </vertices>
        <polylist count="12" material="defaultMaterial">
          <input offset="0" semantic="VERTEX" source="#meshId4-vertices" />
          <input offset="0" semantic="NORMAL" source="#meshId4-normals" />
          <input offset="0" semantic="TANGENT" source="#meshId4-tangents" />
          <input offset="0" semantic="BINORMAL" source="#meshId4-bitangents" />
          <input offset="0" semantic="TEXCOORD" source="#meshId4-tex0" set="0" />
          <vcount>3 3 3 3 3 3 3 3 3 3 3 3 </vcount>
          <p>3 0 1 1 2 3 5 4 0 0 3 5 7 6 4 4 5 7 9 8 6 6 7 9 11 10 8 8 9 11 11 12 13 13 10 11 </p>
        </polylist>
      </mesh>
    </geometry>
    <geometry id="meshId5" name="meshId5_name" >
      <mesh>
        <source id="meshId5-positions" name="meshId5-positions">
          <float_array id="meshId5-positions-array" count="12"> -0.172755 0.0978823 0.746703 0.019195 0.0978823 0.746703 0.019195 0.0978823 0.655531 -0.172755 0.0978823 0.655531 </float_array>
          <technique_common>
            <accessor count="4" offset="0" source="#meshId5-positions-array" stride="3">
              <param name="X" type="float" />
              <param name="Y" type="float" />
              <param name="Z" type="float" />
            </accessor>
          </technique_common>
        </source>
        <source id="meshId5-normals" name="meshId5-normals">
          <float_array id="meshId5-normals-array" count="12"> 0 1 0 0 1 0 0 1 0 0 1 0 </float_array>
          <technique_common>
            <accessor count="4" offset="0" source="#meshId5-normals-array" stride="3">
              <param name="X" type="float" />
              <param name="Y" type="float" />
              <param name="Z" type="float" />
            </accessor>
          </technique_common>
        </source>
        <source id="meshId5-tangents" name="meshId5-tangents">
          <float_array id="meshId5-tangents-array" count="12"> 1 0 -0.000118167 1 0 -0.000118225 1 0 -0.000118248 1 0 -0.00011819 </float_array>
          <technique_common>
            <accessor count="4" offset="0" source="#meshId5-tangents-array" stride="3">
              <param name="X" type="float" />
              <param name="Y" type="float" />
              <param name="Z" type="float" />
            </accessor>
          </technique_common>
        </source>
        <source id="meshId5-bitangents" name="meshId5-bitangents">
          <float_array id="meshId5-bitangents-array" count="12"> -0.000118167 0 -1 -0.000118225 0 -1 -0.000118248 0 -1 -0.00011819 0 -1 </float_array>
          <technique_common>
            <accessor count="4" offset="0" source="#meshId5-bitangents-array" stride="3">
              <param name="X" type="float" />
              <param name="Y" type="float" />
              <param name="Z" type="float" />
            </accessor>
          </technique_common>
        </source>
        <source id="meshId5-tex0" name="meshId5-tex0">
          <float_array id="meshId5-tex0-array" count="8"> -1.00001 0.0313141 -0.500014 0.031255 -0.499986 0.268745 -0.999986 0.268804 </float_array>
          <technique_common>
            <accessor count="4" offset="0" source="#meshId5-tex0-array" stride="2">
              <param name="S" type="float" />
              <param name="T" type="float" />
            </accessor>
          </technique_common>
        </source>
        <vertices id="meshId5-vertices">
          <input semantic="POSITION" source="#meshId5-positions" />
        </vertices>
        <polylist count="2" material="defaultMaterial">
          <input offset="0" semantic="VERTEX" source="#meshId5-vertices" />
          <input offset="0" semantic="NORMAL" source="#meshId5-normals" />
          <input offset="0" semantic="TANGENT" source="#meshId5-tangents" />
          <input offset="0" semantic="BINORMAL" source="#meshId5-bitangents" />
          <input offset="0" semantic="TEXCOORD" source="#meshId5-tex0" set="0" />
          <vcount>3 3 </vcount>
          <p>3 0 1 1 2 3 </p>
        </polylist>
      </mesh>
    </geometry>
    <geometry id="meshId6" name="meshId6_name" >
      <mesh>
        <source id="meshId6-positions" name="meshId6-positions">
          <float_array id="meshId6-positions-array" count="36"> 0.0191949 0.190265 0.75011 0.0191949 0.189598 0.747373 -0.172755 0.189598 0.747373 -0.172755 0.190265 0.75011 0.0191949 0.190265 0.978436 0.0191949 0.190265 0.75011 -0.172755 0.190265 0.75011 -0.172755 0.190265 0.978436 -0.172755 0.189598 0.981173 0.0191949 0.189598 0.981173 0.0191949 0.190265 0.978436 -0.172755 0.190265 0.978436 </float_array>
          <technique_common>
            <accessor count="12" offset="0" source="#meshId6-positions-array" stride="3">
              <param name="X" type="float" />
              <param name="Y" type="float" />
              <param name="Z" type="float" />
            </accessor>
          </technique_common>
        </source>
        <source id="meshId6-normals" name="meshId6-normals">
          <float_array id="meshId6-normals-array" count="36"> -1.19582e-16 0.971596 -0.236645 -1.19582e-16 0.971596 -0.236645 -1.19582e-16 0.971596 -0.236645 -1.19582e-16 0.971596 -0.236645 -2.01239e-07 1 1.01691e-22 -2.0124e-07 1 1.01691e-22 -2.01239e-07 1 1.01691e-22 -2.0124e-07 1 1.01691e-22 1.19582e-16 0.971596 0.236645 1.19582e-16 0.971596 0.236645 1.19582e-16 0.971596 0.236645 1.19582e-16 0.971596 0.236645 </float_array>
          <technique_common>
            <accessor count="12" offset="0" source="#meshId6-normals-array" stride="3">
              <param name="X" type="float" />
              <param name="Y" type="float" />
              <param name="Z" type="float" />
            </accessor>
          </technique_common>
        </source>
        <source id="meshId6-tangents" name="meshId6-tangents">
          <float_array id="meshId6-tangents-array" count="36"> 1 1.16185e-16 -2.82983e-17 1 1.16185e-16 -2.82983e-17 1 1.16185e-16 -2.82983e-17 1 1.16185e-16 -2.82983e-17 1 2.0124e-07 2.51016e-07 1 2.0124e-07 1.11711e-07 1 2.01239e-07 2.04642e-29 1 2.0124e-07 1.39305e-07 1 1.41329e-08 -5.80255e-08 1 -5.66361e-08 2.32531e-07 1 -5.73034e-08 2.35271e-07 1 1.34656e-08 -5.52858e-08 </float_array>
          <technique_common>
            <accessor count="12" offset="0" source="#meshId6-tangents-array" stride="3">
              <param name="X" type="float" />
              <param name="Y" type="float" />
              <param name="Z" type="float" />
            </accessor>
          </technique_common>
        </source>
        <source id="meshId6-bitangents" name="meshId6-bitangents">
          <float_array id="meshId6-bitangents-array" count="36"> 0 -0.236645 -0.971596 -3.30872e-24 -0.236644 -0.971596 0 -0.236645 -0.971596 -3.30872e-24 -0.236644 -0.971596 2.51016e-07 5.05142e-14 -1 1.11711e-07 2.24806e-14 -1 0 1.01691e-22 -1 1.39305e-07 2.80337e-14 -1 -5.97219e-08 0.236645 -0.971596 2.39329e-07 0.236645 -0.971596 2.42149e-07 0.236645 -0.971596 -5.6902e-08 0.236645 -0.971596 </float_array>
          <technique_common>
            <accessor count="12" offset="0" source="#meshId6-bitangents-array" stride="3">
              <param name="X" type="float" />
              <param name="Y" type="float" />
              <param name="Z" type="float" />
            </accessor>
          </technique_common>
        </source>
        <source id="meshId6-tex0" name="meshId6-tex0">
          <float_array id="meshId6-tex0-array" count="24"> -0.499589 0.947868 -0.499589 0.955218 -0.998767 0.955218 -0.998767 0.947868 -0.499589 0.352132 -0.499589 0.947868 -0.998767 0.947868 -0.998767 0.352132 -0.998767 0.344782 -0.499589 0.344782 -0.499589 0.352132 -0.998767 0.352132 </float_array>
          <technique_common>
            <accessor count="12" offset="0" source="#meshId6-tex0-array" stride="2">
              <param name="S" type="float" />
              <param name="T" type="float" />
            </accessor>
          </technique_common>
        </source>
        <vertices id="meshId6-vertices">
          <input semantic="POSITION" source="#meshId6-positions" />
        </vertices>
        <polylist count="6" material="defaultMaterial">
          <input offset="0" semantic="VERTEX" source="#meshId6-vertices" />
          <input offset="0" semantic="NORMAL" source="#meshId6-normals" />
          <input offset="0" semantic="TANGENT" source="#meshId6-tangents" />
          <input offset="0" semantic="BINORMAL" source="#meshId6-bitangents" />
          <input offset="0" semantic="TEXCOORD" source="#meshId6-tex0" set="0" />
          <vcount>3 3 3 3 3 3 </vcount>
          <p>3 0 1 1 2 3 7 4 5 5 6 7 11 8 9 9 10 11 </p>
        </polylist>
      </mesh>
    </geometry>
    <geometry id="meshId7" name="meshId7_name" >
      <mesh>
        <source id="meshId7-positions" name="meshId7-positions">
          <float_array id="meshId7-positions-array" count="228"> 0.345192 0.188081 0 0.345192 0.188081 -0.3839 0.345192 0.160024 -0.3839 0.345192 0.160024 0 0.445323 0.147567 -0.3839 0.632129 0.147567 -0.3839 0.632129 0.147567 0 0.445323 0.147567 0 0.633434 0.148872 -0.3839 0.633434 0.155245 -0.3839 0.633434 0.155245 0 0.633434 0.148872 0 0.634156 0.158009 0 0.634156 0.158009 -0.3839 0.634405 0.187106 -0.3839 0.634405 0.187106 0 0.34551 0.156441 -0.3839 0.34551 0.14814 -0.3839 0.34551 0.14814 0 0.34551 0.156441 0 0.277912 0.0963005 -0.3839 0.277912 -0.187962 -0.3839 0.277912 -0.187962 0 0.277912 0.0963005 0 0.388931 0.144977 -0.3839 0.388931 0.0994642 -0.3839 0.388931 0.0994642 0 0.388931 0.144977 0 0.387349 0.0978823 -0.3839 0.381998 0.0978823 -0.3839 0.381998 0.0978823 0 0.387349 0.0978823 0 0.347091 0.146558 -0.3839 0.387349 0.146558 -0.3839 0.387349 0.146558 0 0.347091 0.146558 0 0.278586 -0.18959 -0.3839 0.278586 -0.18959 0 0.278586 -0.18959 -0.3839 0.280215 -0.190265 -0.3839 0.280215 -0.190265 0 0.278586 -0.18959 0 0.279493 0.0978823 -0.3839 0.278375 0.097419 -0.3839 0.278375 0.097419 0 0.279493 0.0978823 0 0.278375 0.097419 -0.3839 0.278375 0.097419 0 0.345973 0.147022 -0.3839 0.345973 0.147022 0 0.345973 0.147022 -0.3839 0.345973 0.147022 0 0.388468 0.0983456 -0.3839 0.388468 0.0983456 0 0.388468 0.0983456 -0.3839 0.388468 0.0983456 0 0.388468 0.146095 -0.3839 0.388468 0.146095 0 0.388468 0.146095 -0.3839 0.388468 0.146095 0 0.442609 0.146442 -0.3839 0.442609 0.146442 0 0.633052 0.147949 -0.3839 0.633052 0.147949 0 0.633052 0.147949 -0.3839 0.633052 0.147949 0 0.290826 0.0978823 -0.3839 0.290826 0.0978823 0 0.442124 -0.0195401 -0.3839 0.442124 -0.0195401 0 0.442124 -0.054497 0 0.442124 -0.054497 -0.3839 0.442124 0.0853307 -0.3839 0.442124 0.0853307 0 0.442124 0.0503738 0 0.442124 0.0503738 -0.3839 </float_array>
          <technique_common>
            <accessor count="76" offset="0" source="#meshId7-positions-array" stride="3">
              <param name="X" type="float" />
              <param name="Y" type="float" />
              <param name="Z" type="float" />
            </accessor>
          </technique_common>
        </source>
        <source id="meshId7-normals" name="meshId7-normals">
          <float_array id="meshId7-normals-array" count="228"> -1 0 1.99112e-14 -1 0 1.99112e-14 -1 0 1.99112e-14 -1 0 1.99112e-14 0.00593222 -0.999982 0 0.0020362 -0.999998 0 0.0020362 -0.999998 0 0.00593222 -0.999982 0 0.99863 -0.0523244 0 1 0 0 1 0 0 0.99863 -0.0523244 0 0.999963 -0.0085848 -1.95026e-08 0.999963 -0.0085848 -1.95026e-08 0.999963 -0.0085848 -1.95026e-08 0.999963 -0.0085848 -1.95026e-08 -1 0 0 -0.998793 -0.0491278 0 -0.998793 -0.0491278 0 -1 0 0 -0.999999 0.00162339 0 -0.999997 -0.00235957 0 -0.999997 -0.00235957 0 -0.999999 0.00162339 0 -0.999951 -0.00993487 0 -0.999951 0.00993527 0 -0.999951 0.00993527 0 -0.999951 -0.00993487 0 -0.0714321 0.997446 0 0 1 0 0 1 0 -0.0714321 0.997446 0 -0.0111964 -0.999937 0 -0.0111964 -0.999937 0 -0.0111964 -0.999937 0 -0.0111964 -0.999937 0 -0.92388 -0.382683 0 -0.92388 -0.382683 0 -0.382682 -0.92388 0 -0.382682 -0.92388 0 -0.382682 -0.92388 0 -0.382682 -0.92388 0 -0.0371829 0.999308 0 -0.382677 0.923882 0 -0.382677 0.923882 0 -0.0371829 0.999308 0 -0.923886 0.382667 0 -0.923886 0.382667 0 -0.923881 -0.38268 0 -0.923881 -0.38268 0 -0.38268 -0.923881 0 -0.38268 -0.923881 0 -0.923881 0.38268 0 -0.923881 0.38268 0 -0.38268 0.923881 0 -0.38268 0.923881 0 -0.923881 -0.38268 0 -0.923881 -0.38268 0 -0.38268 -0.923881 0 -0.38268 -0.923881 0 0.382681 -0.92388 0 0.382681 -0.92388 0 0.923879 -0.382685 0 0.923879 -0.382685 0 0.382677 -0.923882 0 0.382677 -0.923882 0 0 1 0 0 1 0 1 0 0 1 0 0 1 0 0 1 0 0 1 0 0 1 0 0 1 0 0 1 0 0 </float_array>
          <technique_common>
            <accessor count="76" offset="0" source="#meshId7-normals-array" stride="3">
              <param name="X" type="float" />
              <param name="Y" type="float" />
              <param name="Z" type="float" />
            </accessor>
          </technique_common>
        </source>
        <source id="meshId7-tangents" name="meshId7-tangents">
          <float_array id="meshId7-tangents-array" count="228"> -1.99112e-14 -1.19498e-06 -1 -1.99112e-14 -1.35325e-06 -1 -1.99112e-14 -1.36096e-06 -1 -1.99112e-14 -1.20269e-06 -1 -1.19703e-07 -7.10119e-10 -1 -2.29434e-07 -4.67168e-10 -1 -1.19378e-07 -2.43077e-10 -1 -2.2961e-07 -1.36212e-09 -1 0 0 -1 0 2.5193e-09 -1 0 2.38418e-07 -1 6.16327e-09 1.17628e-07 -1 -2.3967e-08 -5.19938e-07 -1 -1.97169e-08 -2.48809e-08 -1 -1.95019e-08 1.67426e-10 -1 -2.3752e-08 -4.9489e-07 -1 0 0 -1 1.11878e-08 -2.27454e-07 -1 1.17197e-08 -2.38267e-07 -1 0 -4.70272e-07 -1 6.51759e-10 4.01486e-07 -1 -9.0067e-10 3.81713e-07 -1 -8.79777e-10 3.72859e-07 -1 6.37384e-10 3.92631e-07 -1 1.73463e-09 -1.74591e-07 -1 -2.28294e-09 -2.2977e-07 -1 -2.28294e-09 -2.2977e-07 -1 2.28289e-09 -2.29774e-07 -1 0 0 -1 0 0 -1 0 0 -1 0 0 -1 0 0 -1 0 0 -1 0 0 -1 0 0 -1 -1.48264e-07 3.57943e-07 -1 -1.48264e-07 3.57943e-07 -1 0 0 -1 0 0 -1 0 0 -1 0 0 -1 3.74564e-07 1.3937e-08 -1 3.85479e-07 1.59667e-07 -1 3.85479e-07 1.59667e-07 -1 4.03766e-07 1.50236e-08 -1 1.59665e-07 3.85486e-07 -1 1.59665e-07 3.85486e-07 -1 1.82084e-07 -4.39595e-07 -1 0 0 -1 0 0 -1 0 0 -1 -9.12335e-08 -2.2026e-07 -1 -9.12336e-08 -2.2026e-07 -1 0 0 -1 0 0 -1 4.56207e-08 -1.10139e-07 -1 9.11465e-08 -2.20049e-07 -1 0 0 -1 0 0 -1 0 0 -1 -2.19204e-07 -9.07965e-08 -1 0 0 -1 0 0 -1 -2.19898e-07 -9.10829e-08 -1 0 0 -1 3.57627e-07 0 -1 4.16112e-07 0 -1 0 0 -1 0 -2.25916e-07 -1 0 -2.39777e-07 -1 0 -1.38615e-08 -1 0 0 -1 0 -2.19641e-07 -1 0 -2.33117e-07 -1 0 -1.34765e-08 -1 </float_array>
          <technique_common>
            <accessor count="76" offset="0" source="#meshId7-tangents-array" stride="3">
              <param name="X" type="float" />
              <param name="Y" type="float" />
              <param name="Z" type="float" />
            </accessor>
          </technique_common>
        </source>
        <source id="meshId7-bitangents" name="meshId7-bitangents">
          <float_array id="meshId7-bitangents-array" count="228"> 2.37936e-20 -1 1.19498e-06 2.69449e-20 -1 1.35325e-06 2.70984e-20 -1 1.36096e-06 2.39471e-20 -1 1.20269e-06 0.999982 0.00593222 -1.19706e-07 0.999998 0.0020362 -2.29434e-07 0.999998 0.0020362 -1.19378e-07 0.999982 0.00593222 -2.29614e-07 0.0523244 0.99863 0 -0 1 2.5193e-09 -0 1 2.38418e-07 0.0523244 0.99863 1.1779e-07 0.0085848 0.999963 -5.20125e-07 0.0085848 0.999963 -2.50492e-08 0.0085848 0.999963 0 0.0085848 0.999963 -4.95075e-07 -0 -1 -0 0.0491278 -0.998793 2.27729e-07 0.0491278 -0.998793 2.38555e-07 0 -1 4.70272e-07 -0.00162339 -0.999999 -4.01487e-07 0.00235957 -0.999997 -3.81714e-07 0.00235957 -0.999997 -3.7286e-07 -0.00162339 -0.999999 -3.92632e-07 0.00993487 -0.999951 1.746e-07 -0.00993527 -0.999951 2.29781e-07 -0.00993527 -0.999951 2.29781e-07 0.00993487 -0.999951 2.29785e-07 -0.997446 -0.0714321 -0 -1 0 0 -1 0 0 -0.997446 -0.0714321 -0 0.999937 -0.0111964 0 0.999937 -0.0111964 0 0.999937 -0.0111964 0 0.999937 -0.0111964 0 0.382682 -0.92388 -3.87434e-07 0.382683 -0.92388 -3.87435e-07 0.92388 -0.382682 0 0.92388 -0.382682 0 0.92388 -0.382682 0 0.92388 -0.382682 0 -0.999308 -0.0371829 -3.74823e-07 -0.923882 -0.382677 -4.17238e-07 -0.923882 -0.382677 -4.17238e-07 -0.999308 -0.0371829 -4.04046e-07 -0.382667 -0.923886 -4.17244e-07 -0.382667 -0.923886 -4.17244e-07 0.38268 -0.923881 4.75813e-07 0.38268 -0.923881 0 0.923881 -0.38268 0 0.923881 -0.38268 0 -0.38268 -0.923881 2.38407e-07 -0.38268 -0.923881 2.38407e-07 -0.923881 -0.38268 -0 -0.923881 -0.38268 -0 0.38268 -0.923881 1.19214e-07 0.38268 -0.923881 2.38179e-07 0.923881 -0.38268 0 0.923881 -0.38268 0 0.92388 0.382681 0 0.92388 0.382681 -2.37264e-07 0.382685 0.923879 0 0.382685 0.923879 0 0.923882 0.382677 -2.38015e-07 0.923882 0.382677 0 -1 0 -3.57627e-07 -1 0 -4.16112e-07 -0 1 0 0 1 -2.25916e-07 0 1 -2.39777e-07 0 1 -1.38615e-08 -0 1 0 0 1 -2.19641e-07 0 1 -2.33117e-07 0 1 -1.34765e-08 </float_array>
          <technique_common>
            <accessor count="76" offset="0" source="#meshId7-bitangents-array" stride="3">
              <param name="X" type="float" />
              <param name="Y" type="float" />
              <param name="Z" type="float" />
            </accessor>
          </technique_common>
        </source>
        <source id="meshId7-tex0" name="meshId7-tex0">
          <float_array id="meshId7-tex0-array" count="152"> -1 -1.23394 -3.57628e-07 -1.23394 -3.57628e-07 -1.16086 -1 -1.16086 -2.08616e-07 -1.77038 -2.68221e-07 -1.28378 -1 -1.28378 -1 -1.77038 -4.17233e-07 -1.27858 0 -1.26198 -1 -1.26198 -1 -1.27858 -1 -1.9379 0 -1.9379 -1.19209e-07 -1.8621 -1 -1.8621 8.9407e-08 -1.15073 8.9407e-08 -1.1291 -1 -1.1291 -1 -1.15073 0.000160933 -0.781128 0.000160605 -0.0406677 -0.999839 -0.0406681 -0.999839 -0.781128 2.38419e-07 -0.983503 2.38419e-07 -0.86495 -1 -0.86495 -1 -0.983502 9.53674e-07 -0.843387 9.53674e-07 -0.82945 -1 -0.82945 -1 -0.843387 0 -1.1228 8.9407e-08 -1.01793 -1 -1.01793 -1 -1.1228 0.000160605 -0.036076 -0.999839 -0.0360764 -1.49012e-07 -0.0232736 0 -0.0186818 -1 -0.0186818 -1 -0.0232736 0.000160933 -0.787435 0.000160992 -0.784281 -0.999839 -0.784282 -0.999839 -0.787435 0.000160992 -0.784281 -0.999839 -0.784282 8.9407e-08 -1.12595 -1 -1.12595 8.9407e-08 -1.12595 -1 -1.12595 1.19209e-07 -0.861796 -1 -0.861796 9.53674e-07 -0.846541 -1 -0.846541 1.19209e-07 -0.986656 -1 -0.986656 0 -1.01478 -1 -1.01478 -2.08616e-07 -1.77804 -1 -1.77804 -4.17233e-07 -1.28118 -1 -1.28118 -4.17233e-07 -1.28118 -1 -1.28118 0.000160992 -0.816955 -0.999839 -0.816955 -2.08616e-07 -2.05447 -1 -2.05447 -1 -2.14553 -2.08616e-07 -2.14553 2.98023e-07 -2.20447 -1 -2.20447 -1 -2.29553 2.98023e-07 -2.29553 </float_array>
          <technique_common>
            <accessor count="76" offset="0" source="#meshId7-tex0-array" stride="2">
              <param name="S" type="float" />
              <param name="T" type="float" />
            </accessor>
          </technique_common>
        </source>
        <vertices id="meshId7-vertices">
          <input semantic="POSITION" source="#meshId7-positions" />
        </vertices>
        <polylist count="50" material="defaultMaterial">
          <input offset="0" semantic="VERTEX" source="#meshId7-vertices" />
          <input offset="0" semantic="NORMAL" source="#meshId7-normals" />
          <input offset="0" semantic="TANGENT" source="#meshId7-tangents" />
          <input offset="0" semantic="BINORMAL" source="#meshId7-bitangents" />
          <input offset="0" semantic="TEXCOORD" source="#meshId7-tex0" set="0" />
          <vcount>3 3 3 3 3 3 3 3 3 3 3 3 3 3 3 3 3 3 3 3 3 3 3 3 3 3 3 3 3 3 3 3 3 3 3 3 3 3 3 3 3 3 3 3 3 3 3 3 3 3 </vcount>
          <p>3 0 1 1 2 3 7 4 5 5 6 7 11 8 9 9 10 11 15 12 13 13 14 15 19 16 17 17 18 19 23 20 21 21 22 23 27 24 25 25 26 27 31 28 29 29 30 31 35 32 33 33 34 35 22 21 36 36 37 22 41 38 39 39 40 41 45 42 43 43 44 45 47 46 20 20 23 47 18 17 48 48 49 18 51 50 32 32 35 51 26 25 52 52 53 26 55 54 28 28 31 55 57 56 24 24 27 57 34 33 58 58 59 34 61 60 4 4 7 61 63 62 8 8 11 63 6 5 64 64 65 6 67 66 42 42 45 67 71 68 69 69 70 71 75 72 73 73 74 75 </p>
        </polylist>
      </mesh>
    </geometry>
    <geometry id="meshId8" name="meshId8_name" >
      <mesh>
        <source id="meshId8-positions" name="meshId8-positions">
          <float_array id="meshId8-positions-array" count="264"> 0.344304 0.187789 0 0.344304 0.187789 -0.3839 0.344641 0.186696 -0.3839 0.344641 0.186696 0 0.344472 0.189723 0 0.344472 0.189723 -0.3839 0.344305 0.189182 -0.3839 0.344305 0.189182 0 0.344178 0.158076 0 0.344178 0.158076 -0.3839 0.34551 0.156441 -0.3839 0.34551 0.156441 0 0.344178 0.159522 0 0.344892 0.161157 0 0.344892 0.161157 -0.3839 0.344178 0.159522 -0.3839 0.383025 0.190265 0 0.383025 0.190265 -0.3839 0.345407 0.190265 -0.3839 0.345407 0.190265 0 0.448114 -0.190265 -0.3839 0.448114 -0.190265 -0.3839 0.448114 -0.190265 0 0.448114 -0.190265 0 0.633434 0.155245 0 0.633434 0.155245 -0.3839 0.635295 0.157408 -0.3839 0.635295 0.157408 0 0.635295 0.158929 0 0.635295 0.158929 -0.3839 0.634132 0.161081 -0.3839 0.634132 0.161081 0 0.635146 0.187131 -0.3839 0.635146 0.187131 0 0.634431 0.185487 0 0.634431 0.185487 -0.3839 0.634789 0.189395 -0.3839 0.634789 0.189395 0 0.635145 0.188577 0 0.635145 0.188577 -0.3839 0.616112 0.190212 -0.3839 0.616112 0.190212 0 0.63354 0.190212 0 0.63354 0.190212 -0.3839 0.345045 0.190146 0 0.345045 0.190146 -0.3839 0.634286 0.18999 -0.3839 0.634286 0.18999 0 0.383643 0.190009 0 0.383643 0.190009 -0.3839 0.3839 0.18939 0 0.3839 0.18939 -0.3839 0.615493 0.189956 -0.3839 0.615493 0.189956 0 0.615237 0.189338 -0.3839 0.615237 0.189338 0 0.443287 -0.0523446 -0.3839 0.443287 -0.0523446 0 0.442124 -0.0545076 0 0.442124 -0.0545076 -0.3839 0.443287 -0.0508233 -0.3839 0.442124 -0.0486709 -0.3839 0.442124 -0.0486709 0 0.443287 -0.0508233 0 0.443137 -0.022621 -0.3839 0.443137 -0.022621 0 0.442423 -0.0242658 0 0.442423 -0.0242658 -0.3839 0.443137 -0.0211753 -0.3839 0.442424 -0.0195401 -0.3839 0.442424 -0.0195401 0 0.443137 -0.0211752 0 0.443287 0.0525262 -0.3839 0.443287 0.0525262 0 0.442124 0.0503632 0 0.442124 0.0503632 -0.3839 0.443287 0.0540475 -0.3839 0.442124 0.0561999 -0.3839 0.442124 0.0561999 0 0.443287 0.0540475 0 0.443137 0.0822498 -0.3839 0.443137 0.0822498 0 0.442423 0.080605 0 0.442423 0.080605 -0.3839 0.443137 0.0836955 -0.3839 0.442424 0.0853307 -0.3839 0.442424 0.0853307 0 0.443137 0.0836956 0 </float_array>
          <technique_common>
            <accessor count="88" offset="0" source="#meshId8-positions-array" stride="3">
              <param name="X" type="float" />
              <param name="Y" type="float" />
              <param name="Z" type="float" />
            </accessor>
          </technique_common>
        </source>
        <source id="meshId8-normals" name="meshId8-normals">
          <float_array id="meshId8-normals-array" count="264"> -0.982705 -0.185178 -7.18011e-09 -0.996269 -0.0863039 -6.69982e-09 -0.955438 -0.295192 -1.1458e-08 -0.955437 -0.295196 0 -0.856429 0.516265 4.99628e-08 -0.726104 0.687585 6.24791e-08 -0.990941 0.134295 2.20474e-08 -0.998715 0.0506823 3.93449e-09 -0.870818 -0.491606 -1.90778e-08 -0.959417 -0.281991 -2.18911e-08 -0.775468 -0.631387 -2.45075e-08 -0.775465 -0.63139 0 -0.974193 0.225715 8.76924e-09 -0.916597 0.399813 0 -0.916596 0.399816 1.55209e-08 -0.974193 0.225716 1.75247e-08 0.00337664 0.999994 0 0.0131831 0.999913 0 -0.00157529 0.999999 0 -0.00621255 0.999981 7.33291e-10 0 -1 0 0 -1 0 0 -1 0 0 -1 0 0.75799 -0.652266 2.53179e-08 0.757988 -0.652269 0 0.843558 -0.537038 2.08453e-08 0.941619 -0.336679 2.61366e-08 0.928682 0.370877 -1.43957e-08 0.975831 0.218525 -1.69642e-08 0.879726 0.475482 -1.8456e-08 0.879724 0.475484 0 0.957339 -0.288967 1.12117e-08 0.987846 -0.155435 1.20665e-08 0.917104 -0.398647 1.54736e-08 0.917103 -0.39865 0 0.878052 0.478566 -1.08991e-08 0.827652 0.561241 0 0.974196 0.225702 -8.76799e-09 0.995379 0.0960209 -7.45415e-09 -0.00721946 0.999974 0 -0.0274331 0.999624 0 0.00625109 0.99998 0 0.0235193 0.999723 0 -0.53867 0.842517 5.88842e-08 -0.453827 0.89109 4.98588e-08 0.627869 0.778319 0 0.462348 0.886699 0 0.707095 0.707119 0 0.707095 0.707119 0 0.923859 0.382732 0 0.923859 0.382732 0 -0.707077 0.707137 0 -0.707077 0.707137 0 -0.923859 0.382732 0 -0.923859 0.382732 0 0.929136 -0.369739 1.43515e-08 0.975923 -0.218113 1.69323e-08 0.880684 -0.473705 1.8387e-08 0.880682 -0.473707 0 0.953337 0.30191 -1.02976e-08 0.879716 0.4755 0 0.879714 0.475502 -1.62186e-08 0.953336 0.301911 -2.05953e-08 0.95734 -0.288962 1.12117e-08 0.987845 -0.155442 1.20676e-08 0.917109 -0.398635 1.54731e-08 0.917108 -0.398638 0 0.974195 0.225706 -8.25381e-09 0.916602 0.3998 0 0.916601 0.399803 -1.4608e-08 0.974195 0.225708 -1.64938e-08 0.929135 -0.36974 1.43515e-08 0.975923 -0.218113 1.69323e-08 0.880683 -0.473705 1.8387e-08 0.880682 -0.473708 0 0.953337 0.301909 -1.17577e-08 0.879716 0.475499 0 0.879715 0.475502 -1.85182e-08 0.953336 0.30191 -2.35155e-08 0.95734 -0.288963 1.12117e-08 0.987845 -0.155442 1.2067e-08 0.917109 -0.398636 1.54732e-08 0.917108 -0.398639 0 0.974195 0.225706 -8.76926e-09 0.916602 0.3998 0 0.916601 0.399803 -1.55211e-08 0.974195 0.225707 -1.75247e-08 </float_array>
          <technique_common>
            <accessor count="88" offset="0" source="#meshId8-normals-array" stride="3">
              <param name="X" type="float" />
              <param name="Y" type="float" />
              <param name="Z" type="float" />
            </accessor>
          </technique_common>
        </source>
        <source id="meshId8-tangents" name="meshId8-tangents">
          <float_array id="meshId8-tangents-array" count="264"> 5.41202e-09 1.00535e-08 -1 -3.67968e-11 7.80553e-08 -1 6.65517e-09 1.72747e-08 -1 0 0 -1 -2.10758e-08 6.1815e-08 -1 -4.43817e-08 4.39994e-08 -1 -1.34069e-08 6.52443e-08 -1 -3.76608e-11 7.68884e-08 -1 2.71359e-08 -9.26077e-09 -1 3.99396e-08 -5.82559e-08 -1 1.87625e-08 1.57712e-08 -1 3.76337e-08 -4.62211e-08 -1 -6.65962e-09 1.01078e-08 -1 0 0 -1 -8.08367e-08 -1.46502e-07 -1 -5.2651e-08 -1.49602e-07 -1 0 0 -1 -5.52906e-08 7.28965e-10 -1 0 0 -1 2.36439e-10 7.34777e-10 -1 1 0 0 1 0 0 1 0 0 1 0 0 5.94844e-08 3.03108e-08 -1 2.33269e-07 2.71077e-07 -1 1.21662e-07 1.52287e-07 -1 -1.89277e-08 -1.30567e-07 -1 1.06901e-07 -3.06497e-07 -1 1.2454e-08 -1.33244e-07 -1 1.29697e-07 -2.78777e-07 -1 1.70046e-07 -3.14613e-07 -1 -3.62125e-11 -3.8919e-08 -1 9.12961e-09 -1.96087e-08 -1 -1.41063e-08 -7.12674e-08 -1 0 0 -1 -4.96393e-08 6.83014e-08 -1 -3.2927e-08 4.85568e-08 -1 -2.63284e-08 7.47935e-08 -1 -5.4554e-09 -2.10784e-08 -1 0 0 -1 0 0 -1 0 0 -1 0 0 -1 -4.16024e-08 4.3292e-08 -1 -6.92089e-09 5.24279e-08 -1 -4.54862e-08 3.66937e-08 -1 0 0 -1 -8.21075e-11 8.21047e-11 -1 -7.78926e-08 7.78899e-08 -1 0 0 -1 -4.56091e-08 1.10094e-07 -1 -5.83327e-08 -5.83277e-08 -1 0 0 -1 -6.84105e-08 -1.65133e-07 -1 -7.36678e-11 -1.77823e-10 -1 -2.17505e-08 -1.58426e-08 1 -1.03024e-09 7.30208e-08 1 1.58309e-08 6.82471e-08 1 -5.64699e-08 -1.04985e-07 1 -1.9042e-08 9.4237e-08 1 -5.68212e-08 1.05124e-07 1 -1.41482e-08 6.02835e-08 1 1.22643e-10 6.78293e-08 1 -5.5444e-10 -4.06368e-08 -1 2.7621e-08 9.78992e-08 -1 3.31303e-08 3.7405e-08 -1 -4.75217e-08 -1.09328e-07 -1 -2.58971e-08 7.52083e-08 -1 -4.76941e-08 1.09346e-07 -1 -8.20016e-08 1.51462e-07 -1 -5.27393e-08 1.54557e-07 -1 5.33264e-08 1.72822e-07 1 -1.07249e-10 7.71507e-08 1 7.26469e-08 1.73876e-07 1 8.47064e-08 1.5748e-07 1 -8.20656e-09 6.48583e-08 1 2.83538e-08 -5.24571e-08 1 4.0476e-08 -3.59391e-08 1 3.48896e-08 -3.22812e-08 1 3.35567e-08 7.23742e-08 -1 -9.27291e-09 -1.36561e-07 -1 3.34148e-08 3.80595e-08 -1 4.75205e-08 1.09325e-07 -1 -2.60922e-08 7.37668e-08 -1 -4.75994e-08 1.09129e-07 -1 1.09021e-07 -2.88766e-07 -1 5.26667e-08 -3.04963e-07 -1 </float_array>
          <technique_common>
            <accessor count="88" offset="0" source="#meshId8-tangents-array" stride="3">
              <param name="X" type="float" />
              <param name="Y" type="float" />
              <param name="Z" type="float" />
            </accessor>
          </technique_common>
        </source>
        <source id="meshId8-bitangents" name="meshId8-bitangents">
          <float_array id="meshId8-bitangents-array" count="264"> 0.185178 -0.982705 -8.87748e-09 0.0863039 -0.996269 -7.77672e-08 0.295192 -0.955438 -1.45404e-08 0.295196 -0.955437 0 -0.516265 -0.856429 -4.20594e-08 -0.687585 -0.726104 -1.43189e-09 -0.134295 -0.990941 -6.28528e-08 -0.0506823 -0.998715 -7.67877e-08 0.491606 -0.870818 2.14046e-08 0.281991 -0.959417 6.71543e-08 0.631387 -0.775468 -3.83617e-10 0.63139 -0.775465 5.96044e-08 -0.225715 -0.974193 -8.3438e-09 -0.399813 -0.916597 -0 -0.399816 -0.916596 1.66603e-07 -0.225716 -0.974193 1.57625e-07 -0.999994 0.00337664 0 -0.999913 0.0131831 5.52954e-08 -0.999999 -0.00157529 -0 -0.999981 -0.00621255 -2.40999e-10 0 -0 -1 0 -0 -1 0 -0 -1 0 -0 -1 0.652266 0.75799 6.1775e-08 0.652269 0.757988 3.57627e-07 0.537038 0.843558 1.938e-07 0.336679 0.941619 -1.29317e-07 -0.370877 0.928682 -3.24285e-07 -0.218525 0.975831 -1.32746e-07 -0.475482 0.879726 -3.06916e-07 -0.475484 0.879724 -3.57626e-07 0.288967 0.957339 -3.72692e-08 0.155435 0.987846 -1.79513e-08 0.398647 0.917104 -7.0983e-08 0.39865 0.917103 0 -0.478566 0.878052 8.37279e-08 -0.561241 0.827652 5.86681e-08 -0.225702 0.974196 7.88059e-08 -0.0960209 0.995379 -2.04572e-08 -0.999974 -0.00721946 -0 -0.999624 -0.0274331 -0 -0.99998 0.00625109 0 -0.999723 0.0235193 0 -0.842517 -0.53867 1.17306e-08 -0.89109 -0.453827 -1.7626e-08 -0.778319 0.627869 5.84417e-08 -0.886699 0.462348 0 -0.707119 0.707095 1.16116e-10 -0.707119 0.707095 1.10155e-07 -0.382732 0.923859 0 -0.382732 0.923859 1.19167e-07 -0.707137 -0.707077 8.24913e-08 -0.707137 -0.707077 -0 -0.382732 -0.923859 1.78743e-07 -0.382732 -0.923859 1.92479e-10 -0.369739 -0.929136 -2.27619e-08 -0.218113 -0.975923 7.1038e-08 -0.473705 -0.880684 6.76032e-08 -0.473707 -0.880682 -1.19208e-07 0.30191 -0.953337 9.55885e-08 0.4755 -0.879716 1.19498e-07 0.475502 -0.879714 5.97598e-08 0.301911 -0.953336 6.46271e-08 0.288962 0.95734 -3.90634e-08 0.155442 0.987845 1.01003e-07 0.398635 0.917109 4.75114e-08 0.398638 0.917108 -1.1921e-07 -0.225706 0.974195 7.91127e-08 -0.3998 0.916602 1.19295e-07 -0.399803 0.916601 1.71614e-07 -0.225708 0.974195 1.62472e-07 -0.36974 -0.929135 1.80292e-07 -0.218113 -0.975923 7.52697e-08 -0.473705 -0.880683 1.87543e-07 -0.473708 -0.880682 1.78816e-07 0.301909 -0.953337 6.43094e-08 0.475499 -0.879716 -5.96296e-08 0.475502 -0.879715 -5.08626e-08 0.30191 -0.953336 -4.13084e-08 0.288963 0.95734 7.89834e-08 0.155442 0.987845 -1.36342e-07 0.398636 0.917109 4.82251e-08 0.398639 0.917108 1.19207e-07 -0.225706 0.974195 7.77525e-08 -0.3998 0.916602 1.19058e-07 -0.399803 0.916601 -3.0827e-07 -0.225707 0.974195 -3.08981e-07 </float_array>
          <technique_common>
            <accessor count="88" offset="0" source="#meshId8-bitangents-array" stride="3">
              <param name="X" type="float" />
              <param name="Y" type="float" />
              <param name="Z" type="float" />
            </accessor>
          </technique_common>
        </source>
        <source id="meshId8-tex0" name="meshId8-tex0">
          <float_array id="meshId8-tex0-array" count="176"> 1 -0.642677 2 -0.642678 2 -0.6397 1 -0.6397 1 -0.647783 2 -0.647783 2 -0.646307 1 -0.646307 1 -0.598541 2 -0.598541 2 -0.593047 1 -0.593046 1 -0.602306 1 -0.606954 2 -0.606954 2 -0.602307 1 -0.748619 2 -0.748619 2 -0.65063 1 -0.65063 0 0 0 0 0 0 0 0 0.999999 -0.863423 2 -0.863423 2 -0.85599 0.999999 -0.85599 0.999999 -0.852028 2 -0.852027 2 -0.845654 0.999999 -0.845654 2 -0.826308 1 -0.826308 1 -0.83098 2 -0.83098 2 -0.820219 1 -0.820219 1 -0.822542 2 -0.822542 2 -0.770763 0.999999 -0.770763 1 -0.816162 2 -0.816162 1 -0.649637 2 -0.649637 2 -0.81819 1 -0.81819 1 -0.750363 2 -0.750363 1 -0.752107 2 -0.752107 2 -0.76902 1 -0.76902 2 -0.767277 1 -0.767277 0.999998 -0.972214 2 -0.972214 2 -0.965817 0.999998 -0.965816 0.999998 -0.976177 0.999998 -0.98255 2 -0.98255 2 -0.976177 2 -0.901871 0.999999 -0.901871 0.999999 -0.906542 2 -0.906542 2 -0.898105 2 -0.893458 0.999999 -0.893458 0.999999 -0.898104 1 -0.972214 2 -0.972214 2 -0.965816 1 -0.965816 1 -0.976177 1 -0.98255 2 -0.98255 2 -0.976177 2 -0.901871 1 -0.901871 1 -0.906542 2 -0.906542 2 -0.898105 2 -0.893458 1 -0.893458 1 -0.898105 </float_array>
          <technique_common>
            <accessor count="88" offset="0" source="#meshId8-tex0-array" stride="2">
              <param name="S" type="float" />
              <param name="T" type="float" />
            </accessor>
          </technique_common>
        </source>
        <vertices id="meshId8-vertices">
          <input semantic="POSITION" source="#meshId8-positions" />
        </vertices>
        <polylist count="70" material="defaultMaterial">
          <input offset="0" semantic="VERTEX" source="#meshId8-vertices" />
          <input offset="0" semantic="NORMAL" source="#meshId8-normals" />
          <input offset="0" semantic="TANGENT" source="#meshId8-tangents" />
          <input offset="0" semantic="BINORMAL" source="#meshId8-bitangents" />
          <input offset="0" semantic="TEXCOORD" source="#meshId8-tex0" set="0" />
          <vcount>3 3 3 3 3 3 3 3 3 3 3 3 3 3 3 3 3 3 3 3 3 3 3 3 3 3 3 3 3 3 3 3 3 3 3 3 3 3 3 3 3 3 3 3 3 3 3 3 3 3 3 3 3 3 3 3 3 3 3 3 3 3 3 3 3 3 3 3 3 3 </vcount>
          <p>0 1 2 2 3 0 4 5 6 6 7 4 7 6 1 1 0 7 8 9 10 10 11 8 12 13 14 14 15 12 12 15 9 9 8 12 16 17 18 18 19 16 20 21 22 22 23 20 24 25 26 26 27 24 28 29 30 30 31 28 27 26 29 29 28 27 32 33 34 34 35 32 36 37 38 38 39 36 39 38 33 33 32 39 40 41 42 42 43 40 44 45 5 5 4 44 19 18 45 45 44 19 46 47 37 37 36 46 43 42 47 47 46 43 48 49 17 17 16 48 48 50 51 51 49 48 52 53 41 41 40 52 52 54 55 55 53 52 56 57 58 58 59 56 60 61 62 62 63 60 60 63 57 57 56 60 64 65 66 66 67 64 68 69 70 70 71 68 68 71 65 65 64 68 72 73 74 74 75 72 76 77 78 78 79 76 76 79 73 73 72 76 80 81 82 82 83 80 84 85 86 86 87 84 84 87 81 81 80 84 </p>
        </polylist>
      </mesh>
    </geometry>
    <geometry id="meshId9" name="meshId9_name" >
      <mesh>
        <source id="meshId9-positions" name="meshId9-positions">
          <float_array id="meshId9-positions-array" count="18"> 0.441484 -0.113683 -0.3839 0.441484 0.143728 -0.3839 0.441484 0.143728 0 0.441484 -0.113683 0 0.442609 0.146442 -0.3839 0.442609 0.146442 0 </float_array>
          <technique_common>
            <accessor count="6" offset="0" source="#meshId9-positions-array" stride="3">
              <param name="X" type="float" />
              <param name="Y" type="float" />
              <param name="Z" type="float" />
            </accessor>
          </technique_common>
        </source>
        <source id="meshId9-normals" name="meshId9-normals">
          <float_array id="meshId9-normals-array" count="18"> 1 0 0 0.999991 -0.00432212 0 0.999991 -0.00432212 0 1 0 0 0.92388 -0.382682 0 0.92388 -0.382682 0 </float_array>
          <technique_common>
            <accessor count="6" offset="0" source="#meshId9-normals-array" stride="3">
              <param name="X" type="float" />
              <param name="Y" type="float" />
              <param name="Z" type="float" />
            </accessor>
          </technique_common>
        </source>
        <source id="meshId9-tangents" name="meshId9-tangents">
          <float_array id="meshId9-tangents-array" count="18"> 0 0 -1 -6.70593e-10 -1.55154e-07 -1 -5.17381e-10 -1.19704e-07 -1 0 -1.48767e-07 -1 -9.07929e-08 -2.19194e-07 -1 0 0 -1 </float_array>
          <technique_common>
            <accessor count="6" offset="0" source="#meshId9-tangents-array" stride="3">
              <param name="X" type="float" />
              <param name="Y" type="float" />
              <param name="Z" type="float" />
            </accessor>
          </technique_common>
        </source>
        <source id="meshId9-bitangents" name="meshId9-bitangents">
          <float_array id="meshId9-bitangents-array" count="18"> -0 1 0 0.00432212 0.999991 -1.55155e-07 0.00432212 0.999991 -1.19705e-07 0 1 -1.48767e-07 0.382682 0.92388 -2.37254e-07 0.382682 0.92388 0 </float_array>
          <technique_common>
            <accessor count="6" offset="0" source="#meshId9-bitangents-array" stride="3">
              <param name="X" type="float" />
              <param name="Y" type="float" />
              <param name="Z" type="float" />
            </accessor>
          </technique_common>
        </source>
        <source id="meshId9-tex0" name="meshId9-tex0">
          <float_array id="meshId9-tex0-array" count="12"> 1 -1.98908 1 -1.31857 -1.78814e-07 -1.31857 -5.96046e-08 -1.98908 1 -1.31091 -1.78814e-07 -1.31091 </float_array>
          <technique_common>
            <accessor count="6" offset="0" source="#meshId9-tex0-array" stride="2">
              <param name="S" type="float" />
              <param name="T" type="float" />
            </accessor>
          </technique_common>
        </source>
        <vertices id="meshId9-vertices">
          <input semantic="POSITION" source="#meshId9-positions" />
        </vertices>
        <polylist count="4" material="defaultMaterial">
          <input offset="0" semantic="VERTEX" source="#meshId9-vertices" />
          <input offset="0" semantic="NORMAL" source="#meshId9-normals" />
          <input offset="0" semantic="TANGENT" source="#meshId9-tangents" />
          <input offset="0" semantic="BINORMAL" source="#meshId9-bitangents" />
          <input offset="0" semantic="TEXCOORD" source="#meshId9-tex0" set="0" />
          <vcount>3 3 3 3 </vcount>
          <p>3 0 1 1 2 3 2 1 4 4 5 2 </p>
        </polylist>
      </mesh>
    </geometry>
    <geometry id="meshId10" name="meshId10_name" >
      <mesh>
        <source id="meshId10-positions" name="meshId10-positions">
          <float_array id="meshId10-positions-array" count="42"> 0.450033 -0.188346 -0.3839 0.450033 -0.12452 -0.3839 0.450033 -0.12452 0 0.450033 -0.188346 0 0.447896 -0.120527 -0.3839 0.443621 -0.117676 -0.3839 0.443621 -0.117676 0 0.447896 -0.120527 0 0.448114 -0.190265 0 0.448114 -0.190265 -0.3839 0.449471 -0.189703 -0.3839 0.449471 -0.189703 0 0.441484 -0.113683 -0.3839 0.441484 -0.113683 0 </float_array>
          <technique_common>
            <accessor count="14" offset="0" source="#meshId10-positions-array" stride="3">
              <param name="X" type="float" />
              <param name="Y" type="float" />
              <param name="Z" type="float" />
            </accessor>
          </technique_common>
        </source>
        <source id="meshId10-normals" name="meshId10-normals">
          <float_array id="meshId10-normals-array" count="42"> 0.999963 -0.00862393 0 0.999504 0.0314945 0 0.999504 0.0314945 0 0.999963 -0.00862393 0 0.729774 0.683689 0 0.729774 0.683688 0 0.729774 0.683688 0 0.729774 0.683689 0 0.38268 -0.923881 0 0.38268 -0.923881 0 0.707107 -0.707107 0 0.707107 -0.707107 0 0.8817 0.471811 0 0.8817 0.471811 0 </float_array>
          <technique_common>
            <accessor count="14" offset="0" source="#meshId10-normals-array" stride="3">
              <param name="X" type="float" />
              <param name="Y" type="float" />
              <param name="Z" type="float" />
            </accessor>
          </technique_common>
        </source>
        <source id="meshId10-tangents" name="meshId10-tangents">
          <float_array id="meshId10-tangents-array" count="42"> 0 0 -1 0 0 -1 0 0 -1 0 0 -1 0 0 -1 0 0 -1 0 0 -1 0 0 -1 0 0 -1 0 0 -1 0 0 -1 0 0 -1 0 0 -1 0 0 -1 </float_array>
          <technique_common>
            <accessor count="14" offset="0" source="#meshId10-tangents-array" stride="3">
              <param name="X" type="float" />
              <param name="Y" type="float" />
              <param name="Z" type="float" />
            </accessor>
          </technique_common>
        </source>
        <source id="meshId10-bitangents" name="meshId10-bitangents">
          <float_array id="meshId10-bitangents-array" count="42"> 0.00862393 0.999963 0 -0.0314945 0.999504 0 -0.0314945 0.999504 0 0.00862393 0.999963 0 -0.683689 0.729774 0 -0.683688 0.729774 0 -0.683688 0.729774 0 -0.683689 0.729774 0 0.923881 0.38268 0 0.923881 0.38268 0 0.707107 0.707107 0 0.707107 0.707107 0 -0.471811 0.8817 0 -0.471811 0.8817 0 </float_array>
          <technique_common>
            <accessor count="14" offset="0" source="#meshId10-bitangents-array" stride="3">
              <param name="X" type="float" />
              <param name="Y" type="float" />
              <param name="Z" type="float" />
            </accessor>
          </technique_common>
        </source>
        <source id="meshId10-tex0" name="meshId10-tex0">
          <float_array id="meshId10-tex0-array" count="28"> 1 -2.53018 1 -2.36392 4.47035e-07 -2.36392 4.47035e-07 -2.53018 1 -2.35213 1 -2.33874 4.47035e-07 -2.33874 4.47035e-07 -2.35213 4.17233e-07 -2.53783 1 -2.53783 1 -2.53401 4.47035e-07 -2.53401 1 -2.32694 4.47035e-07 -2.32694 </float_array>
          <technique_common>
            <accessor count="14" offset="0" source="#meshId10-tex0-array" stride="2">
              <param name="S" type="float" />
              <param name="T" type="float" />
            </accessor>
          </technique_common>
        </source>
        <vertices id="meshId10-vertices">
          <input semantic="POSITION" source="#meshId10-positions" />
        </vertices>
        <polylist count="12" material="defaultMaterial">
          <input offset="0" semantic="VERTEX" source="#meshId10-vertices" />
          <input offset="0" semantic="NORMAL" source="#meshId10-normals" />
          <input offset="0" semantic="TANGENT" source="#meshId10-tangents" />
          <input offset="0" semantic="BINORMAL" source="#meshId10-bitangents" />
          <input offset="0" semantic="TEXCOORD" source="#meshId10-tex0" set="0" />
          <vcount>3 3 3 3 3 3 3 3 3 3 3 3 </vcount>
          <p>3 0 1 1 2 3 7 4 5 5 6 7 11 8 9 9 10 11 11 10 0 0 3 11 6 5 12 12 13 6 2 1 4 4 7 2 </p>
        </polylist>
      </mesh>
    </geometry>
    <geometry id="meshId11" name="meshId11_name" >
      <mesh>
        <source id="meshId11-positions" name="meshId11-positions">
          <float_array id="meshId11-positions-array" count="12"> 0.381998 0.0978823 -0.3839 0.290826 0.0978823 -0.3839 0.290826 0.0978823 0 0.381998 0.0978823 0 </float_array>
          <technique_common>
            <accessor count="4" offset="0" source="#meshId11-positions-array" stride="3">
              <param name="X" type="float" />
              <param name="Y" type="float" />
              <param name="Z" type="float" />
            </accessor>
          </technique_common>
        </source>
        <source id="meshId11-normals" name="meshId11-normals">
          <float_array id="meshId11-normals-array" count="12"> 0 1 0 0 1 0 0 1 0 0 1 0 </float_array>
          <technique_common>
            <accessor count="4" offset="0" source="#meshId11-normals-array" stride="3">
              <param name="X" type="float" />
              <param name="Y" type="float" />
              <param name="Z" type="float" />
            </accessor>
          </technique_common>
        </source>
        <source id="meshId11-tangents" name="meshId11-tangents">
          <float_array id="meshId11-tangents-array" count="12"> -0.000118233 0 -1 -0.000118232 0 -1 -0.000118226 0 -1 -0.000118227 0 -1 </float_array>
          <technique_common>
            <accessor count="4" offset="0" source="#meshId11-tangents-array" stride="3">
              <param name="X" type="float" />
              <param name="Y" type="float" />
              <param name="Z" type="float" />
            </accessor>
          </technique_common>
        </source>
        <source id="meshId11-bitangents" name="meshId11-bitangents">
          <float_array id="meshId11-bitangents-array" count="12"> -1 0 0.000118233 -1 0 0.000118232 -1 0 0.000118226 -1 0 0.000118227 </float_array>
          <technique_common>
            <accessor count="4" offset="0" source="#meshId11-bitangents-array" stride="3">
              <param name="X" type="float" />
              <param name="Y" type="float" />
              <param name="Z" type="float" />
            </accessor>
          </technique_common>
        </source>
        <source id="meshId11-tex0" name="meshId11-tex0">
          <float_array id="meshId11-tex0-array" count="8"> -1.40369e-05 0.0311958 1.40071e-05 0.268686 -0.999986 0.268804 -1.00001 0.0313141 </float_array>
          <technique_common>
            <accessor count="4" offset="0" source="#meshId11-tex0-array" stride="2">
              <param name="S" type="float" />
              <param name="T" type="float" />
            </accessor>
          </technique_common>
        </source>
        <vertices id="meshId11-vertices">
          <input semantic="POSITION" source="#meshId11-positions" />
        </vertices>
        <polylist count="2" material="defaultMaterial">
          <input offset="0" semantic="VERTEX" source="#meshId11-vertices" />
          <input offset="0" semantic="NORMAL" source="#meshId11-normals" />
          <input offset="0" semantic="TANGENT" source="#meshId11-tangents" />
          <input offset="0" semantic="BINORMAL" source="#meshId11-bitangents" />
          <input offset="0" semantic="TEXCOORD" source="#meshId11-tex0" set="0" />
          <vcount>3 3 </vcount>
          <p>3 0 1 1 2 3 </p>
        </polylist>
      </mesh>
    </geometry>
    <geometry id="meshId12" name="meshId12_name" >
      <mesh>
        <source id="meshId12-positions" name="meshId12-positions">
          <float_array id="meshId12-positions-array" count="567"> 0.276007 -0.127056 -0.354895 0.276959 -0.127048 -0.355847 0.276959 -0.146722 -0.355847 0.276007 -0.145769 -0.354895 0.276007 -0.0661275 -0.354895 0.276959 -0.066135 -0.355847 0.276959 -0.146722 -0.329057 0.276007 -0.145769 -0.329067 0.276959 -0.146722 -0.246792 0.276007 -0.145769 -0.246782 0.276007 -0.128211 -0.330219 0.276959 -0.127259 -0.329267 0.276959 -0.0659247 -0.329267 0.276007 -0.0649724 -0.330219 0.276007 -0.128211 -0.24563 0.276959 -0.127259 -0.246582 0.276007 -0.0649724 -0.24563 0.276959 -0.0659247 -0.246582 0.276959 -0.146722 -0.220002 0.276007 -0.145769 -0.220955 0.276959 -0.127048 -0.220002 0.276007 -0.127056 -0.220955 0.276959 -0.066135 -0.220002 0.276007 -0.0661275 -0.220954 0.276007 -0.0458381 -0.354895 0.276959 -0.0458306 -0.355847 0.276959 -0.0458306 -0.220002 0.276007 -0.0458381 -0.220954 0.276007 0.0556992 -0.354895 0.276959 0.0556916 -0.355847 0.276007 -0.0469932 -0.330219 0.276959 -0.0460409 -0.329267 0.276959 0.055902 -0.329267 0.276007 0.0568543 -0.330219 0.276007 -0.0469932 -0.24563 0.276959 -0.0460409 -0.246582 0.276007 0.0568543 -0.24563 0.276959 0.055902 -0.246582 0.276959 0.0556916 -0.220002 0.276007 0.0556992 -0.220955 0.276007 0.0744127 -0.354895 0.276959 0.075365 -0.355847 0.276959 0.075365 -0.220002 0.276007 0.0744127 -0.220955 0.276007 0.0744127 -0.329067 0.276959 0.075365 -0.329057 0.276007 0.0744127 -0.246782 0.276959 0.075365 -0.246792 0.276007 -0.127056 -0.162945 0.276959 -0.127048 -0.163897 0.276959 -0.146722 -0.163897 0.276007 -0.145769 -0.162945 0.276007 -0.0255186 -0.162945 0.276959 -0.0255262 -0.163897 0.276959 -0.146722 -0.137107 0.276007 -0.145769 -0.137117 0.276959 -0.146722 -0.0548429 0.276007 -0.145769 -0.0548326 0.276007 -0.128211 -0.13827 0.276959 -0.127259 -0.137317 0.276959 -0.0253158 -0.137317 0.276007 -0.0243636 -0.13827 0.276007 -0.128211 -0.0536803 0.276959 -0.127259 -0.0546325 0.276007 -0.0243636 -0.0536802 0.276959 -0.0253158 -0.0546325 0.276959 -0.146722 -0.0280526 0.276007 -0.145769 -0.0290049 0.276959 -0.127048 -0.0280526 0.276007 -0.127056 -0.0290049 0.276959 -0.0255262 -0.0280526 0.276007 -0.0255186 -0.0290048 0.276007 -0.00522921 -0.162945 0.276959 -0.00522167 -0.163897 0.276959 -0.00522167 -0.0280526 0.276007 -0.00522921 -0.0290048 0.276007 0.0556992 -0.162945 0.276959 0.0556916 -0.163897 0.276007 -0.00638427 -0.13827 0.276959 -0.00543203 -0.137317 0.276959 0.055902 -0.137317 0.276007 0.0568543 -0.13827 0.276007 -0.00638427 -0.0536802 0.276959 -0.00543203 -0.0546325 0.276007 0.0568543 -0.0536802 0.276959 0.055902 -0.0546325 0.276959 0.0556916 -0.0280525 0.276007 0.0556992 -0.0290048 0.276007 0.0744127 -0.162945 0.276959 0.075365 -0.163897 0.276959 0.075365 -0.0280525 0.276007 0.0744127 -0.0290048 0.276007 0.0744127 -0.137117 0.276959 0.075365 -0.137107 0.276007 0.0744127 -0.0548326 0.276959 0.075365 -0.0548428 0.276959 -0.146722 -0.355847 0.276959 -0.127048 -0.355847 0.277912 -0.127048 -0.355847 0.277912 -0.146722 -0.355847 0.276959 -0.146722 -0.355847 0.277912 -0.146722 -0.355847 0.277912 -0.146722 -0.329057 0.277912 -0.127259 -0.246582 0.277912 -0.127259 -0.329267 0.277912 -0.146722 -0.246792 0.277912 -0.146722 -0.220002 0.276959 -0.146722 -0.220002 0.277912 -0.146722 -0.220002 0.277912 -0.127048 -0.220002 0.276959 -0.066135 -0.355847 0.277912 -0.066135 -0.355847 0.277912 -0.0659247 -0.246582 0.277912 -0.127259 -0.246582 0.277912 -0.127259 -0.329267 0.277912 -0.0659247 -0.329267 0.277912 -0.066135 -0.220002 0.277912 -0.0458306 -0.355847 0.277912 -0.0460409 -0.246582 0.277912 -0.0460409 -0.329267 0.277912 -0.0659247 -0.329267 0.277912 -0.0659247 -0.246582 0.277912 -0.0458306 -0.220002 0.277912 0.0556916 -0.355847 0.277912 0.055902 -0.246582 0.277912 -0.0460409 -0.246582 0.277912 -0.0460409 -0.329267 0.277912 0.055902 -0.329267 0.276959 0.0556916 -0.220002 0.277912 0.0556916 -0.220002 0.276959 0.075365 -0.355847 0.277912 0.075365 -0.329057 0.277912 0.075365 -0.355847 0.276959 0.075365 -0.355847 0.277912 0.075365 -0.355847 0.277912 0.075365 -0.246792 0.277912 0.055902 -0.329267 0.277912 0.055902 -0.246582 0.276959 0.075365 -0.220002 0.277912 0.075365 -0.220002 0.276959 0.075365 -0.220002 0.277912 0.075365 -0.220002 0.276959 -0.146722 -0.163897 0.276959 -0.127048 -0.163897 0.277912 -0.127048 -0.163897 0.277912 -0.146722 -0.163897 0.276959 -0.146722 -0.163897 0.277912 -0.146722 -0.163897 0.277912 -0.146722 -0.137107 0.277912 -0.127259 -0.0546325 0.277912 -0.127259 -0.137317 0.277912 -0.146722 -0.0548429 0.277912 -0.146722 -0.0280526 0.276959 -0.127048 -0.0280526 0.276959 -0.146722 -0.0280526 0.277912 -0.146722 -0.0280526 0.277912 -0.127048 -0.0280526 0.276959 -0.0255262 -0.163897 0.277912 -0.0255262 -0.163897 0.277912 -0.0253158 -0.0546325 0.277912 -0.127259 -0.0546325 0.277912 -0.127259 -0.137317 0.277912 -0.0253158 -0.137317 0.277912 -0.0255262 -0.0280526 0.277912 -0.00522167 -0.163897 0.277912 -0.00543203 -0.0546325 0.277912 -0.00543203 -0.137317 0.277912 -0.0253158 -0.137317 0.277912 -0.0253158 -0.0546325 0.277912 -0.00522167 -0.0280526 0.277912 0.0556916 -0.163897 0.277912 0.055902 -0.0546325 0.277912 -0.00543203 -0.0546325 0.277912 -0.00543203 -0.137317 0.277912 0.055902 -0.137317 0.276959 0.0556916 -0.0280525 0.277912 0.0556916 -0.0280525 0.276959 0.075365 -0.163897 0.277912 0.075365 -0.137107 0.277912 0.075365 -0.163897 0.276959 0.075365 -0.163897 0.277912 0.075365 -0.163897 0.277912 0.075365 -0.0548428 0.277912 0.055902 -0.137317 0.277912 0.055902 -0.0546325 0.276959 0.075365 -0.0280525 0.277912 0.075365 -0.0280525 0.276959 0.075365 -0.0280525 0.277912 0.075365 -0.0280525 </float_array>
          <technique_common>
            <accessor count="189" offset="0" source="#meshId12-positions-array" stride="3">
              <param name="X" type="float" />
              <param name="Y" type="float" />
              <param name="Z" type="float" />
            </accessor>
          </technique_common>
        </source>
        <source id="meshId12-normals" name="meshId12-normals">
          <float_array id="meshId12-normals-array" count="567"> -0.999342 -1.88174e-07 -0.0362759 -0.446442 8.18074e-08 -0.894813 -0.462498 -0.715243 -0.52395 -0.996546 -0.0670914 -0.0489436 -0.999333 0 -0.0365146 -0.447472 0 -0.894298 -0.446834 -0.894617 1.50734e-08 -0.998758 -0.0498173 1.70544e-09 -0.446828 -0.89462 -1.50744e-08 -0.998758 -0.0498186 -1.70533e-09 -0.999848 0.0139759 0.0104085 -0.633412 0.620984 0.461701 -0.633412 -0.620984 0.461701 -0.999858 -0.0135357 0.0100805 -0.999848 0.0139759 -0.0104083 -0.63341 0.620989 -0.461697 -0.999858 -0.0135357 -0.0100802 -0.63341 -0.620989 -0.461697 -0.462486 -0.715244 0.523959 -0.996546 -0.0670914 0.0489458 -0.446467 -2.75842e-07 0.8948 -0.999342 -2.30127e-07 0.0362757 -0.447504 -3.53642e-07 0.894282 -0.999333 -2.87541e-08 0.0365139 -0.99934 1.498e-07 -0.0363331 -0.447572 5.42936e-08 -0.894248 -0.447567 2.89969e-07 0.89425 -0.99934 1.68884e-07 0.0363321 -0.999345 1.24411e-07 -0.0361746 -0.446883 -5.39286e-08 -0.894593 -0.999859 0.010589 0.0130273 -0.634999 0.487 0.599673 -0.635002 -0.486998 0.599671 -0.999852 -0.0108567 0.0133566 -0.999859 0.0105889 -0.0130273 -0.634999 0.487 -0.599673 -0.999852 -0.0108567 -0.0133565 -0.635002 -0.486998 -0.599671 -0.446873 1.83519e-07 0.894598 -0.999346 1.60793e-07 0.0361735 -0.996546 0.0670902 -0.0489457 -0.462487 0.715245 -0.523957 -0.462472 0.715251 0.523962 -0.996546 0.0670905 0.0489459 -0.998758 0.0498175 1.75576e-08 -0.446833 0.894618 1.20595e-07 -0.998758 0.0498175 -1.44217e-08 -0.446833 0.894618 -9.28753e-08 -0.999346 -1.07389e-07 -0.0361737 -0.446926 5.43136e-08 -0.894571 -0.462485 -0.715247 -0.523956 -0.996546 -0.0670919 -0.0489451 -0.99934 0 -0.0363323 -0.447619 0 -0.894224 -0.446832 -0.894618 1.50734e-08 -0.998758 -0.0498171 1.70544e-09 -0.446831 -0.894618 -1.50733e-08 -0.998758 -0.049817 -1.70543e-09 -0.999852 0.0108565 0.0133568 -0.634971 0.487011 0.599694 -0.63497 -0.487013 0.599693 -0.999859 -0.0105888 0.0130275 -0.999852 0.0108572 -0.0133561 -0.634968 0.48701 -0.599698 -0.999859 -0.0105888 -0.0130271 -0.634968 -0.487017 -0.599691 -0.462495 -0.715244 0.52395 -0.996546 -0.0670911 0.0489434 -0.446887 -1.83146e-07 0.89459 -0.999346 -1.52375e-07 0.0361738 -0.447565 -2.35686e-07 0.894251 -0.99934 -1.90856e-08 0.0363328 -0.999333 2.25688e-07 -0.0365148 -0.447516 8.14679e-08 -0.894276 -0.447499 -9.70376e-07 0.894285 -0.999333 -2.64963e-08 0.0365147 -0.999342 1.87894e-07 -0.0362767 -0.446463 -8.12249e-08 -0.894802 -0.999858 0.0135358 0.0100806 -0.633413 0.620982 0.461702 -0.633418 -0.620976 0.461703 -0.999848 -0.0139761 0.0104085 -0.999858 0.0135357 -0.0100806 -0.633413 0.620982 -0.461703 -0.999848 -0.0139761 -0.0104086 -0.633418 -0.620977 -0.461703 -0.446469 -1.06319e-06 0.894799 -0.999342 1.74478e-07 0.0362765 -0.996546 0.0670904 -0.0489459 -0.462472 0.715251 -0.523962 -0.462487 0.715245 0.523957 -0.996546 0.0670912 0.0489458 -0.998758 0.0498174 -4.71316e-08 -0.446833 0.894618 1.20595e-07 -0.998758 0.0498177 -7.5196e-08 -0.446833 0.894618 -9.28753e-08 -0.462498 -0.715243 -0.52395 -0.446442 8.18074e-08 -0.894813 0 0 -1 0 0 -1 -0.462498 -0.715243 -0.52395 0 -1 0 0 -1 0 0 1 0 0 1 0 0 -1 0 0 -1 0 -0.462486 -0.715244 0.523959 0 0 1 0 0 1 -0.447472 0 -0.894298 0 0 -1 0 0 -1 0 0 -1 0 0 1 0 0 1 0 0 1 0 0 -1 0 1 0 0 1 0 0 -1 0 0 -1 0 0 0 1 0 0 -1 0 0 -1 0 0 -1 0 0 1 0 0 1 -0.446873 1.83519e-07 0.894598 0 0 1 -0.462487 0.715245 -0.523957 0 1 0 0 1 0 -0.462487 0.715245 -0.523957 0 0 -1 0 1 0 0 -1 0 0 -1 0 -0.462472 0.715251 0.523962 0 1 0 -0.462472 0.715251 0.523962 0 0 1 -0.462485 -0.715247 -0.523956 -0.446926 5.43136e-08 -0.894571 0 0 -1 0 0 -1 -0.462485 -0.715247 -0.523956 0 -1 0 0 -1 0 0 1 0 0 1 0 0 -1 0 0 -1 0 -0.446887 -1.83146e-07 0.89459 -0.462495 -0.715244 0.52395 0 0 1 0 0 1 -0.447619 0 -0.894224 0 0 -1 0 0 -1 0 0 -1 0 0 1 0 0 1 0 0 1 0 0 -1 0 1 0 0 1 0 0 -1 0 0 -1 0 0 -1.4425e-06 1 0 0 -1 0 0 -1 0 0 -1 0 0 1 0 0 1 -0.446469 -1.06319e-06 0.894799 0 -1.4538e-06 1 -0.462472 0.715251 -0.523962 0 1 0 0 1 0 -0.462472 0.715251 -0.523962 0 0 -1 0 1 0 0 -1 0 0 -1 0 -0.462487 0.715245 0.523957 0 1 0 -0.462487 0.715245 0.523957 0 0 1 </float_array>
          <technique_common>
            <accessor count="189" offset="0" source="#meshId12-normals-array" stride="3">
              <param name="X" type="float" />
              <param name="Y" type="float" />
              <param name="Z" type="float" />
            </accessor>
          </technique_common>
        </source>
        <source id="meshId12-tangents" name="meshId12-tangents">
          <float_array id="meshId12-tangents-array" count="567"> -0.0362758 -1.56082e-05 0.999342 -0.894813 -2.35087e-05 0.446442 -0.537417 -0.243866 0.807287 -0.0504359 0.0207324 0.998512 -0.0365145 8.48114e-06 0.999333 -0.894298 1.33347e-05 0.447472 4.51367e-07 -2.08595e-07 1 5.5809e-09 -7.76549e-08 1 1.22965e-07 -7.82666e-08 1 -8.1484e-09 1.29127e-07 1 0.0104316 0.00158098 0.999944 0.536272 -0.0778658 0.840446 0.536273 0.0778648 0.840446 0.0101022 -0.00153722 0.999948 -0.0104314 -0.00158168 0.999944 -0.53627 0.0778658 0.840447 -0.0101019 0.00153665 0.999948 -0.536269 -0.0778673 0.840448 0.424073 0.340529 0.839167 0.0504382 -0.0207331 0.998512 0.8948 -1.973e-05 0.446467 0.0362757 1.69586e-05 0.999342 0.894282 -7.83812e-06 0.447504 0.0365139 -1.00383e-05 0.999333 -0.0363331 6.06923e-07 0.99934 -0.894248 5.3733e-07 0.447572 0.89425 -3.77612e-06 0.447567 0.036332 -2.53263e-06 0.99934 -0.0361746 2.06788e-05 0.999345 -0.894593 1.68448e-05 0.446883 0.0130404 0.00117098 0.999914 0.63668 -0.109711 0.763284 0.636684 0.109698 0.763282 0.0133704 -0.00120081 0.99991 -0.0130404 -0.00117255 0.999914 -0.63668 0.10971 0.763284 -0.0133703 0.00120017 0.99991 -0.636683 -0.1097 0.763283 0.894598 -3.18775e-05 0.446873 0.0361735 -2.18403e-05 0.999345 -0.0504398 -0.0207592 0.998511 -0.53743 0.243868 0.807278 0.537432 -0.243877 0.807274 0.0504397 0.0207546 0.998511 4.58695e-08 5.6717e-07 1 1.69681e-07 -5.00505e-08 1 -1.88146e-08 -8.77112e-08 1 -2.57173e-07 -2.46341e-08 1 0.0361737 2.79137e-05 -0.999345 0.894571 4.30233e-05 -0.446926 0.537412 0.243884 -0.807285 0.0504365 -0.0207173 -0.998512 0.0363324 -2.77516e-05 -0.99934 0.894224 -4.42796e-05 -0.447619 -4.50702e-07 2.08261e-07 -1 -2.08143e-09 7.49574e-09 -1 1.29335e-07 -4.77496e-08 -1 3.00381e-08 -5.67985e-07 -1 -0.0133706 -0.00120064 -0.99991 -0.636701 0.109727 -0.763264 -0.636696 -0.109737 -0.763267 -0.0130406 0.00117019 -0.999914 0.0133699 0.0012007 -0.99991 0.636711 -0.109717 -0.763257 0.0130402 -0.00116794 -0.999914 0.636693 0.10974 -0.763268 -0.42407 -0.340519 -0.839173 -0.0504359 0.0207342 -0.998512 -0.89459 -4.25323e-05 -0.446887 -0.0361737 -2.72431e-05 -0.999345 -0.894251 6.56772e-06 -0.447565 -0.0363327 1.6967e-05 -0.99934 0.0365148 5.68686e-06 -0.999333 0.894276 5.85596e-07 -0.447516 -0.894285 -1.55918e-05 -0.447499 -0.0365147 -7.57198e-06 -0.999333 0.0362766 -1.69551e-05 -0.999342 0.894802 -6.67924e-06 -0.446463 -0.0101023 -0.00153592 -0.999948 -0.536272 0.0778677 -0.840446 -0.536277 -0.0778572 -0.840444 -0.0104317 0.001583 -0.999944 0.0101023 0.00153534 -0.999948 0.536272 -0.0778673 -0.840446 0.0104318 -0.00158302 -0.999944 0.536274 0.0778608 -0.840445 -0.894799 3.17716e-05 -0.446469 -0.0362764 2.16541e-05 -0.999342 0.0504388 0.0207411 -0.998512 0.537423 -0.243885 -0.807277 -0.537422 0.243875 -0.807281 -0.0504386 -0.0207387 -0.998512 1.87394e-08 -5.70394e-07 -1 -1.76493e-07 4.66484e-08 -1 8.53173e-08 2.0104e-07 -1 5.40017e-07 1.65905e-07 -1 -0.886621 0.3731 0.273314 -0.894813 -4.08155e-08 0.446442 -1 0 0 -1 0 0 -0.284503 -0.439979 0.851749 0 0 1 5.45134e-07 0 1 0 0 1 0 0 1 0 0 1 -1.09028e-06 0 1 0.886627 -0.373089 0.273309 1 0 0 1 -5.82628e-05 0 -0.894298 0 0.447472 -1 0 0 -1 0 0 -1 0 0 1 0 0 1 0 0 1 -2.94597e-07 0 -1 0 0 0 0 1 0 0 1 -2.73e-07 0 1 -2.00282e-09 0 1 1 0 0 -1 0 0 -1 0 0 -1 0 0 1 0 0 1 0 0 0.894598 9.1672e-08 0.446873 1 0 0 -0.284503 0.439988 0.851745 -2.01787e-09 0 1 -5.56653e-07 0 1 -0.886626 -0.37309 0.273309 -1 0 0 2.52088e-08 0 1 0 0 1 0 0 1 0.284498 -0.439996 0.851742 1.68502e-06 0 1 0.886634 0.373078 0.2733 1 0 0 0.886627 -0.373089 -0.273307 0.894571 2.7135e-08 -0.446926 1 0 0 1 0 0 0.2845 0.439988 -0.851745 0 0 -1 -5.43504e-07 0 -1 0 0 -1 0 0 -1 0 0 -1 1.08701e-06 0 -1 -0.89459 -2.63318e-05 -0.446887 -0.886622 0.373098 -0.273312 -1 0 0 -1 -2.33052e-05 0 0.894224 0 -0.447619 1 -8.8293e-08 0 1 -1.18344e-05 0 1 -7.03785e-08 0 -1 0 0 -1 -1.17641e-05 0 -1 -1.18702e-05 0 1 -5.82906e-06 0 0 0 -1 0 0 -1 5.46e-07 0 -1 2.74997e-07 0 -1 -1 -1.76639e-05 -2.54803e-11 1 1.16522e-05 0 1 0 0 1 -5.85871e-06 0 -1 5.91721e-06 0 -1 5.85285e-08 0 -0.894799 1.6596e-07 -0.446469 -1 -8.83365e-08 -1.28423e-13 0.284496 -0.439998 -0.851742 1.011e-09 0 -1 -1.08703e-06 0 -1 0.886634 0.373078 -0.2733 1 0 0 6.80696e-07 0 -1 3.60347e-07 0 -1 3.60347e-07 0 -1 -0.284502 0.439988 -0.851745 0 0 -1 -0.886626 -0.373099 -0.273297 -1 -2.29399e-05 0 </float_array>
          <technique_common>
            <accessor count="189" offset="0" source="#meshId12-tangents-array" stride="3">
              <param name="X" type="float" />
              <param name="Y" type="float" />
              <param name="Z" type="float" />
            </accessor>
          </technique_common>
        </source>
        <source id="meshId12-bitangents" name="meshId12-bitangents">
          <float_array id="meshId12-bitangents-array" count="567"> -7.54253e-07 1 1.55911e-05 -2.09993e-05 1 1.05685e-05 -0.70518 0.654948 -0.271596 -0.0659768 0.997532 -0.0240446 3.09685e-07 1 -8.47549e-06 1.19252e-05 1 -5.9669e-06 -0.894617 0.446834 4.97008e-07 -0.0498173 0.998758 7.78365e-08 -0.89462 0.446828 1.44979e-07 -0.0498186 0.998758 -1.29373e-07 0.0139587 0.999901 -0.00172653 0.557855 0.779946 -0.283695 -0.557854 0.779946 0.283696 -0.0135195 0.999907 0.00167374 0.0139587 0.999901 0.00172723 0.557859 0.779942 0.283696 -0.0135195 0.999907 -0.00167316 -0.55786 0.779942 -0.283695 -0.778633 0.6103 0.145826 -0.0659768 0.997531 0.0240455 1.75312e-05 1 9.05562e-06 -8.4516e-07 1 -1.69391e-05 6.85124e-06 1 3.82385e-06 3.37803e-07 1 1.00326e-05 1.71752e-07 1 -6.0108e-07 5.04807e-07 1 -1.91942e-07 3.50657e-06 1 1.43076e-06 2.60788e-07 1 2.52482e-06 8.72377e-07 1 -2.06608e-05 1.50451e-05 1 -7.57588e-06 0.0105728 0.999943 -0.0013089 0.43751 0.866484 -0.240397 -0.4375 0.866487 0.240406 -0.0108397 0.99994 0.00134579 0.0105727 0.999943 0.00131047 0.437509 0.866484 0.240398 -0.0108397 0.99994 -0.00134515 -0.437501 0.866486 -0.240404 2.85996e-05 1 1.4081e-05 9.50731e-07 1 2.18202e-05 0.0659743 0.997531 0.0240715 0.705178 0.654945 0.271608 0.705186 0.654935 -0.271612 0.0659748 0.997531 -0.0240669 0.0498175 0.998758 -5.68751e-07 0.894618 0.446833 -1.29436e-07 0.0498175 0.998758 8.85396e-08 0.894618 0.446833 2.41079e-07 1.11706e-06 -1 -2.78915e-05 3.84631e-05 -1 -1.92768e-05 0.705192 -0.654937 0.27159 0.0659781 -0.997532 0.0240296 -1.00828e-06 -1 2.77333e-05 -3.95959e-05 -1 1.98204e-05 0.894618 -0.446832 -4.96264e-07 0.0498171 -0.998758 -7.59012e-09 0.894618 -0.446831 1.37042e-07 0.049817 -0.998758 5.68777e-07 -0.0108395 -0.99994 0.00134562 -0.43752 -0.866476 0.240407 0.437529 -0.866474 -0.2404 0.0105727 -0.999943 -0.00130811 -0.0108401 -0.99994 -0.00134568 -0.43751 -0.866478 -0.240418 0.0105727 -0.999943 0.00130585 0.437535 -0.86647 0.240399 0.778629 -0.610305 -0.145825 0.0659764 -0.997531 -0.0240464 3.81308e-05 -1 1.88433e-05 1.13776e-06 -1 2.72198e-05 -5.76771e-06 -1 -3.15024e-06 -5.97383e-07 -1 -1.69565e-05 -1.78828e-08 -1 -5.69131e-06 4.87226e-07 -1 -3.34918e-07 1.43777e-05 -1 6.10952e-06 3.02968e-07 -1 7.56597e-06 -8.02846e-07 -1 1.69371e-05 -5.94034e-06 -1 3.05471e-06 -0.0135196 -0.999907 0.00167244 -0.557853 -0.779947 0.283693 0.557843 -0.779953 -0.283699 0.0139588 -0.999901 -0.00172856 -0.0135195 -0.999907 -0.00167186 -0.557853 -0.779948 -0.283693 0.0139588 -0.999901 0.00172858 0.557845 -0.779953 0.283695 -2.79545e-05 -1 -1.51364e-05 -9.59899e-07 -1 -2.16336e-05 -0.0659753 -0.997531 -0.0240534 -0.705192 -0.654932 -0.271603 -0.705184 -0.654943 0.271599 -0.0659763 -0.997531 0.0240511 -0.0498174 -0.998758 5.68752e-07 -0.894617 -0.446833 1.37049e-07 -0.0498177 -0.998758 -2.05041e-07 -0.894618 -0.446833 -5.57241e-07 0 0.590951 -0.806707 -3.55271e-15 1 9.14241e-08 0 1 0 0 1 0 -0.839734 0.542997 4.47035e-08 -1 0 0 -1 0 5.45134e-07 1 0 0 1 0 0 -1 0 0 -1 -0 -1.09028e-06 8.79169e-07 0.590957 0.806703 0 1 0 5.82628e-05 1 -0 0 1 0 0 1 0 0 1 0 0 1 0 0 1 0 0 1 0 2.94597e-07 1 -0 0 1 0 1 0 0 1 0 0 -1 -0 -2.73e-07 -1 -0 -2.00282e-09 0 1 0 0 1 0 0 1 0 0 1 0 0 1 0 0 1 0 -7.10543e-15 1 -2.05141e-07 0 1 0 0.839741 0.542988 4.91738e-07 1 -0 2.01787e-09 1 -0 5.56653e-07 -4.47035e-08 0.590956 0.806704 0 1 0 1 0 -2.52088e-08 -1 0 0 -1 0 0 0.83975 0.542973 -1.40071e-06 1 0 -1.68502e-06 0 0.590956 -0.806704 0 1 0 -2.98023e-08 -0.590954 0.806705 -1.77636e-15 -1 -6.07147e-08 0 -1 0 0 -1 0 0.839743 -0.542985 -2.98023e-08 1 0 0 1 0 -5.43504e-07 -1 0 0 -1 0 0 1 0 0 1 0 1.08701e-06 2.36381e-05 -1 1.16035e-05 3.27826e-07 -0.590951 -0.806707 0 -1 0 2.33052e-05 -1 0 0 -1 -0 -8.8293e-08 -1 -0 -1.18344e-05 -1 -0 -7.03785e-08 -1 -0 0 -1 0 1.17641e-05 -1 0 1.18702e-05 -1 0 -5.82906e-06 -1 -0 -1 0 0 -1 0 0 1 0 5.46e-07 1 0 2.74997e-07 1.76639e-05 -1 -1.4425e-06 1.16522e-05 -1 0 0 -1 0 -5.85871e-06 -1 -0 -5.91721e-06 -1 0 -5.85285e-08 -1 0 3.26179e-07 -1 -1.02543e-06 8.83365e-08 -1 -1.4538e-06 -0.839751 -0.542971 9.23872e-07 -1 0 -1.011e-09 -1 0 1.08703e-06 1.63913e-07 -0.590956 -0.806704 0 -1 0 -1 0 -6.80696e-07 1 0 3.60347e-07 1 0 3.60347e-07 -0.839741 -0.542988 -1.49012e-08 -1 0 0 1.39922e-05 -0.59095 0.806708 2.29399e-05 -1 0 </float_array>
          <technique_common>
            <accessor count="189" offset="0" source="#meshId12-bitangents-array" stride="3">
              <param name="X" type="float" />
              <param name="Y" type="float" />
              <param name="Z" type="float" />
            </accessor>
          </technique_common>
        </source>
        <source id="meshId12-tex0" name="meshId12-tex0">
          <float_array id="meshId12-tex0-array" count="378"> 0.622937 0.0584065 0.620419 0.0584264 0.620419 0.00641212 0.622937 0.0089297 0.622937 0.219495 0.620419 0.219475 0.69125 0.00641212 0.691223 0.00892964 0.908749 0.00641212 0.908776 0.00892964 0.688176 0.0553526 0.690694 0.0578702 0.690694 0.220032 0.688176 0.222549 0.911822 0.0553526 0.909305 0.0578702 0.911822 0.222549 0.909305 0.220032 0.97958 0.00641212 0.977062 0.0089297 0.97958 0.0584264 0.977062 0.0584065 0.97958 0.219475 0.977062 0.219495 0.622937 0.273138 0.620419 0.273158 0.97958 0.273158 0.977062 0.273138 0.622937 0.541593 0.620419 0.541574 0.688176 0.270085 0.690694 0.272602 0.690694 0.54213 0.688176 0.544647 0.911822 0.270085 0.909305 0.272602 0.911822 0.544647 0.909305 0.54213 0.97958 0.541574 0.977062 0.541593 0.622937 0.59107 0.620419 0.593588 0.97958 0.593588 0.977062 0.59107 0.691223 0.59107 0.69125 0.593588 0.908776 0.59107 0.908749 0.593588 0.977062 0.541593 0.97958 0.541574 0.97958 0.593588 0.977062 0.59107 0.977062 0.273139 0.97958 0.273158 0.908749 0.593588 0.908776 0.59107 0.69125 0.593588 0.691223 0.59107 0.911823 0.544647 0.909305 0.54213 0.909305 0.272602 0.911823 0.270085 0.688177 0.544647 0.690694 0.54213 0.688177 0.270085 0.690694 0.272602 0.62042 0.593588 0.622937 0.59107 0.620419 0.541574 0.622937 0.541593 0.620419 0.273159 0.622937 0.273139 0.977062 0.219495 0.97958 0.219475 0.620419 0.219475 0.622937 0.219495 0.977062 0.0584065 0.97958 0.0584263 0.911823 0.222549 0.909305 0.220032 0.909305 0.0578701 0.911823 0.0553525 0.688177 0.222549 0.690694 0.220032 0.688176 0.0553525 0.690694 0.0578701 0.620419 0.0584263 0.622937 0.0584065 0.977062 0.00892961 0.97958 0.00641203 0.620419 0.00641203 0.622937 0.00892961 0.908776 0.00892961 0.908749 0.00641203 0.691223 0.00892961 0.69125 0.00641203 0.620419 0.006412 0.620419 0.0584264 0.617901 0.0584264 0.617901 0.006412 0.620419 0.00641212 0.620419 0.00389376 0.69125 0.00389376 0.909305 0.0603884 0.690694 0.0603884 0.908749 0.00389376 0.97958 0.00389376 0.979579 0.00641206 0.982098 0.00641206 0.982098 0.0584265 0.620419 0.219475 0.617901 0.219475 0.906786 0.220032 0.906786 0.0578702 0.693212 0.0578702 0.693212 0.220032 0.982098 0.219475 0.617901 0.273158 0.909305 0.27512 0.690694 0.27512 0.690694 0.217513 0.909305 0.217513 0.982098 0.273158 0.617901 0.541574 0.906786 0.54213 0.906786 0.272602 0.693212 0.272602 0.693212 0.54213 0.97958 0.541574 0.982098 0.541574 0.620419 0.593588 0.69125 0.596106 0.620419 0.596106 0.620419 0.593588 0.617901 0.593588 0.908749 0.596106 0.690694 0.539612 0.909305 0.539612 0.97958 0.593588 0.97958 0.596106 0.97958 0.593588 0.982098 0.593588 0.979581 0.593588 0.979581 0.541574 0.982099 0.541574 0.982099 0.593588 0.97958 0.593588 0.97958 0.596106 0.908749 0.596106 0.690694 0.539612 0.909305 0.539612 0.69125 0.596106 0.62042 0.596106 0.62042 0.541573 0.62042 0.593587 0.617902 0.593587 0.617902 0.541573 0.97958 0.273159 0.982098 0.273159 0.693212 0.272602 0.693212 0.54213 0.906787 0.54213 0.906787 0.272602 0.617901 0.273159 0.982098 0.219475 0.690694 0.217513 0.909305 0.217513 0.909305 0.275121 0.690694 0.275121 0.617901 0.219475 0.982098 0.0584263 0.693212 0.0578701 0.693212 0.220032 0.906787 0.220032 0.906787 0.0578701 0.620419 0.0584269 0.617901 0.0584269 0.97958 0.00641203 0.908749 0.00389379 0.97958 0.00389379 0.979579 0.00641185 0.982098 0.00641185 0.69125 0.00389373 0.909305 0.0603884 0.690694 0.0603884 0.620419 0.00641203 0.620419 0.00389373 0.620419 0.00641251 0.617901 0.00641257 </float_array>
          <technique_common>
            <accessor count="189" offset="0" source="#meshId12-tex0-array" stride="2">
              <param name="S" type="float" />
              <param name="T" type="float" />
            </accessor>
          </technique_common>
        </source>
        <vertices id="meshId12-vertices">
          <input semantic="POSITION" source="#meshId12-positions" />
        </vertices>
        <polylist count="244" material="defaultMaterial">
          <input offset="0" semantic="VERTEX" source="#meshId12-vertices" />
          <input offset="0" semantic="NORMAL" source="#meshId12-normals" />
          <input offset="0" semantic="TANGENT" source="#meshId12-tangents" />
          <input offset="0" semantic="BINORMAL" source="#meshId12-bitangents" />
          <input offset="0" semantic="TEXCOORD" source="#meshId12-tex0" set="0" />
          <vcount>3 3 3 3 3 3 3 3 3 3 3 3 3 3 3 3 3 3 3 3 3 3 3 3 3 3 3 3 3 3 3 3 3 3 3 3 3 3 3 3 3 3 3 3 3 3 3 3 3 3 3 3 3 3 3 3 3 3 3 3 3 3 3 3 3 3 3 3 3 3 3 3 3 3 3 3 3 3 3 3 3 3 3 3 3 3 3 3 3 3 3 3 3 3 3 3 3 3 3 3 3 3 3 3 3 3 3 3 3 3 3 3 3 3 3 3 3 3 3 3 3 3 3 3 3 3 3 3 3 3 3 3 3 3 3 3 3 3 3 3 3 3 3 3 3 3 3 3 3 3 3 3 3 3 3 3 3 3 3 3 3 3 3 3 3 3 3 3 3 3 3 3 3 3 3 3 3 3 3 3 3 3 3 3 3 3 3 3 3 3 3 3 3 3 3 3 3 3 3 3 3 3 3 3 3 3 3 3 3 3 3 3 3 3 3 3 3 3 3 3 3 3 3 3 3 3 3 3 3 3 3 3 3 3 3 3 3 3 3 3 3 3 3 3 </vcount>
          <p>3 0 1 1 2 3 5 1 0 0 4 5 7 3 2 2 6 7 9 7 6 6 8 9 13 10 11 11 12 13 15 11 10 10 14 15 17 15 14 14 16 17 19 9 8 8 18 19 21 19 18 18 20 21 23 21 20 20 22 23 25 5 4 4 24 25 12 17 16 16 13 12 27 23 22 22 26 27 29 25 24 24 28 29 33 30 31 31 32 33 35 31 30 30 34 35 37 35 34 34 36 37 39 27 26 26 38 39 41 29 28 28 40 41 32 37 36 36 33 32 43 39 38 38 42 43 40 44 45 45 41 40 47 45 44 44 46 47 42 47 46 46 43 42 51 48 49 49 50 51 53 49 48 48 52 53 55 51 50 50 54 55 57 55 54 54 56 57 61 58 59 59 60 61 63 59 58 58 62 63 65 63 62 62 64 65 67 57 56 56 66 67 69 67 66 66 68 69 71 69 68 68 70 71 73 53 52 52 72 73 60 65 64 64 61 60 75 71 70 70 74 75 77 73 72 72 76 77 81 78 79 79 80 81 83 79 78 78 82 83 85 83 82 82 84 85 87 75 74 74 86 87 89 77 76 76 88 89 80 85 84 84 81 80 91 87 86 86 90 91 88 92 93 93 89 88 95 93 92 92 94 95 90 95 94 94 91 90 7 10 0 0 3 7 9 14 10 10 7 9 19 21 14 14 9 19 0 10 13 13 4 0 14 21 23 23 16 14 13 30 24 24 4 13 16 34 30 30 13 16 23 27 34 34 16 23 24 30 33 33 28 24 34 27 39 39 36 34 33 44 40 40 28 33 36 46 44 44 33 36 39 43 46 46 36 39 55 58 48 48 51 55 57 62 58 58 55 57 67 69 62 62 57 67 48 58 61 61 52 48 62 69 71 71 64 62 61 78 72 72 52 61 64 82 78 78 61 64 71 75 82 82 64 71 72 78 81 81 76 72 82 75 87 87 84 82 81 92 88 88 76 81 84 94 92 92 81 84 87 91 94 94 84 87 99 96 97 97 98 99 102 6 100 100 101 102 104 11 15 15 103 104 105 8 6 6 102 105 106 18 8 8 105 106 109 20 107 107 108 109 98 97 110 110 111 98 113 15 17 17 112 113 115 12 11 11 114 115 116 22 20 20 109 116 111 110 25 25 117 111 119 31 35 35 118 119 121 17 12 12 120 121 122 26 22 22 116 122 117 25 29 29 123 117 125 35 37 37 124 125 127 32 31 31 126 127 129 128 26 26 122 129 132 130 45 45 131 132 123 29 133 133 134 123 131 45 47 47 135 131 137 37 32 32 136 137 135 47 138 138 139 135 141 140 128 128 129 141 145 142 143 143 144 145 148 54 146 146 147 148 150 59 63 63 149 150 151 56 54 54 148 151 152 66 56 56 151 152 156 153 154 154 155 156 144 143 157 157 158 144 160 63 65 65 159 160 162 60 59 59 161 162 163 70 153 153 156 163 158 157 73 73 164 158 166 79 83 83 165 166 168 65 60 60 167 168 169 74 70 70 163 169 164 73 77 77 170 164 172 83 85 85 171 172 174 80 79 79 173 174 176 175 74 74 169 176 179 177 93 93 178 179 170 77 180 180 181 170 178 93 95 95 182 178 184 85 80 80 183 184 182 95 185 185 186 182 188 187 175 175 176 188 </p>
        </polylist>
      </mesh>
    </geometry>
    <geometry id="meshId13" name="meshId13_name" >
      <mesh>
        <source id="meshId13-positions" name="meshId13-positions">
          <float_array id="meshId13-positions-array" count="36"> 0.613732 0.190265 -0.3839 0.385405 0.190265 -0.3839 0.385405 0.190265 0 0.613732 0.190265 0 0.616469 0.189598 0 0.616469 0.189598 -0.3839 0.613732 0.190265 -0.3839 0.613732 0.190265 0 0.385405 0.190265 -0.3839 0.382668 0.189598 -0.3839 0.382668 0.189598 0 0.385405 0.190265 0 </float_array>
          <technique_common>
            <accessor count="12" offset="0" source="#meshId13-positions-array" stride="3">
              <param name="X" type="float" />
              <param name="Y" type="float" />
              <param name="Z" type="float" />
            </accessor>
          </technique_common>
        </source>
        <source id="meshId13-normals" name="meshId13-normals">
          <float_array id="meshId13-normals-array" count="36"> 0 1 0 0 1 0 0 1 0 0 1 0 0.236644 0.971596 0 0.236644 0.971596 0 0.236644 0.971596 0 0.236644 0.971596 0 -0.236644 0.971596 0 -0.236644 0.971596 0 -0.236644 0.971596 0 -0.236644 0.971596 0 </float_array>
          <technique_common>
            <accessor count="12" offset="0" source="#meshId13-normals-array" stride="3">
              <param name="X" type="float" />
              <param name="Y" type="float" />
              <param name="Z" type="float" />
            </accessor>
          </technique_common>
        </source>
        <source id="meshId13-tangents" name="meshId13-tangents">
          <float_array id="meshId13-tangents-array" count="36"> -5.95066e-08 0 -1 -3.91803e-08 0 -1 0 0 -1 -2.03263e-08 0 -1 -5.80255e-08 1.41328e-08 -1 -5.80255e-08 1.41328e-08 -1 -5.80255e-08 1.41328e-08 -1 -5.80255e-08 1.41328e-08 -1 0 0 -1 0 0 -1 0 0 -1 0 0 -1 </float_array>
          <technique_common>
            <accessor count="12" offset="0" source="#meshId13-tangents-array" stride="3">
              <param name="X" type="float" />
              <param name="Y" type="float" />
              <param name="Z" type="float" />
            </accessor>
          </technique_common>
        </source>
        <source id="meshId13-bitangents" name="meshId13-bitangents">
          <float_array id="meshId13-bitangents-array" count="36"> -1 0 5.95066e-08 -1 0 3.91803e-08 -1 0 0 -1 0 2.03263e-08 -0.971596 0.236644 5.97218e-08 -0.971596 0.236644 5.97218e-08 -0.971596 0.236644 5.97218e-08 -0.971596 0.236644 5.97218e-08 -0.971596 -0.236644 -0 -0.971596 -0.236644 -0 -0.971596 -0.236644 -0 -0.971596 -0.236644 -0 </float_array>
          <technique_common>
            <accessor count="12" offset="0" source="#meshId13-bitangents-array" stride="3">
              <param name="X" type="float" />
              <param name="Y" type="float" />
              <param name="Z" type="float" />
            </accessor>
          </technique_common>
        </source>
        <source id="meshId13-tex0" name="meshId13-tex0">
          <float_array id="meshId13-tex0-array" count="24"> -0.000822693 0.352132 -0.000822693 0.947868 -0.999177 0.947868 -0.999177 0.352132 -0.999177 0.344782 -0.000822693 0.344782 -0.000822693 0.352132 -0.999177 0.352132 -0.000822693 0.947868 -0.000822693 0.955218 -0.999177 0.955218 -0.999177 0.947868 </float_array>
          <technique_common>
            <accessor count="12" offset="0" source="#meshId13-tex0-array" stride="2">
              <param name="S" type="float" />
              <param name="T" type="float" />
            </accessor>
          </technique_common>
        </source>
        <vertices id="meshId13-vertices">
          <input semantic="POSITION" source="#meshId13-positions" />
        </vertices>
        <polylist count="6" material="defaultMaterial">
          <input offset="0" semantic="VERTEX" source="#meshId13-vertices" />
          <input offset="0" semantic="NORMAL" source="#meshId13-normals" />
          <input offset="0" semantic="TANGENT" source="#meshId13-tangents" />
          <input offset="0" semantic="BINORMAL" source="#meshId13-bitangents" />
          <input offset="0" semantic="TEXCOORD" source="#meshId13-tex0" set="0" />
          <vcount>3 3 3 3 3 3 </vcount>
          <p>3 0 1 1 2 3 7 4 5 5 6 7 11 8 9 9 10 11 </p>
        </polylist>
      </mesh>
    </geometry>
    <geometry id="meshId14" name="meshId14_name" >
      <mesh>
        <source id="meshId14-positions" name="meshId14-positions">
          <float_array id="meshId14-positions-array" count="1026"> 0.0827939 0.160024 -0.703632 0.0827939 0.188081 -0.703632 0.0191951 0.188081 -0.709896 0.0191951 0.160024 -0.709896 0.138773 0.147567 -0.985056 0.102328 0.147567 -0.80184 0.0191951 0.147567 -0.810027 0.0191951 0.147567 -0.996833 0.139027 0.155245 -0.986336 0.139027 0.148872 -0.986336 0.0191951 0.148872 -0.998139 0.0191951 0.155245 -0.998139 0.0191951 0.187106 -0.99911 0.139217 0.187106 -0.987289 0.139168 0.158009 -0.987044 0.0191951 0.158009 -0.99886 0.0191951 0.156441 -0.710214 0.0191951 0.14814 -0.710214 0.0828559 0.14814 -0.703944 0.0828559 0.156441 -0.703944 0.0696682 -0.187962 -0.637645 0.0696682 0.0963005 -0.637645 0.0191951 0.0963005 -0.642616 0.0191951 -0.187962 -0.642616 0.0191951 0.144977 -0.753635 0.0191951 0.0994642 -0.753635 0.091327 0.0994642 -0.746531 0.091327 0.144977 -0.746531 0.0191951 0.0978823 -0.752054 0.0191951 0.0978823 -0.746703 0.0899745 0.0978823 -0.739732 0.0910184 0.0978823 -0.74498 0.0191951 0.146558 -0.711796 0.0191951 0.146558 -0.752054 0.0910184 0.146558 -0.74498 0.0831645 0.146558 -0.705495 0.0191951 -0.18959 -0.643291 0.0697998 -0.18959 -0.638306 0.0191951 -0.18959 -0.643291 0.0191951 -0.190265 -0.644919 0.0701175 -0.190265 -0.639904 0.0697998 -0.18959 -0.638306 0.0191951 0.0978823 -0.644198 0.0191951 0.097419 -0.643079 0.0697585 0.097419 -0.638099 0.0699767 0.0978823 -0.639196 0.0191951 0.097419 -0.643079 0.0697585 0.097419 -0.638099 0.0191951 0.147022 -0.710677 0.0829463 0.147022 -0.704398 0.0191951 0.147022 -0.710677 0.0829463 0.147022 -0.704398 0.0191951 0.0983456 -0.753172 0.0912366 0.0983456 -0.746077 0.0191951 0.0983456 -0.753172 0.0912366 0.0983456 -0.746077 0.0191951 0.146095 -0.753172 0.0912366 0.146095 -0.746077 0.0191951 0.146095 -0.753172 0.0912366 0.146095 -0.746077 0.101799 0.146442 -0.799177 0.0191951 0.146442 -0.807313 0.138953 0.147949 -0.985961 0.0191951 0.147949 -0.997756 0.138953 0.147949 -0.985961 0.0191951 0.147949 -0.997756 0.0191951 0.0978823 -0.655531 0.0721877 0.0978823 -0.650311 0.442124 -0.0195401 -0.3839 0.442124 -0.054497 -0.3839 0.433997 -0.054497 -0.466409 0.433997 -0.0195401 -0.466409 0.442124 0.0853307 -0.3839 0.442124 0.0503738 -0.3839 0.433997 0.0503738 -0.466409 0.433997 0.0853307 -0.466409 0.254254 0.155245 -0.951382 0.254254 0.148872 -0.951382 0.254108 0.147949 -0.951029 0.254108 0.147949 -0.951029 0.253755 0.147567 -0.950177 0.182267 0.147567 -0.77759 0.181228 0.146442 -0.775083 0.360448 0.155245 -0.894621 0.360448 0.148872 -0.894621 0.360236 0.147949 -0.894303 0.360236 0.147949 -0.894303 0.359723 0.147567 -0.893535 0.255939 0.147567 -0.738212 0.254431 0.146442 -0.735955 0.453528 0.155245 -0.818232 0.453528 0.148872 -0.818232 0.453258 0.147949 -0.817962 0.453258 0.147949 -0.817962 0.452605 0.147567 -0.817309 0.320513 0.147567 -0.685217 0.318594 0.146442 -0.683298 0.529916 0.155245 -0.725152 0.529916 0.148872 -0.725152 0.529598 0.147949 -0.72494 0.529598 0.147949 -0.72494 0.528831 0.147567 -0.724427 0.373508 0.147567 -0.620643 0.371251 0.146442 -0.619135 0.586678 0.155245 -0.618959 0.586678 0.148872 -0.618959 0.586325 0.147949 -0.618812 0.586325 0.147949 -0.618812 0.585472 0.147567 -0.618459 0.412886 0.147567 -0.546972 0.410378 0.146442 -0.545933 0.621632 0.155245 -0.503732 0.621632 0.148872 -0.503732 0.621257 0.147949 -0.503657 0.621257 0.147949 -0.503657 0.620352 0.147567 -0.503477 0.437135 0.147567 -0.467033 0.434473 0.146442 -0.466503 0.633434 0.155245 -0.3839 0.633434 0.148872 -0.3839 0.633052 0.147949 -0.3839 0.633052 0.147949 -0.3839 0.632129 0.147567 -0.3839 0.445323 0.147567 -0.3839 0.442609 0.146442 -0.3839 0.101704 -0.0195401 -0.798702 0.101704 -0.054497 -0.798702 0.0191951 -0.054497 -0.806828 0.0191951 -0.0195401 -0.806828 0.181043 -0.0195401 -0.774635 0.181043 -0.054497 -0.774635 0.254162 -0.0195401 -0.735552 0.254162 -0.054497 -0.735552 0.318251 -0.0195401 -0.682955 0.318251 -0.054497 -0.682955 0.370847 -0.0195401 -0.618866 0.370847 -0.054497 -0.618866 0.40993 -0.0195401 -0.545747 0.40993 -0.054497 -0.545747 0.101704 0.0853307 -0.798702 0.101704 0.0503738 -0.798702 0.0191951 0.0503738 -0.806828 0.0191951 0.0853307 -0.806828 0.181043 0.0853307 -0.774635 0.181043 0.0503738 -0.774635 0.254162 0.0853307 -0.735552 0.254162 0.0503738 -0.735552 0.318251 0.0853307 -0.682955 0.318251 0.0503738 -0.682955 0.370847 0.0853307 -0.618866 0.370847 0.0503738 -0.618866 0.40993 0.0853307 -0.545747 0.40993 0.0503738 -0.545747 0.254626 0.187106 -0.95228 0.25453 0.158009 -0.952049 0.360988 0.187106 -0.895428 0.360849 0.158009 -0.89522 0.454215 0.187106 -0.818919 0.454038 0.158009 -0.818742 0.530724 0.187106 -0.725692 0.530516 0.158009 -0.725553 0.587575 0.187106 -0.61933 0.587345 0.158009 -0.619235 0.622584 0.187106 -0.503921 0.622339 0.158009 -0.503872 0.634405 0.187106 -0.3839 0.634156 0.158009 -0.3839 0.273602 -0.18959 -0.434504 0.275199 -0.190265 -0.434822 0.280215 -0.190265 -0.3839 0.278586 -0.18959 -0.3839 0.27294 -0.187962 -0.434373 0.273602 -0.18959 -0.434504 0.278586 -0.18959 -0.3839 0.277912 -0.187962 -0.3839 0.277912 0.0963005 -0.3839 0.27294 0.0963005 -0.434373 0.273395 0.097419 -0.434463 0.278375 0.097419 -0.3839 0.274492 0.0978823 -0.434681 0.273395 0.097419 -0.434463 0.278375 0.097419 -0.3839 0.279493 0.0978823 -0.3839 0.285607 0.0978823 -0.436892 0.290826 0.0978823 -0.3839 0.380275 0.0978823 -0.455723 0.375027 0.0978823 -0.454679 0.381998 0.0978823 -0.3839 0.387349 0.0978823 -0.3839 0.381372 0.0983456 -0.455941 0.388468 0.0983456 -0.3839 0.381827 0.0994642 -0.456031 0.381372 0.0983456 -0.455941 0.388468 0.0983456 -0.3839 0.388931 0.0994642 -0.3839 0.381827 0.144977 -0.456031 0.388931 0.144977 -0.3839 0.381372 0.146095 -0.455941 0.388468 0.146095 -0.3839 0.380275 0.146558 -0.455723 0.381372 0.146095 -0.455941 0.388468 0.146095 -0.3839 0.387349 0.146558 -0.3839 0.340791 0.146558 -0.447869 0.347091 0.146558 -0.3839 0.339694 0.147022 -0.447651 0.345973 0.147022 -0.3839 0.33924 0.14814 -0.44756 0.339694 0.147022 -0.447651 0.345973 0.147022 -0.3839 0.34551 0.14814 -0.3839 0.33924 0.156441 -0.44756 0.34551 0.156441 -0.3839 0.258841 -0.18959 -0.483164 0.260346 -0.190265 -0.483787 0.258218 -0.187962 -0.482906 0.258841 -0.18959 -0.483164 0.258218 0.0963005 -0.482906 0.258646 0.097419 -0.483083 0.259679 0.0978823 -0.483511 0.258646 0.097419 -0.483083 0.270149 0.0978823 -0.487848 0.359325 0.0978823 -0.524786 0.354382 0.0978823 -0.522738 0.360359 0.0983456 -0.525214 0.360787 0.0994642 -0.525391 0.360359 0.0983456 -0.525214 0.360787 0.144977 -0.525391 0.360359 0.146095 -0.525214 0.359325 0.146558 -0.524786 0.360359 0.146095 -0.525214 0.322132 0.146558 -0.50938 0.321098 0.147022 -0.508952 0.32067 0.14814 -0.508775 0.321098 0.147022 -0.508952 0.32067 0.156441 -0.508775 0.234871 -0.18959 -0.528009 0.236225 -0.190265 -0.528914 0.23431 -0.187962 -0.527635 0.234871 -0.18959 -0.528009 0.23431 0.0963005 -0.527635 0.234695 0.097419 -0.527892 0.235625 0.0978823 -0.528514 0.234695 0.097419 -0.527892 0.245048 0.0978823 -0.53481 0.325304 0.0978823 -0.588435 0.320855 0.0978823 -0.585462 0.326234 0.0983456 -0.589056 0.326619 0.0994642 -0.589314 0.326234 0.0983456 -0.589056 0.326619 0.144977 -0.589314 0.326234 0.146095 -0.589056 0.325304 0.146558 -0.588435 0.326234 0.146095 -0.589056 0.291831 0.146558 -0.566069 0.290901 0.147022 -0.565448 0.290516 0.14814 -0.56519 0.290901 0.147022 -0.565448 0.290516 0.156441 -0.56519 0.202612 -0.18959 -0.567317 0.203764 -0.190265 -0.568468 0.202135 -0.187962 -0.56684 0.202612 -0.18959 -0.567317 0.202135 0.0963005 -0.56684 0.202463 0.097419 -0.567167 0.203254 0.0978823 -0.567958 0.202463 0.097419 -0.567167 0.211267 0.0978823 -0.575972 0.279519 0.0978823 -0.644224 0.275736 0.0978823 -0.64044 0.28031 0.0983456 -0.645015 0.280638 0.0994642 -0.645342 0.28031 0.0983456 -0.645015 0.280638 0.144977 -0.645342 0.28031 0.146095 -0.645015 0.279519 0.146558 -0.644224 0.28031 0.146095 -0.645015 0.251053 0.146558 -0.615757 0.250262 0.147022 -0.614966 0.249934 0.14814 -0.614639 0.250262 0.147022 -0.614966 0.249934 0.156441 -0.614639 0.163305 -0.18959 -0.599575 0.16421 -0.190265 -0.600929 0.16293 -0.187962 -0.599014 0.163305 -0.18959 -0.599575 0.16293 0.0963005 -0.599014 0.163188 0.097419 -0.5994 0.163809 0.0978823 -0.60033 0.163188 0.097419 -0.5994 0.170105 0.0978823 -0.609753 0.223731 0.0978823 -0.690009 0.220758 0.0978823 -0.68556 0.224352 0.0983456 -0.690938 0.224609 0.0994642 -0.691324 0.224352 0.0983456 -0.690938 0.224609 0.144977 -0.691324 0.224352 0.146095 -0.690938 0.223731 0.146558 -0.690009 0.224352 0.146095 -0.690938 0.201364 0.146558 -0.656535 0.200743 0.147022 -0.655605 0.200486 0.14814 -0.65522 0.200743 0.147022 -0.655605 0.200486 0.156441 -0.65522 0.11846 -0.18959 -0.623546 0.119083 -0.190265 -0.62505 0.118202 -0.187962 -0.622922 0.11846 -0.18959 -0.623546 0.118202 0.0963005 -0.622922 0.118379 0.097419 -0.62335 0.118807 0.0978823 -0.624384 0.118379 0.097419 -0.62335 0.123144 0.0978823 -0.634854 0.160082 0.0978823 -0.72403 0.158034 0.0978823 -0.719086 0.16051 0.0983456 -0.725063 0.160687 0.0994642 -0.725491 0.16051 0.0983456 -0.725063 0.160687 0.144977 -0.725491 0.16051 0.146095 -0.725063 0.160082 0.146558 -0.72403 0.16051 0.146095 -0.725063 0.144676 0.146558 -0.686836 0.144248 0.147022 -0.685803 0.14407 0.14814 -0.685375 0.144248 0.147022 -0.685803 0.14407 0.156441 -0.685375 0.143949 0.160024 -0.685081 0.143949 0.188081 -0.685081 0.200309 0.160024 -0.654956 0.200309 0.188081 -0.654956 0.24971 0.160024 -0.614414 0.24971 0.188081 -0.614414 0.290251 0.160024 -0.565014 0.290251 0.188081 -0.565014 0.320377 0.160024 -0.508653 0.320377 0.188081 -0.508653 0.338928 0.160024 -0.447498 0.338928 0.188081 -0.447498 0.345192 0.188081 -0.3839 0.345192 0.160024 -0.3839 </float_array>
          <technique_common>
            <accessor count="342" offset="0" source="#meshId14-positions-array" stride="3">
              <param name="X" type="float" />
              <param name="Y" type="float" />
              <param name="Z" type="float" />
            </accessor>
          </technique_common>
        </source>
        <source id="meshId14-normals" name="meshId14-normals">
          <float_array id="meshId14-normals-array" count="1026"> -0.19509 0 0.980785 -0.19509 0 0.980785 -0.0980171 0 0.995185 -0.0980171 0 0.995185 0.000528292 -0.999996 -0.00265596 0.000842479 -0.999991 -0.00423547 0.000425325 -0.999991 -0.00431844 0.000266709 -0.999996 -0.00270793 0.19509 0 -0.980785 0.194834 -0.0512187 -0.979498 0.0978904 -0.0509716 -0.993891 0.0980178 0 -0.995185 0.0980146 -0.00854271 -0.995148 0.195084 -0.00858328 -0.980749 0.195083 -0.00858328 -0.980749 0.0980146 -0.00854271 -0.995148 -0.0980175 0 0.995185 -0.0978952 -0.0499451 0.993943 -0.194844 -0.0501863 0.979549 -0.19509 0 0.980785 -0.195089 -0.00241882 0.980783 -0.195089 0.00166354 0.980784 -0.0980167 0.00165553 0.995183 -0.0980165 -0.00240724 0.995182 -0.0980128 -0.00964929 0.995138 -0.0980128 0.00964926 0.995138 -0.195081 0.00969607 0.980739 -0.195081 -0.0096961 0.980739 -0.00781604 0.996816 0.0793575 0 1 -3.35644e-07 0 1 -1.48078e-07 -0.0154824 0.996846 0.0778363 -0.000923987 -0.999956 0.00938188 -0.00131117 -0.999911 0.0133131 -0.00259717 -0.999911 0.013057 -0.00183023 -0.999956 0.00920127 -0.0906181 -0.38113 0.92007 -0.180238 -0.382694 0.906123 -0.0376654 -0.923221 0.38242 -0.0376654 -0.923221 0.38242 -0.0746599 -0.923876 0.375338 -0.0746592 -0.923876 0.375338 -0.00321091 0.999463 0.0326 -0.037664 0.92323 0.382398 -0.0746566 0.923879 0.375332 -0.00636014 0.999468 0.0319751 -0.0906191 0.381104 0.92008 -0.180241 0.382677 0.90613 -0.0906206 -0.381098 0.920083 -0.180241 -0.382675 0.906131 -0.0376633 -0.923231 0.382395 -0.0746556 -0.923889 0.375308 -0.0906231 0.381059 0.920099 -0.180245 0.382635 0.906147 -0.0376631 0.923222 0.382418 -0.0746544 0.923884 0.375321 -0.0906231 -0.381059 0.920099 -0.180245 -0.382635 0.906147 -0.0376635 -0.923229 0.382401 -0.0746549 -0.923887 0.375313 0.0746574 -0.92388 -0.375331 0.0376641 -0.923223 -0.382414 0.18024 -0.382688 -0.906126 0.0906209 -0.381106 -0.92008 0.0746605 -0.923873 -0.375347 0.0376651 -0.923221 -0.382419 0 1 0 0 1 -1.46e-07 0.995185 0 -0.0980172 0.995185 0 -0.0980172 0.980785 0 -0.19509 0.980785 0 -0.19509 0.995185 0 -0.0980172 0.995185 0 -0.0980172 0.980785 0 -0.19509 0.980785 0 -0.19509 0.382683 0 -0.92388 0.382181 -0.0512201 -0.922667 0.353553 -0.382698 -0.853547 0.146452 -0.923868 -0.353581 0.00103629 -0.999996 -0.00250196 0.00165258 -0.999991 -0.00398969 0.146445 -0.923882 -0.353548 0.55557 0 -0.831469 0.554843 -0.051216 -0.830377 0.513293 -0.382673 -0.768174 0.212611 -0.923873 -0.318205 0.00150446 -0.999996 -0.00225169 0.00239918 -0.999991 -0.0035906 0.212605 -0.923882 -0.318184 0.707107 0 -0.707107 0.706181 -0.0512122 -0.706177 0.6533 -0.382647 -0.653284 0.270596 -0.923879 -0.270602 0.00191482 -0.999996 -0.00191496 0.00305358 -0.999991 -0.00305364 0.270597 -0.923881 -0.270594 0.83147 0 -0.55557 0.830379 -0.0512139 -0.55484 0.768193 -0.382658 -0.513276 0.318181 -0.923881 -0.212615 0.00225158 -0.999996 -0.00150466 0.00359062 -0.999991 -0.00239923 0.318188 -0.923882 -0.212601 0.92388 0 -0.382684 0.922668 -0.0512145 -0.382179 0.853565 -0.38266 -0.35355 0.353537 -0.923885 -0.14645 0.00250182 -0.999996 -0.0010362 0.0039897 -0.999991 -0.00165242 0.353551 -0.923881 -0.146444 0.980785 0 -0.195091 0.979498 -0.0512168 -0.194834 0.906132 -0.382675 -0.180237 0.37532 -0.923884 -0.074656 0.00265592 -0.999996 -0.000528255 0.00423543 -0.999991 -0.000842438 0.375328 -0.92388 -0.0746581 0.995185 0 -0.0980174 0.993891 -0.0509737 -0.0978895 0.920074 -0.381119 -0.090616 0.382409 -0.923225 -0.0376675 0.00270796 -0.999996 -0.000266913 0.00431841 -0.999991 -0.000425512 0.382409 -0.923225 -0.0376649 0.19509 0 -0.980785 0.19509 0 -0.980785 0.0980156 0 -0.995185 0.0980156 0 -0.995185 0.382684 0 -0.923879 0.382684 0 -0.923879 0.555571 0 -0.831469 0.555571 0 -0.831469 0.707107 0 -0.707107 0.707107 0 -0.707107 0.831469 0 -0.555571 0.831469 0 -0.555571 0.92388 0 -0.382683 0.92388 0 -0.382683 0.19509 0 -0.980785 0.19509 0 -0.980785 0.0980156 0 -0.995185 0.0980156 0 -0.995185 0.382684 0 -0.923879 0.382684 0 -0.923879 0.555571 0 -0.831469 0.555571 0 -0.831469 0.707107 0 -0.707107 0.707107 0 -0.707107 0.831469 0 -0.555571 0.831469 0 -0.555571 0.92388 0 -0.382683 0.92388 0 -0.382683 0.382669 -0.00858391 -0.923846 0.382669 -0.00858391 -0.923846 0.55555 -0.00858614 -0.831439 0.55555 -0.00858614 -0.831439 0.707081 -0.00858628 -0.70708 0.707081 -0.00858628 -0.70708 0.831439 -0.00858534 -0.55555 0.831439 -0.00858534 -0.55555 0.923846 -0.00858457 -0.382669 0.923846 -0.00858457 -0.382669 0.980749 -0.0085843 -0.195083 0.980749 -0.0085843 -0.195083 0.995148 -0.00854323 -0.0980136 0.995148 -0.00854323 -0.0980136 -0.375327 -0.923881 0.0746571 -0.375327 -0.923881 0.0746573 -0.382407 -0.923226 0.0376638 -0.382407 -0.923226 0.0376638 -0.980782 -0.0024187 0.19509 -0.906129 -0.382679 0.180241 -0.920084 -0.381096 0.0906203 -0.995182 -0.00240699 0.0980169 -0.995183 0.00165552 0.098017 -0.980784 0.00166356 0.19509 -0.906128 0.38268 0.180242 -0.920082 0.381099 0.090619 -0.0319746 0.999469 0.00636015 -0.37533 0.92388 0.0746569 -0.382409 0.923225 0.0376643 -0.0326008 0.999463 0.00321109 0 1 -6.49488e-08 0 1 1.6103e-08 -0.0778356 0.996846 0.0154824 0 1 -5.30616e-08 0 1 4.19556e-08 -0.0793581 0.996816 0.00781615 -0.375327 0.923881 0.0746556 -0.382409 0.923225 0.037662 -0.980739 0.00969765 0.195081 -0.906126 0.382686 0.180242 -0.920077 0.381111 0.0906202 -0.995138 0.00965102 0.0980126 -0.980739 -0.00969746 0.195081 -0.995138 -0.00965076 0.0980126 -0.906127 -0.382686 0.180236 -0.920077 -0.381111 0.0906202 -0.013057 -0.999911 0.00259737 -0.375332 -0.923879 0.0746606 -0.382409 -0.923225 0.037662 -0.0133126 -0.999911 0.00131079 -0.00920122 -0.999956 0.00183033 -0.00938147 -0.999956 0.000923683 -0.375325 -0.923882 0.0746577 -0.382406 -0.923227 0.0376641 -0.979549 -0.0501862 0.194845 -0.906132 -0.382672 0.180242 -0.920081 -0.381102 0.0906193 -0.993943 -0.0499459 0.0978947 -0.980785 0 0.19509 -0.995185 0 0.0980172 -0.353552 -0.92388 0.146446 -0.353552 -0.92388 0.146446 -0.923877 -0.00241876 0.382682 -0.853551 -0.382688 0.353555 -0.923878 0.00166352 0.382683 -0.853558 0.382674 0.353554 -0.0301195 0.999468 0.0124762 -0.353552 0.92388 0.146449 0 1 -7.30002e-08 -0.0733196 0.996846 0.0303699 0 1 -7.40392e-08 -0.353549 0.923882 0.146444 -0.923836 0.0096975 0.382666 -0.853553 0.382683 0.353555 -0.923836 -0.00969745 0.382665 -0.853556 -0.382687 0.353543 -0.0122996 -0.999911 0.00509494 -0.353561 -0.923876 0.146455 -0.00866737 -0.999956 0.00359014 -0.353551 -0.923881 0.146442 -0.922715 -0.0501865 0.382202 -0.853559 -0.382669 0.353556 -0.92388 -8.51137e-07 0.382683 -0.318191 -0.923879 0.212609 -0.318191 -0.923879 0.212609 -0.831467 -0.00241879 0.555569 -0.768173 -0.382696 0.513277 -0.831468 0.00166355 0.555569 -0.768185 0.382675 0.513275 -0.0271065 0.999468 0.0181126 -0.318182 0.923882 0.212607 0 1 0 -0.065986 0.996846 0.0440905 0 1 0 -0.318184 0.923883 0.212603 -0.83143 0.00969726 0.555544 -0.768179 0.382679 0.513281 -0.83143 -0.00969736 0.555544 -0.768179 -0.382676 0.513284 -0.0110695 -0.999911 0.00739564 -0.318194 -0.923878 0.212607 -0.00780052 -0.999956 0.00521141 -0.318186 -0.923882 0.2126 -0.830422 -0.0501905 0.55487 -0.768176 -0.382686 0.51328 -0.831469 -2.55341e-06 0.55557 -0.270601 -0.923878 0.270601 -0.270601 -0.923878 0.270601 -0.707104 -0.0024188 0.707105 -0.653278 -0.382692 0.65328 -0.707105 0.00166369 0.707106 -0.653274 0.382705 0.653276 -0.0230522 0.999469 0.0230523 -0.270593 0.923883 0.270593 0 1 0 -0.0561165 0.996846 0.0561174 0 1 0 -0.27059 0.923883 0.270594 -0.707073 0.00969692 0.707074 -0.653283 0.382672 0.653287 -0.707073 -0.00969746 0.707074 -0.653282 -0.382672 0.653288 -0.00941391 -0.999911 0.00941371 -0.270598 -0.92388 0.270598 -0.00663383 -0.999956 0.00663338 -0.27059 -0.923889 0.270575 -0.706216 -0.050193 0.706215 -0.653271 -0.3827 0.653282 -0.707107 -2.55341e-06 0.707106 -0.212607 -0.92388 0.318187 -0.212606 -0.92388 0.318188 -0.55557 -0.00241864 0.831467 -0.513286 -0.382666 0.768182 -0.55557 0.00166359 0.831468 -0.513276 0.382691 0.768176 -0.0181122 0.999468 0.0271058 -0.212603 0.923883 0.318181 0 1 -6.4412e-08 -0.0440905 0.996846 0.0659851 0 1 0 -0.212601 0.923886 0.318174 -0.555544 0.00969662 0.831431 -0.51328 0.382661 0.768189 -0.555544 -0.00969724 0.831431 -0.513284 -0.382664 0.768184 -0.00739632 -0.999911 0.0110702 -0.212604 -0.92388 0.31819 -0.00521204 -0.999956 0.00780091 -0.212598 -0.923888 0.318171 -0.554871 -0.0501892 0.830421 -0.513279 -0.382679 0.768181 -0.555571 -1.70227e-06 0.831469 -0.146447 -0.923879 0.353554 -0.146446 -0.923879 0.353554 -0.382682 -0.00241862 0.923877 -0.353557 -0.382668 0.853559 -0.382683 0.00166349 0.923878 -0.353558 0.382668 0.853559 -0.0124758 0.999468 0.0301193 -0.146443 0.92388 0.353555 0 1 -2.10413e-07 -0.0303701 0.996846 0.0733189 0 1 1.97437e-08 -0.146441 0.92389 0.353528 -0.382666 0.00969636 0.923836 -0.353556 0.382647 0.853569 -0.382666 -0.00969655 0.923836 -0.353557 -0.382642 0.85357 -0.00509452 -0.999911 0.0122995 -0.14644 -0.923887 0.353537 -0.00359005 -0.999956 0.00866764 -0.146439 -0.923886 0.353539 -0.382201 -0.0501861 0.922716 -0.353558 -0.382669 0.853558 -0.382683 -8.51138e-07 0.92388 -0.382683 0 0.92388 -0.382683 0 0.92388 -0.55557 0 0.83147 -0.55557 0 0.83147 -0.707108 0 0.707106 -0.707108 0 0.707106 -0.83147 2.52056e-07 0.55557 -0.83147 2.52056e-07 0.55557 -0.923879 1.26028e-07 0.382684 -0.923879 1.26028e-07 0.382684 -0.980785 -3.78084e-07 0.19509 -0.980785 -3.78084e-07 0.19509 -0.995185 -5.01684e-07 0.0980171 -0.995185 -5.01684e-07 0.0980171 </float_array>
          <technique_common>
            <accessor count="342" offset="0" source="#meshId14-normals-array" stride="3">
              <param name="X" type="float" />
              <param name="Y" type="float" />
              <param name="Z" type="float" />
            </accessor>
          </technique_common>
        </source>
        <source id="meshId14-tangents" name="meshId14-tangents">
          <float_array id="meshId14-tangents-array" count="1026"> -0.980785 -1.17453e-06 -0.19509 -0.980785 -1.07937e-06 -0.19509 -0.995185 -1.43223e-06 -0.0980171 -0.995185 -1.43223e-06 -0.0980171 -0.980785 8.94115e-09 -0.19509 -0.980785 7.08972e-09 -0.19509 -0.995185 5.18997e-09 -0.0980174 -0.995185 -2.35808e-09 -0.0980166 -0.980785 0 -0.19509 -0.980785 -7.03931e-08 -0.19509 -0.995185 -1.91917e-08 -0.0980178 -0.995185 0 -0.0980178 -0.995185 -9.03804e-09 -0.0980181 -0.980785 -1.79231e-07 -0.195091 -0.980785 -2.56291e-07 -0.195091 -0.995185 -6.62353e-08 -0.0980181 -0.995185 0 -0.0980175 -0.995185 -3.33024e-08 -0.0980175 -0.980785 -1.86876e-07 -0.19509 -0.980785 0 -0.19509 -0.980785 -1.5083e-09 -0.195089 -0.980785 -9.8519e-08 -0.195089 -0.995185 -2.04613e-07 -0.0980168 -0.995185 -2.72617e-09 -0.0980168 -0.995185 -3.07074e-07 -0.0980174 -0.995185 -3.03394e-07 -0.0980174 -0.980785 -3.03481e-07 -0.19509 -0.980785 -3.05957e-07 -0.19509 -0.995185 4.26471e-08 -0.0980178 -0.995185 -3.28991e-08 -0.0980179 -0.980785 -2.88887e-08 -0.195091 -0.980785 2.17267e-07 -0.19509 -0.995185 -3.82061e-08 -0.0980162 -0.995185 -5.62544e-08 -0.0980174 -0.980785 -3.623e-08 -0.195091 -0.980785 -1.53692e-08 -0.19509 -0.995185 -5.82776e-07 -0.0980165 -0.980786 4.19489e-07 -0.195089 -0.995185 5.98432e-07 -0.0980165 -0.995185 5.86446e-07 -0.0980166 -0.980785 -5.73956e-07 -0.195093 -0.980785 -3.79349e-07 -0.195091 -0.995185 -9.16104e-08 -0.0980171 -0.995184 -2.56479e-07 -0.0980192 -0.980786 3.23612e-07 -0.195087 -0.980785 9.75285e-08 -0.19509 -0.995185 -7.63556e-07 -0.0980159 -0.980785 -4.20666e-07 -0.195091 -0.995185 -2.2744e-07 -0.0980176 -0.980785 3.54861e-07 -0.195091 -0.995185 6.70664e-07 -0.0980172 -0.980785 1.98567e-06 -0.195091 -0.995185 -6.59652e-07 -0.0980182 -0.980785 -8.51192e-07 -0.195091 -0.995185 1.82281e-06 -0.098017 -0.980785 1.29908e-06 -0.195089 -0.995185 -2.80049e-08 -0.0980185 -0.980785 4.83239e-07 -0.195091 -0.995185 -1.25354e-07 -0.0980182 -0.980785 4.80641e-07 -0.195091 -0.980785 6.21368e-07 -0.195091 -0.995185 6.70659e-07 -0.0980178 -0.980785 1.04296e-08 -0.19509 -0.995185 -3.40735e-07 -0.0980181 -0.980785 9.28936e-07 -0.195091 -0.995185 -3.21811e-07 -0.0980167 -0.995185 0 -0.0980146 -0.980785 -2.84833e-08 -0.195091 -0.0980172 -1.10397e-06 -0.995185 -0.0980172 -1.10397e-06 -0.995185 -0.19509 -5.54656e-07 -0.980785 -0.19509 -5.54656e-07 -0.980785 -0.0980172 -1.10397e-06 -0.995185 -0.0980172 -8.23541e-07 -0.995185 -0.19509 0 -0.980785 -0.19509 -1.41506e-07 -0.980785 -0.92388 6.38973e-09 -0.382683 -0.92388 -1.45262e-08 -0.382683 -0.923879 -9.75746e-07 -0.382685 -0.92388 5.84838e-06 -0.382683 -0.92388 4.68946e-08 -0.382682 -0.92388 -1.1543e-09 -0.382683 -0.923879 -1.99243e-07 -0.382684 -0.83147 1.88904e-07 -0.55557 -0.831469 2.74219e-08 -0.555572 -0.831463 -5.24608e-06 -0.55558 -0.83147 5.71696e-06 -0.55557 -0.83147 5.16188e-08 -0.555569 -0.83147 -1.51455e-08 -0.55557 -0.831469 -1.1358e-06 -0.555571 -0.707107 6.3897e-09 -0.707107 -0.707105 6.37374e-09 -0.707109 -0.7071 -5.81164e-06 -0.707114 -0.707108 4.24729e-06 -0.707106 -0.707107 1.0041e-07 -0.707107 -0.707106 4.5753e-08 -0.707107 -0.707106 -1.42735e-06 -0.707107 -0.55557 1.88904e-07 -0.83147 -0.555569 4.47644e-08 -0.83147 -0.555561 -5.12442e-06 -0.831476 -0.555574 9.62683e-06 -0.831467 -0.555569 1.69983e-07 -0.83147 -0.55557 3.87807e-08 -0.83147 -0.555569 -3.88355e-06 -0.83147 -0.382684 0 -0.92388 -0.382682 1.43241e-08 -0.92388 -0.382677 -4.57628e-06 -0.923882 -0.382693 5.49512e-06 -0.923876 -0.38268 -7.51596e-08 -0.923881 -0.382684 -1.50979e-07 -0.92388 -0.382683 -1.41834e-06 -0.92388 -0.195091 6.38966e-09 -0.980785 -0.19509 9.58249e-08 -0.980785 -0.195087 -1.44393e-06 -0.980786 -0.195089 1.03822e-06 -0.980786 -0.195092 -4.2886e-08 -0.980785 -0.195091 -4.27621e-08 -0.980785 -0.19509 8.75768e-07 -0.980785 -0.0980174 3.75985e-07 -0.995185 -0.0980169 1.68822e-07 -0.995185 -0.098014 -1.32071e-06 -0.995185 -0.0980178 3.47318e-06 -0.995185 -0.0980168 2.01749e-07 -0.995185 -0.0980178 1.82721e-07 -0.995185 -0.0980182 5.25208e-07 -0.995185 -0.980785 0 -0.19509 -0.980785 0 -0.19509 -0.995185 0 -0.0980156 -0.995185 0 -0.0980156 -0.923879 0 -0.382684 -0.923879 0 -0.382684 -0.831469 0 -0.555571 -0.831469 0 -0.555571 -0.707107 0 -0.707107 -0.707107 0 -0.707107 -0.555571 1.41506e-07 -0.831469 -0.555571 0 -0.831469 -0.382683 5.54656e-07 -0.92388 -0.382683 4.13151e-07 -0.92388 -0.980785 5.04468e-08 -0.19509 -0.980785 6.7725e-08 -0.19509 -0.995185 0 -0.0980156 -0.995185 0 -0.0980156 -0.923879 -5.04467e-08 -0.382684 -0.923879 -5.04466e-08 -0.382684 -0.831469 0 -0.555571 -0.831469 -1.72781e-08 -0.555571 -0.707107 -4.13153e-07 -0.707107 -0.707107 -5.5466e-07 -0.707107 -0.555571 1.41506e-07 -0.831469 -0.555571 -1.41507e-07 -0.831469 -0.382683 5.54656e-07 -0.92388 -0.382683 4.13151e-07 -0.92388 -0.92388 9.68845e-08 -0.382683 -0.92388 1.99255e-08 -0.382683 -0.83147 -4.55665e-08 -0.55557 -0.831469 -3.48881e-08 -0.555571 -0.707106 -2.55348e-07 -0.707107 -0.707106 -2.16773e-07 -0.707107 -0.55557 -4.03203e-10 -0.83147 -0.55557 3.70362e-11 -0.83147 -0.382683 -1.6307e-07 -0.92388 -0.382683 -1.91774e-07 -0.92388 -0.19509 -1.60428e-07 -0.980785 -0.19509 -2.19477e-07 -0.980785 -0.0980171 1.27304e-10 -0.995185 -0.0980171 -5.67745e-08 -0.995185 -0.195089 -2.39767e-07 -0.980785 -0.195092 4.42295e-07 -0.980785 -0.0980164 -2.85461e-07 -0.995185 -0.0980164 -2.73882e-07 -0.995185 -0.19509 -1.29697e-08 -0.980785 -0.195091 -4.02428e-07 -0.980785 -0.0980171 -7.66635e-08 -0.995185 -0.0980171 -6.01106e-10 -0.995185 -0.0980171 -4.01146e-07 -0.995185 -0.19509 -3.11332e-07 -0.980785 -0.195092 -1.00182e-06 -0.980785 -0.0980162 -7.81255e-07 -0.995185 -0.19509 1.45218e-08 -0.980785 -0.195092 -1.49714e-06 -0.980785 -0.0980175 7.91035e-08 -0.995185 -0.0980181 1.64553e-07 -0.995185 -0.195091 -6.37008e-08 -0.980785 -0.0980184 1.60255e-08 -0.995185 -0.19509 -2.08512e-08 -0.980785 -0.195091 -5.2042e-08 -0.980785 -0.098017 4.17536e-08 -0.995185 -0.0980172 5.161e-08 -0.995185 -0.195089 -1.24475e-06 -0.980785 -0.0980167 -1.94817e-06 -0.995185 -0.19509 -1.02182e-07 -0.980785 -0.195093 9.51412e-07 -0.980785 -0.0980177 -4.49838e-08 -0.995185 -0.0980171 -3.03729e-07 -0.995185 -0.19509 -1.00904e-07 -0.980785 -0.0980171 -1.03141e-07 -0.995185 -0.195087 1.35817e-06 -0.980786 -0.0980176 -2.10506e-07 -0.995185 -0.19509 -1.70333e-07 -0.980785 -0.195091 -2.25444e-06 -0.980785 -0.0980163 1.78499e-06 -0.995185 -0.0980172 3.87175e-07 -0.995185 -0.19509 -9.49876e-08 -0.980785 -0.0980174 3.12761e-07 -0.995185 -0.195091 -8.2061e-07 -0.980785 -0.0980175 -2.81749e-07 -0.995185 -0.19509 -3.31212e-07 -0.980785 -0.195091 -1.04558e-06 -0.980785 -0.0980165 4.17396e-07 -0.995185 -0.098017 -3.29189e-07 -0.995185 -0.19509 -3.29501e-07 -0.980785 -0.0980172 -6.56106e-07 -0.995185 -0.382683 -4.50266e-07 -0.92388 -0.382684 2.37575e-07 -0.92388 -0.382683 -1.29372e-08 -0.92388 -0.382685 -1.47112e-07 -0.923879 -0.382683 -3.13574e-07 -0.92388 -0.382683 -1.16717e-06 -0.92388 -0.382684 2.46795e-07 -0.923879 -0.382685 2.65094e-06 -0.923879 -0.382684 -6.74434e-08 -0.923879 -0.382684 -7.81921e-08 -0.923879 -0.382683 -6.84033e-08 -0.92388 -0.382683 -9.98322e-08 -0.92388 -0.382684 -1.25769e-07 -0.923879 -0.382685 7.64839e-07 -0.923879 -0.382683 -2.73956e-07 -0.92388 -0.382674 3.33979e-06 -0.923883 -0.382684 -2.36985e-07 -0.923879 -0.382684 -4.84376e-06 -0.923879 -0.382683 -2.28998e-09 -0.92388 -0.382683 2.81304e-06 -0.92388 -0.382684 -1.96178e-07 -0.923879 -0.382684 -1.17203e-06 -0.923879 -0.382683 -1.3118e-13 -0.92388 -0.555571 6.754e-09 -0.831469 -0.555571 -2.89387e-07 -0.831469 -0.55557 -1.28122e-08 -0.83147 -0.55557 8.99691e-08 -0.83147 -0.55557 -2.16195e-07 -0.83147 -0.555564 -3.11609e-06 -0.831474 -0.555571 4.44366e-07 -0.831469 -0.555571 3.74284e-06 -0.831469 -0.55557 0 -0.83147 -0.555571 -1.23618e-08 -0.831469 -0.55557 0 -0.83147 -0.555569 1.55435e-07 -0.83147 -0.55557 -1.36496e-07 -0.831469 -0.55557 4.43839e-07 -0.83147 -0.55557 -1.63788e-08 -0.831469 -0.555572 -1.4022e-06 -0.831468 -0.555571 6.23097e-07 -0.831469 -0.555568 2.28603e-06 -0.831471 -0.55557 6.06192e-07 -0.83147 -0.555569 3.87116e-06 -0.83147 -0.55557 -2.53467e-08 -0.831469 -0.555571 3.00302e-07 -0.831469 -0.55557 1.93232e-08 -0.831469 -0.707106 -4.91916e-07 -0.707107 -0.707107 -1.13733e-08 -0.707107 -0.707107 -4.18735e-09 -0.707106 -0.707108 3.06381e-07 -0.707106 -0.707107 -2.98649e-07 -0.707106 -0.707108 -2.18844e-07 -0.707106 -0.707108 -9.6067e-09 -0.707105 -0.707106 4.23251e-07 -0.707108 -0.707107 0 -0.707106 -0.707108 5.32004e-07 -0.707106 -0.707107 0 -0.707107 -0.707107 2.78014e-06 -0.707107 -0.707107 -9.32518e-08 -0.707106 -0.707109 5.1221e-07 -0.707104 -0.707107 -1.85244e-07 -0.707106 -0.70711 -1.51229e-06 -0.707104 -0.707106 1.30101e-07 -0.707107 -0.707108 6.47015e-07 -0.707106 -0.707108 3.41877e-07 -0.707105 -0.707102 9.08637e-06 -0.707111 -0.707106 8.43408e-08 -0.707107 -0.707112 -1.79574e-06 -0.707101 -0.707106 2.14751e-07 -0.707107 -0.831469 3.80476e-07 -0.555572 -0.831472 5.18117e-07 -0.555567 -0.831469 -8.73599e-09 -0.555571 -0.831468 3.64739e-09 -0.555572 -0.831469 -2.17172e-07 -0.555571 -0.831471 1.4237e-06 -0.555568 -0.83147 -5.80721e-07 -0.55557 -0.83147 -1.54667e-06 -0.55557 -0.83147 -3.57854e-08 -0.55557 -0.83147 -6.58005e-07 -0.555569 -0.83147 0 -0.55557 -0.831468 -2.73843e-06 -0.555572 -0.83147 -4.25589e-08 -0.55557 -0.831473 2.08129e-06 -0.555566 -0.83147 1.58971e-08 -0.55557 -0.83147 4.36886e-07 -0.55557 -0.83147 -4.36418e-07 -0.55557 -0.83147 -3.0632e-06 -0.55557 -0.83147 -2.90139e-07 -0.55557 -0.831469 1.86973e-06 -0.555571 -0.831469 -2.14261e-07 -0.555571 -0.831471 -1.92704e-06 -0.555568 -0.831469 -5.63573e-07 -0.555571 -0.923879 1.6885e-08 -0.382684 -0.92388 6.57123e-08 -0.382682 -0.92388 1.73701e-09 -0.382683 -0.923879 -7.30693e-07 -0.382685 -0.92388 -1.03767e-07 -0.382683 -0.923879 -1.08328e-06 -0.382685 -0.92388 1.95113e-08 -0.382683 -0.92388 3.16762e-06 -0.382682 -0.92388 -8.05212e-08 -0.382682 -0.923879 -2.60789e-07 -0.382685 -0.92388 7.55558e-09 -0.382684 -0.923879 -4.39262e-06 -0.382684 -0.923879 -8.85273e-08 -0.382684 -0.923881 4.41521e-07 -0.38268 -0.92388 -9.65313e-09 -0.382684 -0.92388 -8.35529e-07 -0.382681 -0.923879 -1.05414e-07 -0.382684 -0.92388 1.17145e-06 -0.382682 -0.92388 -1.87332e-07 -0.382683 -0.923879 -1.65698e-06 -0.382684 -0.92388 -3.41069e-07 -0.382683 -0.923878 4.04861e-07 -0.382686 -0.92388 -3.29505e-07 -0.382683 -0.92388 -1.07937e-06 -0.382683 -0.92388 -9.84203e-07 -0.382683 -0.83147 -7.19577e-07 -0.55557 -0.83147 -7.19577e-07 -0.55557 -0.707106 -8.14741e-07 -0.707107 -0.707106 -7.19578e-07 -0.707107 -0.55557 -1.37718e-06 -0.83147 -0.55557 -1.34399e-06 -0.83147 -0.382684 -8.45067e-07 -0.923879 -0.382684 -9.07039e-07 -0.923879 -0.19509 -7.35479e-07 -0.980785 -0.19509 -7.35479e-07 -0.980785 -0.0980171 -7.47762e-07 -0.995185 -0.0980171 -7.47762e-07 -0.995185 </float_array>
          <technique_common>
            <accessor count="342" offset="0" source="#meshId14-tangents-array" stride="3">
              <param name="X" type="float" />
              <param name="Y" type="float" />
              <param name="Z" type="float" />
            </accessor>
          </technique_common>
        </source>
        <source id="meshId14-bitangents" name="meshId14-bitangents">
          <float_array id="meshId14-bitangents-array" count="1026"> 1.15196e-06 -1 2.2914e-07 1.05863e-06 -1 2.10575e-07 1.42533e-06 -1 1.40383e-07 1.42533e-06 -1 1.40383e-07 0.195089 0.00270799 -0.980782 0.195088 0.00431845 -0.980776 0.0980165 0.00433934 -0.995175 0.0980162 0.00272103 -0.995181 0 1 0 0.00999217 0.998687 -0.0502345 0.00499611 0.9987 -0.0507262 0 1 0 0.000837331 0.999964 -0.00850157 0.00167434 0.999963 -0.00841839 0.00167427 0.999963 -0.0084184 0.000837274 0.999964 -0.00850158 -0 -1 0 0.00489553 -0.998752 -0.0497046 0.00979104 -0.99874 -0.049222 -0 -1 0 0.000471887 -0.999997 -0.00237234 -0.000324441 -0.999999 0.00163159 -0.000162066 -0.999999 0.00164758 0.000235953 -0.999997 -0.00239565 0.000946103 -0.999953 -0.00960279 -0.000945493 -0.999953 0.00960283 -0.00189131 -0.999953 0.00950983 0.00189192 -0.999953 -0.00950974 -0.0977057 -0.0797415 0.992016 -0.0980179 3.34028e-07 0.995185 -0.195091 1.45233e-07 0.980785 -0.194475 -0.0793611 0.977692 0.0980118 -0.00942727 -0.995141 0.0980086 -0.0133775 -0.995096 0.195074 -0.0133128 -0.980698 0.195081 -0.00938153 -0.980742 0.0373576 -0.924521 -0.379295 0.0746589 -0.923875 -0.375341 0.0904906 -0.38427 -0.918775 0.0904907 -0.38427 -0.918775 0.180242 -0.382691 -0.906124 0.18024 -0.382691 -0.906124 -0.0979645 -0.0327578 0.994651 -0.0904941 -0.384249 0.918784 -0.180237 -0.382685 0.906127 -0.194986 -0.0326015 0.980264 -0.0373535 -0.924532 0.379269 -0.0746563 -0.923882 0.375324 0.0373545 -0.924535 -0.379263 0.0746561 -0.923883 -0.375322 0.0904923 -0.384246 -0.918785 0.180242 -0.382661 -0.906137 -0.0373501 -0.924551 0.379224 -0.0746479 -0.923899 0.375283 -0.0904921 -0.384268 0.918776 -0.18024 -0.382674 0.906131 0.0373509 -0.924551 -0.379224 0.0746484 -0.923899 -0.375283 0.0904932 -0.384251 -0.918783 0.180241 -0.382666 -0.906135 0.180241 0.382684 -0.906127 0.0904926 0.384264 -0.918778 0.0746587 0.923878 -0.375335 0.0373549 0.924531 -0.37927 0.180239 0.3827 -0.906121 0.0904909 0.384269 -0.918776 -0.0980146 0 0.995185 -0.195091 1.43195e-07 0.980785 -1.08208e-07 1 -1.09865e-06 -1.08208e-07 1 -1.09865e-06 -1.08208e-07 1 -5.43998e-07 -1.08208e-07 1 -5.43998e-07 -1.08208e-07 1 -1.09866e-06 -8.07211e-08 1 -8.19575e-07 0 1 0 -2.76064e-08 1 -1.38787e-07 5.90334e-09 1 2.44524e-09 0.0196011 0.998687 -0.0473212 0.146452 0.923874 -0.353567 0.353551 0.382711 -0.853542 0.382681 0.00270808 -0.923877 0.38268 0.0043184 -0.923871 0.353555 0.382677 -0.853555 1.57068e-07 1 1.0495e-07 0.0284542 0.998688 -0.0425845 0.212601 0.923884 -0.318181 0.513278 0.382698 -0.768172 0.555567 0.00270804 -0.831467 0.555564 0.00431839 -0.831462 0.513282 0.382677 -0.768179 4.5182e-09 1 4.5182e-09 0.0362126 0.998688 -0.0362124 0.270571 0.923895 -0.270574 0.653281 0.382685 -0.653281 0.707104 0.00270806 -0.707104 0.707101 0.00431846 -0.7071 0.653283 0.38268 -0.653283 1.04949e-07 1 1.57068e-07 0.0425829 0.998688 -0.0284528 0.318168 0.92389 -0.212594 0.768178 0.38268 -0.513281 0.831467 0.00270806 -0.555567 0.831462 0.00431843 -0.555565 0.768179 0.382678 -0.513281 0 1 0 0.0473161 0.998688 -0.0195988 0.353532 0.923889 -0.146439 0.853556 0.38267 -0.353563 0.923878 0.00270792 -0.382679 0.923871 0.00431835 -0.38268 0.853555 0.38268 -0.353554 1.24656e-09 1 6.26688e-09 0.0502327 0.998688 -0.0099918 0.375322 0.923883 -0.074656 0.906132 0.382673 -0.180239 0.980781 0.00270794 -0.195091 0.980776 0.0043184 -0.195089 0.906128 0.382681 -0.18024 3.68531e-08 1 3.74175e-07 0.0507283 0.9987 -0.00499612 0.379284 0.924526 -0.0373562 0.91878 0.38426 -0.0904912 0.995181 0.00272108 -0.0980164 0.995175 0.00433932 -0.0980168 0.918779 0.38426 -0.0904926 0 1 0 0 1 0 0 1 0 0 1 0 0 1 0 0 1 0 0 1 0 0 1 0 0 1 0 0 1 0 7.86165e-08 1 1.17658e-07 0 1 0 2.12258e-07 1 5.12436e-07 1.58106e-07 1 3.81702e-07 4.94775e-08 1 9.84165e-09 6.64237e-08 1 1.32125e-08 0 1 0 0 1 0 -4.66066e-08 1 -1.93051e-08 -4.66065e-08 1 -1.93051e-08 0 1 0 -1.43662e-08 1 -9.59921e-09 -2.92143e-07 1 -2.92143e-07 -3.92204e-07 1 -3.92204e-07 7.86164e-08 1 1.17658e-07 -7.86169e-08 1 -1.17658e-07 2.12258e-07 1 5.12436e-07 1.58106e-07 1 3.81702e-07 0.00328501 0.999963 -0.00793046 0.00328494 0.999963 -0.0079305 0.00477016 0.999963 -0.00713914 0.00477018 0.999963 -0.00713913 0.00607124 0.999963 -0.00607159 0.00607126 0.999963 -0.00607156 0.00713845 0.999963 -0.00476976 0.00713845 0.999963 -0.00476976 0.00793104 0.999963 -0.00328532 0.00793103 0.999963 -0.00328535 0.00841933 0.999963 -0.00167487 0.00841932 0.999963 -0.00167493 0.00850209 0.999964 -0.000837383 0.00850208 0.999964 -0.000837439 0.906129 -0.38268 -0.180239 0.906128 -0.38268 -0.180241 0.91878 -0.384258 -0.0904912 0.91878 -0.384258 -0.0904912 0.00237223 -0.999997 -0.000471853 0.375326 -0.923881 -0.0746568 0.379261 -0.924535 -0.0373539 0.0023954 -0.999997 -0.000235926 -0.00164751 -0.999999 0.000162668 -0.00163154 -0.999999 0.00032485 -0.375327 -0.923881 0.0746589 -0.379264 -0.924534 0.0373546 -0.980264 -0.032601 0.194986 -0.906127 -0.382683 0.180242 -0.918779 -0.38426 0.0904922 -0.99465 -0.0327585 0.0979655 -0.980785 1.26709e-08 0.195091 -0.995185 -1.57839e-09 0.0980184 -0.977692 -0.0793605 0.194475 -0.980785 1.03518e-08 0.195091 -0.995185 -4.11236e-09 0.098017 -0.992016 -0.0797421 0.0977051 -0.906129 -0.38268 0.18024 -0.91878 -0.384259 0.0904922 -0.00951129 -0.999953 0.00189202 -0.375332 -0.923879 0.0746582 -0.379276 -0.924529 0.0373557 -0.00960452 -0.999953 0.000946268 0.00951115 -0.999953 -0.00189178 0.00960429 -0.999953 -0.000945837 0.375333 -0.923879 -0.0746582 0.379276 -0.924529 -0.0373554 0.980698 -0.0133128 -0.195073 0.906127 -0.382685 -0.18024 0.91878 -0.384259 -0.0904918 0.995096 -0.013377 -0.0980085 0.980742 -0.0093815 -0.195082 0.99514 -0.00942684 -0.0980131 0.90613 -0.382678 -0.18024 0.918781 -0.384256 -0.0904923 0.049222 -0.99874 -0.00979052 0.375319 -0.923884 -0.0746547 0.379267 -0.924533 -0.0373546 0.0497054 -0.998752 -0.00489522 6.42825e-08 -1 3.2317e-07 6.43096e-08 -1 6.52946e-07 0.853554 -0.382682 -0.353553 0.853554 -0.382682 -0.353554 0.00223465 -0.999997 -0.000925606 0.353557 -0.923878 -0.146449 -0.00153678 -0.999999 0.000636892 -0.353544 -0.923884 0.146444 -0.923388 -0.0326012 0.38248 -0.853553 -0.382683 0.353554 -0.923879 2.7936e-08 0.382684 -0.920965 -0.0793605 0.381477 -0.92388 2.83336e-08 0.382683 -0.853556 -0.382678 0.353554 -0.00895927 -0.999953 0.00371119 -0.353553 -0.92388 0.146446 0.00895938 -0.999953 -0.0037108 0.353557 -0.923878 -0.146447 0.923797 -0.0133131 -0.38265 0.85355 -0.382693 -0.353551 0.923839 -0.00938149 -0.382666 0.853555 -0.382679 -0.353554 0.0463663 -0.99874 -0.0192054 0.35354 -0.923886 -0.14644 7.86348e-07 -1 -3.25716e-07 0.768177 -0.382686 -0.51328 0.768176 -0.382686 -0.51328 0.00201116 -0.999997 -0.0013438 0.3182 -0.923874 -0.212615 -0.00138308 -0.999999 0.000924401 -0.318182 -0.923883 0.212603 -0.831027 -0.0326011 0.555275 -0.768181 -0.382677 0.513281 -0.83147 0 0.55557 -0.828847 -0.0793607 0.553819 -0.83147 0 0.55557 -0.768181 -0.382676 0.513281 -0.0080629 -0.999953 0.00538762 -0.318186 -0.923881 0.212605 0.00806307 -0.999953 -0.00538756 0.318184 -0.923883 -0.212603 0.831395 -0.0133127 -0.555522 0.768178 -0.382686 -0.513278 0.831433 -0.0093812 -0.555545 0.76818 -0.382677 -0.513282 0.0417319 -0.99874 -0.0278844 0.318191 -0.923878 -0.212609 2.11235e-06 -1 -1.43466e-06 0.653281 -0.382688 -0.65328 0.65328 -0.382688 -0.65328 0.00171035 -0.999997 -0.00171035 0.270603 -0.923876 -0.270605 -0.00117619 -0.999999 0.00117662 -0.270613 -0.92387 0.270614 -0.706729 -0.0326008 0.706733 -0.653285 -0.382676 0.653283 -0.707106 0 0.707107 -0.704876 -0.0793613 0.704877 -0.707107 0 0.707107 -0.653285 -0.382675 0.653283 -0.00685669 -0.999953 0.00685683 -0.270589 -0.923884 0.270591 0.00685727 -0.999953 -0.00685702 0.27059 -0.923884 -0.27059 0.707044 -0.0133131 -0.707044 0.65328 -0.382683 -0.653283 0.707074 -0.00938134 -0.707077 0.65329 -0.382662 -0.653286 0.0354918 -0.99874 -0.0354918 0.270609 -0.923873 -0.270611 1.65368e-06 -1 -1.95738e-06 0.513282 -0.382681 -0.768178 0.513278 -0.382681 -0.76818 0.00134373 -0.999997 -0.00201102 0.212599 -0.923887 -0.318175 -0.000924063 -0.999999 0.00138335 -0.212612 -0.923876 0.318196 -0.555275 -0.0326002 0.831028 -0.513281 -0.382674 0.768182 -0.55557 5.35567e-08 0.83147 -0.553817 -0.0793599 0.828848 -0.55557 0 0.83147 -0.513285 -0.382667 0.768183 -0.00538711 -0.999953 0.00806247 -0.212595 -0.923889 0.318171 0.00538748 -0.999953 -0.00806297 0.212597 -0.923887 -0.318174 0.555521 -0.0133137 -0.831396 0.513281 -0.382681 -0.768178 0.555545 -0.00938187 -0.831434 0.513285 -0.382662 -0.768185 0.0278839 -0.99874 -0.0417307 0.212606 -0.923881 -0.318186 1.41433e-06 -1 -1.10228e-06 0.353554 -0.382684 -0.853553 0.353552 -0.382684 -0.853554 0.000925564 -0.999997 -0.00223451 0.146442 -0.923886 -0.353539 -0.000636495 -0.999999 0.00153691 -0.14644 -0.923886 0.353539 -0.38248 -0.0326008 0.923389 -0.353553 -0.382683 0.853553 -0.382682 1.94396e-07 0.92388 -0.381478 -0.07936 0.920965 -0.382684 -1.82408e-08 0.92388 -0.353556 -0.382658 0.853564 -0.00371055 -0.999953 0.0089583 -0.146431 -0.923895 0.35352 0.00371072 -0.999953 -0.00895844 0.146431 -0.923897 -0.353515 0.38265 -0.0133129 -0.923798 0.353555 -0.382666 -0.853561 0.382666 -0.00938171 -0.923839 0.353557 -0.382668 -0.853559 0.0192057 -0.99874 -0.0463658 0.146442 -0.923885 -0.35354 6.30139e-07 -1 -6.60253e-07 9.97205e-07 -1 4.13056e-07 9.09285e-07 -1 3.76638e-07 5.98307e-07 -1 3.99776e-07 5.98307e-07 -1 3.99776e-07 5.76109e-07 -1 5.7611e-07 5.08818e-07 -1 5.08819e-07 5.55544e-07 -1 1.28512e-06 5.37104e-07 -1 1.25752e-06 2.06959e-07 -1 8.28969e-07 2.30674e-07 -1 8.86224e-07 5.14304e-07 -1 6.47586e-07 5.14304e-07 -1 6.47586e-07 5.72562e-07 -1 6.94987e-07 5.72562e-07 -1 6.94987e-07 </float_array>
          <technique_common>
            <accessor count="342" offset="0" source="#meshId14-bitangents-array" stride="3">
              <param name="X" type="float" />
              <param name="Y" type="float" />
              <param name="Z" type="float" />
            </accessor>
          </technique_common>
        </source>
        <source id="meshId14-tex0" name="meshId14-tex0">
          <float_array id="meshId14-tex0-array" count="684"> -0.500612 -1.16086 -0.500588 -1.23394 -0.334028 -1.23394 -0.334238 -1.16086 -0.199007 -1.28122 -0.235987 -1.7731 -0.00271052 -1.7731 0.100215 -1.28122 -0.198961 -1.25918 -0.198996 -1.27596 0.10057 -1.27596 0.100622 -1.25918 0.256378 -1.8621 -0.0577378 -1.8621 -0.0577434 -1.9379 0.256312 -1.9379 -0.306019 -1.15078 -0.305957 -1.12914 -0.47664 -1.12914 -0.47667 -1.15078 -0.599553 -0.0350142 -0.606872 -0.788973 -0.476457 -0.788973 -0.465373 -0.0350142 -0.244838 -0.983503 -0.24485 -0.86495 -0.43364 -0.86495 -0.433635 -0.983503 -0.254574 -0.843383 -0.255968 -0.829457 -0.442524 -0.829457 -0.442525 -0.843383 -0.305501 -1.12283 -0.293224 -1.01788 -0.475583 -1.01788 -0.476616 -1.12283 -0.465196 -0.0303388 -0.599553 -0.0303388 -0.485757 -0.0233399 -0.485355 -0.0186155 -0.61417 -0.0186155 -0.61417 -0.0233399 -0.477252 -0.795395 -0.476937 -0.792184 -0.606878 -0.792184 -0.606881 -0.795395 -0.476937 -0.792184 -0.606878 -0.792184 -0.305815 -1.12599 -0.476629 -1.12599 -0.305815 -1.12599 -0.476629 -1.12599 -0.244968 -0.861796 -0.43364 -0.861796 -0.254285 -0.846534 -0.442527 -0.846534 -0.244956 -0.986657 -0.433635 -0.986656 -0.292945 -1.01472 -0.475587 -1.01472 -0.236023 -1.78083 -0.00347507 -1.78083 -0.199003 -1.27859 0.100459 -1.27859 -0.199003 -1.27859 0.100459 -1.27859 -0.477092 -0.811164 -0.606884 -0.811164 -1.86374 -2.05447 -1.86397 -2.14553 -1.6479 -2.14553 -1.64788 -2.05447 -1.86379 -2.20447 -1.86393 -2.29553 -1.6479 -2.29553 -1.64788 -2.20447 -0.472917 -1.25918 -0.472927 -1.27596 -0.47293 -1.27859 -0.47293 -1.27859 -0.472931 -1.28122 -0.48608 -1.7731 -0.486096 -1.78083 -0.737895 -1.25918 -0.737893 -1.27596 -0.737892 -1.27859 -0.737892 -1.27859 -0.737892 -1.28122 -0.742095 -1.7731 -0.742098 -1.78083 -1 -1.25918 -0.999999 -1.27596 -0.999998 -1.27859 -0.999998 -1.27859 -0.999998 -1.28122 -1 -1.7731 -0.999998 -1.78083 -1.26211 -1.25918 -1.26211 -1.27596 -1.2621 -1.27859 -1.2621 -1.27859 -1.2621 -1.28122 -1.25791 -1.7731 -1.2579 -1.78083 -1.52709 -1.25918 -1.52707 -1.27596 -1.52707 -1.27859 -1.52707 -1.27859 -1.52707 -1.28122 -1.51392 -1.7731 -1.5139 -1.78083 -1.80104 -1.25918 -1.801 -1.27596 -1.80099 -1.27859 -1.80099 -1.27859 -1.80099 -1.28122 -1.76401 -1.7731 -1.76398 -1.78083 -2.10062 -1.25918 -2.10057 -1.27596 -2.10046 -1.27859 -2.10046 -1.27859 -2.10022 -1.28122 -1.99729 -1.7731 -1.99652 -1.78083 -0.352109 -2.05447 -0.352109 -2.14553 -0.136145 -2.14553 -0.136145 -2.05447 -0.568071 -2.05447 -0.568073 -2.14553 -0.784043 -2.05447 -0.78403 -2.14553 -0.999992 -2.05447 -1.00001 -2.14553 -1.21593 -2.05447 -1.21599 -2.14553 -1.43194 -2.05447 -1.43191 -2.14553 -0.352109 -2.20447 -0.352108 -2.29553 -0.136144 -2.29553 -0.136145 -2.20447 -0.568063 -2.20447 -0.568079 -2.29553 -0.784046 -2.20447 -0.784024 -2.29553 -1.00001 -2.20447 -0.99999 -2.29553 -1.21596 -2.20447 -1.21597 -2.29553 -1.43193 -2.20447 -1.43193 -2.29553 -0.371827 -1.8621 -0.371827 -1.9379 -0.685912 -1.8621 -0.685912 -1.9379 -0.999997 -1.8621 -1 -1.9379 -1.31409 -1.8621 -1.31409 -1.9379 -1.62817 -1.8621 -1.62817 -1.9379 -1.94226 -1.8621 -1.94226 -1.9379 -2.25638 -1.8621 -2.25631 -1.9379 -1.38583 -0.0233399 -1.38583 -0.0186155 -1.51464 -0.0186155 -1.51424 -0.0233399 -1.40045 -0.0350142 -1.40045 -0.0303388 -1.5348 -0.0303388 -1.53463 -0.0350142 -1.52354 -0.788973 -1.39313 -0.788973 -1.39312 -0.792184 -1.52306 -0.792184 -1.39312 -0.795395 -1.39312 -0.792184 -1.52306 -0.792184 -1.52275 -0.795395 -1.39311 -0.811164 -1.52291 -0.811164 -1.55747 -0.843383 -1.55747 -0.829457 -1.74403 -0.829457 -1.74542 -0.843383 -1.55747 -0.846534 -1.74571 -0.846534 -1.56636 -0.86495 -1.56636 -0.861796 -1.75504 -0.861796 -1.75515 -0.864949 -1.56636 -0.983503 -1.75516 -0.983503 -1.56636 -0.986656 -1.75504 -0.986656 -1.52442 -1.01788 -1.52441 -1.01472 -1.70705 -1.01472 -1.70678 -1.01788 -1.52338 -1.12283 -1.6945 -1.12283 -1.52337 -1.12599 -1.69418 -1.12599 -1.52336 -1.12914 -1.52337 -1.12599 -1.69418 -1.12599 -1.69404 -1.12914 -1.52333 -1.15078 -1.69398 -1.15078 -1.25722 -0.0233399 -1.25722 -0.0186155 -1.26673 -0.0350142 -1.26673 -0.0303388 -1.26232 -0.788973 -1.26232 -0.792184 -1.26232 -0.795395 -1.26232 -0.792184 -1.26235 -0.811164 -1.37151 -0.843383 -1.37151 -0.829457 -1.37151 -0.846534 -1.37757 -0.86495 -1.37757 -0.861796 -1.37758 -0.983503 -1.37758 -0.986656 -1.3492 -1.01788 -1.3492 -1.01472 -1.34911 -1.12283 -1.34911 -1.12599 -1.34911 -1.12914 -1.34911 -1.12599 -1.34911 -1.15078 -1.12861 -0.0233399 -1.12861 -0.0186155 -1.1333 -0.0350142 -1.1333 -0.0303388 -1.13116 -0.788973 -1.13115 -0.792184 -1.13115 -0.795395 -1.13115 -0.792184 -1.13113 -0.811164 -1.18593 -0.843383 -1.18593 -0.829457 -1.18593 -0.846534 -1.18879 -0.86495 -1.18879 -0.861796 -1.18879 -0.983503 -1.18879 -0.986656 -1.17458 -1.01788 -1.17458 -1.01472 -1.17457 -1.12283 -1.17457 -1.12599 -1.17457 -1.12914 -1.17457 -1.12599 -1.17457 -1.15078 -0.999999 -0.0233399 -0.999999 -0.0186155 -0.999999 -0.0350142 -0.999999 -0.0303388 -1 -0.788973 -0.999999 -0.792184 -0.999999 -0.795395 -0.999999 -0.792184 -0.999999 -0.811164 -1 -0.843383 -1 -0.829457 -1 -0.846534 -0.999988 -0.86495 -0.999988 -0.861796 -1.00001 -0.983503 -1.00001 -0.986656 -0.999999 -1.01788 -0.999999 -1.01472 -1 -1.12283 -1 -1.12599 -0.999999 -1.12914 -1 -1.12599 -0.999999 -1.15078 -0.87139 -0.0233399 -0.87139 -0.0186155 -0.866703 -0.0350142 -0.866704 -0.0303388 -0.868838 -0.788973 -0.868846 -0.792184 -0.868849 -0.795395 -0.868846 -0.792184 -0.868873 -0.811164 -0.814066 -0.843383 -0.814066 -0.829457 -0.814065 -0.846534 -0.811211 -0.86495 -0.811211 -0.861796 -0.811208 -0.983503 -0.811208 -0.986656 -0.825421 -1.01788 -0.825421 -1.01472 -0.825433 -1.12283 -0.825433 -1.12599 -0.825434 -1.12914 -0.825433 -1.12599 -0.825434 -1.15078 -0.74278 -0.0233399 -0.74278 -0.0186155 -0.733269 -0.0350142 -0.73327 -0.0303388 -0.737683 -0.788973 -0.73768 -0.792184 -0.737676 -0.795395 -0.73768 -0.792184 -0.737652 -0.811164 -0.628492 -0.843383 -0.62849 -0.829457 -0.628492 -0.846534 -0.622418 -0.86495 -0.622418 -0.861796 -0.622433 -0.983503 -0.622434 -0.986656 -0.650799 -1.01788 -0.650799 -1.01472 -0.650887 -1.12283 -0.650888 -1.12599 -0.650889 -1.12914 -0.650888 -1.12599 -0.650891 -1.15078 -0.66705 -1.16086 -0.667084 -1.23394 -0.833547 -1.16086 -0.833522 -1.23394 -1 -1.16086 -0.999998 -1.23394 -1.16646 -1.16086 -1.16647 -1.23394 -1.33293 -1.16086 -1.33294 -1.23394 -1.4994 -1.16086 -1.4994 -1.23394 -1.66582 -1.23394 -1.66592 -1.16086 </float_array>
          <technique_common>
            <accessor count="342" offset="0" source="#meshId14-tex0-array" stride="2">
              <param name="S" type="float" />
              <param name="T" type="float" />
            </accessor>
          </technique_common>
        </source>
        <vertices id="meshId14-vertices">
          <input semantic="POSITION" source="#meshId14-positions" />
        </vertices>
        <polylist count="400" material="defaultMaterial">
          <input offset="0" semantic="VERTEX" source="#meshId14-vertices" />
          <input offset="0" semantic="NORMAL" source="#meshId14-normals" />
          <input offset="0" semantic="TANGENT" source="#meshId14-tangents" />
          <input offset="0" semantic="BINORMAL" source="#meshId14-bitangents" />
          <input offset="0" semantic="TEXCOORD" source="#meshId14-tex0" set="0" />
          <vcount>3 3 3 3 3 3 3 3 3 3 3 3 3 3 3 3 3 3 3 3 3 3 3 3 3 3 3 3 3 3 3 3 3 3 3 3 3 3 3 3 3 3 3 3 3 3 3 3 3 3 3 3 3 3 3 3 3 3 3 3 3 3 3 3 3 3 3 3 3 3 3 3 3 3 3 3 3 3 3 3 3 3 3 3 3 3 3 3 3 3 3 3 3 3 3 3 3 3 3 3 3 3 3 3 3 3 3 3 3 3 3 3 3 3 3 3 3 3 3 3 3 3 3 3 3 3 3 3 3 3 3 3 3 3 3 3 3 3 3 3 3 3 3 3 3 3 3 3 3 3 3 3 3 3 3 3 3 3 3 3 3 3 3 3 3 3 3 3 3 3 3 3 3 3 3 3 3 3 3 3 3 3 3 3 3 3 3 3 3 3 3 3 3 3 3 3 3 3 3 3 3 3 3 3 3 3 3 3 3 3 3 3 3 3 3 3 3 3 3 3 3 3 3 3 3 3 3 3 3 3 3 3 3 3 3 3 3 3 3 3 3 3 3 3 3 3 3 3 3 3 3 3 3 3 3 3 3 3 3 3 3 3 3 3 3 3 3 3 3 3 3 3 3 3 3 3 3 3 3 3 3 3 3 3 3 3 3 3 3 3 3 3 3 3 3 3 3 3 3 3 3 3 3 3 3 3 3 3 3 3 3 3 3 3 3 3 3 3 3 3 3 3 3 3 3 3 3 3 3 3 3 3 3 3 3 3 3 3 3 3 3 3 3 3 3 3 3 3 3 3 3 3 3 3 3 3 3 3 3 3 3 3 3 3 3 3 3 3 3 3 3 3 3 3 3 3 3 3 3 3 3 3 3 3 3 3 3 3 3 3 3 3 3 3 3 3 3 3 3 3 </vcount>
          <p>3 0 1 1 2 3 7 4 5 5 6 7 11 8 9 9 10 11 15 12 13 13 14 15 19 16 17 17 18 19 23 20 21 21 22 23 27 24 25 25 26 27 31 28 29 29 30 31 35 32 33 33 34 35 20 23 36 36 37 20 41 38 39 39 40 41 45 42 43 43 44 45 47 46 22 22 21 47 18 17 48 48 49 18 51 50 32 32 35 51 26 25 52 52 53 26 55 54 28 28 31 55 57 56 24 24 27 57 34 33 58 58 59 34 6 5 60 60 61 6 10 9 62 62 63 10 65 64 4 4 7 65 67 66 42 42 45 67 71 68 69 69 70 71 75 72 73 73 74 75 77 9 8 8 76 77 78 62 9 9 77 78 80 4 64 64 79 80 81 5 4 4 80 81 82 60 5 5 81 82 76 83 84 84 77 76 77 84 85 85 78 77 79 86 87 87 80 79 80 87 88 88 81 80 81 88 89 89 82 81 83 90 91 91 84 83 84 91 92 92 85 84 86 93 94 94 87 86 87 94 95 95 88 87 88 95 96 96 89 88 90 97 98 98 91 90 91 98 99 99 92 91 93 100 101 101 94 93 94 101 102 102 95 94 95 102 103 103 96 95 97 104 105 105 98 97 98 105 106 106 99 98 100 107 108 108 101 100 101 108 109 109 102 101 102 109 110 110 103 102 112 105 104 104 111 112 113 106 105 105 112 113 115 108 107 107 114 115 116 109 108 108 115 116 117 110 109 109 116 117 119 112 111 111 118 119 120 113 112 112 119 120 122 115 114 114 121 122 123 116 115 115 122 123 124 117 116 116 123 124 128 125 126 126 127 128 125 129 130 130 126 125 129 131 132 132 130 129 131 133 134 134 132 131 133 135 136 136 134 133 135 137 138 138 136 135 137 71 70 70 138 137 142 139 140 140 141 142 139 143 144 144 140 139 143 145 146 146 144 143 145 147 148 148 146 145 147 149 150 150 148 147 149 151 152 152 150 149 151 75 74 74 152 151 154 14 13 13 153 154 156 154 153 153 155 156 158 156 155 155 157 158 160 158 157 157 159 160 162 160 159 159 161 162 164 162 161 161 163 164 166 164 163 163 165 166 170 167 168 168 169 170 174 171 172 172 173 174 171 174 175 175 176 171 178 177 176 176 175 178 182 179 180 180 181 182 184 183 179 179 182 184 188 185 186 186 187 188 190 189 185 185 188 190 194 191 192 192 193 194 196 195 191 191 194 196 198 197 195 195 196 198 202 199 200 200 201 202 204 203 199 199 202 204 206 205 203 203 204 206 210 207 208 208 209 210 212 211 207 207 210 212 167 213 214 214 168 167 171 215 216 216 172 171 215 171 176 176 217 215 177 218 217 217 176 177 179 219 220 220 180 179 183 221 219 219 179 183 185 222 223 223 186 185 189 224 222 222 185 189 191 225 226 226 192 191 195 227 225 225 191 195 197 228 227 227 195 197 199 229 230 230 200 199 203 231 229 229 199 203 205 232 231 231 203 205 207 233 234 234 208 207 211 235 233 233 207 211 213 236 237 237 214 213 215 238 239 239 216 215 238 215 217 217 240 238 218 241 240 240 217 218 219 242 243 243 220 219 221 244 242 242 219 221 222 245 246 246 223 222 224 247 245 245 222 224 225 248 249 249 226 225 227 250 248 248 225 227 228 251 250 250 227 228 229 252 253 253 230 229 231 254 252 252 229 231 232 255 254 254 231 232 233 256 257 257 234 233 235 258 256 256 233 235 236 259 260 260 237 236 238 261 262 262 239 238 261 238 240 240 263 261 241 264 263 263 240 241 242 265 266 266 243 242 244 267 265 265 242 244 245 268 269 269 246 245 247 270 268 268 245 247 248 271 272 272 249 248 250 273 271 271 248 250 251 274 273 273 250 251 252 275 276 276 253 252 254 277 275 275 252 254 255 278 277 277 254 255 256 279 280 280 257 256 258 281 279 279 256 258 259 282 283 283 260 259 261 284 285 285 262 261 284 261 263 263 286 284 264 287 286 286 263 264 265 288 289 289 266 265 267 290 288 288 265 267 268 291 292 292 269 268 270 293 291 291 268 270 271 294 295 295 272 271 273 296 294 294 271 273 274 297 296 296 273 274 275 298 299 299 276 275 277 300 298 298 275 277 278 301 300 300 277 278 279 302 303 303 280 279 281 304 302 302 279 281 282 305 306 306 283 282 284 307 308 308 285 284 307 284 286 286 309 307 287 310 309 309 286 287 288 311 312 312 289 288 290 313 311 311 288 290 291 314 315 315 292 291 293 316 314 314 291 293 294 317 318 318 295 294 296 319 317 317 294 296 297 320 319 319 296 297 298 321 322 322 299 298 300 323 321 321 298 300 301 324 323 323 300 301 302 325 326 326 303 302 304 327 325 325 302 304 305 41 40 40 306 305 307 20 37 37 308 307 20 307 309 309 21 20 310 47 21 21 309 310 311 45 44 44 312 311 313 67 45 45 311 313 314 31 30 30 315 314 316 55 31 31 314 316 317 26 53 53 318 317 319 27 26 26 317 319 320 57 27 27 319 320 321 34 59 59 322 321 323 35 34 34 321 323 324 51 35 35 323 324 325 18 49 49 326 325 327 19 18 18 325 327 0 328 329 329 1 0 328 330 331 331 329 328 330 332 333 333 331 330 332 334 335 335 333 332 334 336 337 337 335 334 336 338 339 339 337 336 341 340 339 339 338 341 </p>
        </polylist>
      </mesh>
    </geometry>
    <geometry id="meshId15" name="meshId15_name" >
      <mesh>
        <source id="meshId15-positions" name="meshId15-positions">
          <float_array id="meshId15-positions-array" count="1143"> 0.0191951 0.187789 -0.709008 0.0191951 0.186696 -0.709346 0.0826865 0.186696 -0.703092 0.0826206 0.187789 -0.702761 0.0191951 0.189723 -0.709176 0.0191951 0.189182 -0.709009 0.0826208 0.189182 -0.702762 0.0826534 0.189723 -0.702926 0.0825961 0.158076 -0.702638 0.0191951 0.158076 -0.708882 0.0191951 0.156441 -0.710214 0.0828559 0.156441 -0.703944 0.0191951 0.159522 -0.708883 0.0825962 0.159522 -0.702639 0.0827353 0.161157 -0.703338 0.0191951 0.161157 -0.709596 0.0191951 0.190265 -0.747729 0.0191951 0.190265 -0.710111 0.0828358 0.190265 -0.703843 0.0901748 0.190265 -0.740739 0.0191951 -0.190265 -0.812818 0.448114 -0.190265 -0.3839 0.448114 -0.190265 -0.3839 0.0191951 0.157408 -1 0.13939 0.157408 -0.988162 0.139027 0.155245 -0.986336 0.0191951 0.155245 -0.998139 0.0191951 0.161081 -0.998837 0.139163 0.161081 -0.987021 0.13939 0.158929 -0.988162 0.0191951 0.158929 -1 0.635146 0.187131 -0.3839 0.634431 0.185487 -0.3839 0.622609 0.185487 -0.503926 0.623311 0.187131 -0.504066 0.634789 0.189395 -0.3839 0.635145 0.188577 -0.3839 0.62331 0.188577 -0.504065 0.62296 0.189395 -0.503996 0.616112 0.190212 -0.3839 0.63354 0.190212 -0.3839 0.621736 0.190212 -0.503752 0.604642 0.190212 -0.500352 0.0827651 0.190146 -0.703488 0.0191951 0.190146 -0.709749 0.622468 0.18999 -0.503898 0.634286 0.18999 -0.3839 0.0902954 0.190009 -0.741345 0.0191951 0.190009 -0.748348 0.0903454 0.18939 -0.741596 0.0191951 0.18939 -0.748604 0.604036 0.189956 -0.500232 0.615493 0.189956 -0.3839 0.603784 0.189338 -0.500182 0.615237 0.189338 -0.3839 0.443287 -0.0523446 -0.3839 0.442124 -0.0545076 -0.3839 0.433997 -0.0545076 -0.466409 0.435138 -0.0523446 -0.466636 0.442124 -0.0486709 -0.3839 0.443287 -0.0508233 -0.3839 0.435138 -0.0508233 -0.466636 0.433997 -0.0486709 -0.466409 0.443137 -0.022621 -0.3839 0.442423 -0.0242658 -0.3839 0.43429 -0.0242658 -0.466467 0.434992 -0.022621 -0.466607 0.442424 -0.0195401 -0.3839 0.443137 -0.0211752 -0.3839 0.434991 -0.0211752 -0.466606 0.434291 -0.0195401 -0.466467 0.443287 0.0525262 -0.3839 0.442124 0.0503632 -0.3839 0.433997 0.0503632 -0.466409 0.435138 0.0525262 -0.466636 0.442124 0.0561999 -0.3839 0.443287 0.0540475 -0.3839 0.435138 0.0540475 -0.466636 0.433997 0.0561999 -0.466409 0.443137 0.0822498 -0.3839 0.442423 0.080605 -0.3839 0.43429 0.080605 -0.466467 0.434992 0.0822498 -0.466607 0.442424 0.0853307 -0.3839 0.443137 0.0836956 -0.3839 0.434991 0.0836955 -0.466606 0.434291 0.0853307 -0.466467 0.254966 0.158929 -0.953102 0.254521 0.161081 -0.952027 0.254966 0.157408 -0.953102 0.254254 0.155245 -0.951382 0.360836 0.161081 -0.895201 0.361482 0.158929 -0.896168 0.361482 0.157408 -0.896168 0.360448 0.155245 -0.894621 0.454021 0.161081 -0.818725 0.454844 0.158929 -0.819548 0.454844 0.157408 -0.819548 0.453528 0.155245 -0.818232 0.530497 0.161081 -0.72554 0.531464 0.158929 -0.726186 0.531464 0.157408 -0.726186 0.529916 0.155245 -0.725152 0.587323 0.161081 -0.619226 0.588398 0.158929 -0.619671 0.588398 0.157408 -0.619671 0.586678 0.155245 -0.618959 0.623457 0.158929 -0.504095 0.622316 0.161081 -0.503868 0.623457 0.157408 -0.504095 0.621632 0.155245 -0.503732 0.635295 0.158929 -0.3839 0.634132 0.161081 -0.3839 0.635295 0.157408 -0.3839 0.633434 0.155245 -0.3839 0.0191951 -0.0523446 -0.807991 0.101931 -0.0523446 -0.799843 0.101704 -0.0545076 -0.798702 0.0191951 -0.0545076 -0.806828 0.0191951 -0.0508233 -0.807991 0.101931 -0.0508233 -0.799843 0.0191951 -0.0486709 -0.806828 0.101704 -0.0486709 -0.798702 0.181488 -0.0523446 -0.775709 0.181043 -0.0545076 -0.774635 0.181488 -0.0508233 -0.775709 0.181043 -0.0486709 -0.774635 0.254808 -0.0523446 -0.736519 0.254162 -0.0545076 -0.735552 0.254808 -0.0508233 -0.736519 0.254162 -0.0486709 -0.735552 0.319073 -0.0523446 -0.683778 0.318251 -0.0545076 -0.682955 0.319073 -0.0508233 -0.683778 0.318251 -0.0486709 -0.682955 0.371815 -0.0523446 -0.619512 0.370847 -0.0545076 -0.618866 0.371815 -0.0508233 -0.619512 0.370847 -0.0486709 -0.618866 0.411005 -0.0523446 -0.546192 0.40993 -0.0545076 -0.545747 0.411005 -0.0508233 -0.546192 0.40993 -0.0486709 -0.545747 0.0191951 -0.022621 -0.807842 0.101902 -0.022621 -0.799696 0.101763 -0.0242658 -0.798995 0.0191951 -0.0242658 -0.807127 0.0191951 -0.0211753 -0.807841 0.101902 -0.0211753 -0.799695 0.0191951 -0.0195401 -0.807128 0.101763 -0.0195401 -0.798996 0.181431 -0.022621 -0.775571 0.181157 -0.0242658 -0.774911 0.181431 -0.0211753 -0.775571 0.181158 -0.0195401 -0.774912 0.254725 -0.022621 -0.736395 0.254328 -0.0242658 -0.7358 0.254725 -0.0211753 -0.736394 0.254328 -0.0195401 -0.735801 0.318968 -0.022621 -0.683672 0.318462 -0.0242658 -0.683166 0.318967 -0.0211753 -0.683672 0.318463 -0.0195401 -0.683167 0.37169 -0.022621 -0.619429 0.371096 -0.0242658 -0.619032 0.37169 -0.0211753 -0.619429 0.371097 -0.0195401 -0.619033 0.410867 -0.022621 -0.546135 0.410206 -0.0242658 -0.545862 0.410866 -0.0211753 -0.546135 0.410207 -0.0195401 -0.545862 0.0191951 0.0525262 -0.807991 0.101931 0.0525262 -0.799843 0.101704 0.0503632 -0.798702 0.0191951 0.0503632 -0.806828 0.0191951 0.0540475 -0.807991 0.101931 0.0540475 -0.799843 0.0191951 0.0561999 -0.806828 0.101704 0.0561999 -0.798702 0.181488 0.0525262 -0.775709 0.181043 0.0503632 -0.774635 0.181488 0.0540475 -0.775709 0.181043 0.0561999 -0.774635 0.254808 0.0525262 -0.736519 0.254162 0.0503632 -0.735552 0.254808 0.0540475 -0.736519 0.254162 0.0561999 -0.735552 0.319073 0.0525262 -0.683778 0.318251 0.0503632 -0.682955 0.319073 0.0540475 -0.683778 0.318251 0.0561999 -0.682955 0.371815 0.0525262 -0.619512 0.370847 0.0503632 -0.618866 0.371815 0.0540475 -0.619512 0.370847 0.0561999 -0.618866 0.411005 0.0525262 -0.546192 0.40993 0.0503632 -0.545747 0.411005 0.0540475 -0.546192 0.40993 0.0561999 -0.545747 0.0191951 0.0822498 -0.807842 0.101902 0.0822498 -0.799696 0.101763 0.080605 -0.798995 0.0191951 0.080605 -0.807127 0.0191951 0.0836955 -0.807841 0.101902 0.0836955 -0.799695 0.0191951 0.0853307 -0.807128 0.101763 0.0853307 -0.798996 0.181431 0.0822498 -0.775571 0.181157 0.080605 -0.774911 0.181431 0.0836955 -0.775571 0.181158 0.0853307 -0.774912 0.254725 0.0822498 -0.736395 0.254328 0.080605 -0.7358 0.254725 0.0836955 -0.736394 0.254328 0.0853307 -0.735801 0.318968 0.0822498 -0.683672 0.318462 0.080605 -0.683166 0.318967 0.0836955 -0.683672 0.318463 0.0853307 -0.683167 0.37169 0.0822498 -0.619429 0.371096 0.080605 -0.619032 0.37169 0.0836955 -0.619429 0.371097 0.0853307 -0.619033 0.410867 0.0822498 -0.546135 0.410206 0.080605 -0.545862 0.410866 0.0836955 -0.546135 0.410207 0.0853307 -0.545862 0.0191951 0.187131 -0.99985 0.139361 0.187131 -0.988015 0.139222 0.185487 -0.987314 0.0191951 0.185487 -0.999135 0.0191951 0.188577 -0.99985 0.139361 0.188577 -0.988014 0.0191951 0.189395 -0.999493 0.139291 0.189395 -0.987665 0.0191951 0.18999 -0.998991 0.139193 0.18999 -0.987172 0.0191951 0.190212 -0.998245 0.139048 0.190212 -0.98644 0.0191951 0.190212 -0.980816 0.135648 0.190212 -0.969346 0.0191951 0.189956 -0.980198 0.135527 0.189956 -0.96874 0.0191951 0.189338 -0.979942 0.135477 0.189338 -0.968489 0.254909 0.187131 -0.952964 0.254636 0.185487 -0.952303 0.254909 0.188577 -0.952963 0.254772 0.189395 -0.952634 0.25458 0.18999 -0.95217 0.254295 0.190212 -0.951481 0.247625 0.190212 -0.935379 0.247388 0.189956 -0.934807 0.24729 0.189338 -0.934571 0.361399 0.187131 -0.896044 0.361002 0.185487 -0.895449 0.361399 0.188577 -0.896043 0.361201 0.189395 -0.895747 0.360922 0.18999 -0.895329 0.360507 0.190212 -0.894709 0.350824 0.190212 -0.880218 0.350481 0.189956 -0.879703 0.350338 0.189338 -0.87949 0.454738 0.187131 -0.819442 0.454233 0.185487 -0.818937 0.454738 0.188577 -0.819442 0.454486 0.189395 -0.81919 0.45413 0.18999 -0.818835 0.453603 0.190212 -0.818307 0.441279 0.190212 -0.805983 0.440842 0.189956 -0.805546 0.440661 0.189338 -0.805365 0.53134 0.187131 -0.726103 0.530745 0.185487 -0.725706 0.531339 0.188577 -0.726103 0.531043 0.189395 -0.725905 0.530625 0.18999 -0.725626 0.530005 0.190212 -0.725211 0.515513 0.190212 -0.715529 0.514999 0.189956 -0.715185 0.514786 0.189338 -0.715043 0.58826 0.187131 -0.619614 0.587599 0.185486 -0.61934 0.588259 0.188577 -0.619614 0.587929 0.189395 -0.619477 0.587465 0.18999 -0.619285 0.586776 0.190212 -0.618999 0.570674 0.190212 -0.61233 0.570103 0.189956 -0.612093 0.569866 0.189338 -0.611995 0.344304 0.187789 -0.3839 0.338057 0.187789 -0.447325 0.338388 0.186696 -0.447391 0.344641 0.186696 -0.3839 0.344305 0.189182 -0.3839 0.338058 0.189182 -0.447325 0.344472 0.189723 -0.3839 0.338222 0.189723 -0.447358 0.345045 0.190146 -0.3839 0.338784 0.190146 -0.44747 0.345407 0.190265 -0.3839 0.339139 0.190265 -0.44754 0.383025 0.190265 -0.3839 0.376034 0.190265 -0.454879 0.383643 0.190009 -0.3839 0.376641 0.190009 -0.455 0.3839 0.18939 -0.3839 0.376892 0.18939 -0.45505 0.319556 0.187789 -0.508313 0.319868 0.186696 -0.508442 0.319557 0.189182 -0.508313 0.319712 0.189723 -0.508377 0.320241 0.190146 -0.508597 0.320575 0.190265 -0.508735 0.35533 0.190265 -0.523131 0.355901 0.190009 -0.523368 0.356138 0.18939 -0.523466 0.289513 0.187789 -0.56452 0.289794 0.186696 -0.564708 0.289514 0.189182 -0.564521 0.289653 0.189723 -0.564614 0.290129 0.190146 -0.564932 0.29043 0.190265 -0.565133 0.321709 0.190265 -0.586033 0.322223 0.190009 -0.586376 0.322436 0.18939 -0.586518 0.249082 0.187789 -0.613786 0.24932 0.186696 -0.614025 0.249082 0.189182 -0.613787 0.249201 0.189723 -0.613905 0.249605 0.190146 -0.61431 0.249862 0.190265 -0.614566 0.276462 0.190265 -0.641166 0.276899 0.190009 -0.641604 0.27708 0.18939 -0.641785 0.199816 0.187789 -0.654218 0.200003 0.186696 -0.654498 0.199816 0.189182 -0.654218 0.199909 0.189723 -0.654357 0.200227 0.190146 -0.654834 0.200429 0.190265 -0.655135 0.221328 0.190265 -0.686413 0.221672 0.190009 -0.686927 0.221814 0.18939 -0.68714 0.143609 0.187789 -0.684261 0.143738 0.186696 -0.684573 0.143609 0.189182 -0.684262 0.143673 0.189723 -0.684416 0.143892 0.190146 -0.684945 0.144031 0.190265 -0.68528 0.158427 0.190265 -0.720035 0.158663 0.190009 -0.720606 0.158761 0.18939 -0.720843 0.344178 0.158076 -0.3839 0.337933 0.158076 -0.4473 0.33924 0.156441 -0.44756 0.34551 0.156441 -0.3839 0.344178 0.159522 -0.3839 0.337934 0.159522 -0.447301 0.344892 0.161157 -0.3839 0.338634 0.161157 -0.44744 0.31944 0.158076 -0.508265 0.32067 0.156441 -0.508775 0.319441 0.159522 -0.508265 0.3201 0.161157 -0.508538 0.289408 0.158076 -0.56445 0.290516 0.156441 -0.56519 0.289409 0.159522 -0.564451 0.290002 0.161157 -0.564847 0.248993 0.158077 -0.613697 0.249934 0.156441 -0.614639 0.248993 0.159522 -0.613697 0.249497 0.161157 -0.614202 0.199746 0.158077 -0.654113 0.200486 0.156441 -0.65522 0.199746 0.159522 -0.654113 0.200142 0.161157 -0.654706 0.143561 0.158076 -0.684144 0.14407 0.156441 -0.685375 0.143561 0.159522 -0.684145 0.143834 0.161157 -0.684804 </float_array>
          <technique_common>
            <accessor count="381" offset="0" source="#meshId15-positions-array" stride="3">
              <param name="X" type="float" />
              <param name="Y" type="float" />
              <param name="Z" type="float" />
            </accessor>
          </technique_common>
        </source>
        <source id="meshId15-normals" name="meshId15-normals">
          <float_array id="meshId15-normals-array" count="1143"> -0.0963375 -0.184364 0.978125 -0.0936887 -0.29389 0.951237 -0.186397 -0.295204 0.937076 -0.194363 -0.0863058 0.977126 -0.0778704 0.607318 0.790633 -0.097893 0.0504349 0.993918 -0.193323 0.134317 0.971898 -0.159989 0.657909 0.735907 -0.177192 -0.396773 0.900652 -0.094075 -0.280732 0.955165 -0.076156 -0.629544 0.773223 -0.176134 -0.631172 0.75538 -0.0938507 0.288447 0.952885 -0.192017 0.225784 0.955066 -0.149281 0.399632 0.904439 -0.0899107 0.398213 0.912876 0.000695678 0.999975 -0.00706338 -0.000308826 0.999995 0.00313556 -0.00036318 0.999998 0.00220064 0.002267 0.99995 -0.00971689 0 -1 0 0 -1 0 0 -1 0 0.0828075 -0.535046 -0.840755 0.179101 -0.450762 -0.874492 0.123382 -0.652066 -0.748055 0.0744485 -0.650459 -0.755884 0.0863225 0.473705 -0.876443 0.199905 0.47528 -0.856824 0.180748 0.301819 -0.936075 0.0956706 0.217522 -0.971355 0.953127 -0.287638 -0.0938748 0.913387 -0.397028 -0.0899606 0.899485 -0.398641 -0.178919 0.968864 -0.155441 -0.192719 0.851445 0.517696 -0.08386 0.990631 0.0955509 -0.0975686 0.955482 0.22568 -0.190057 0.819756 0.544448 -0.1777 -0.0139863 0.999901 0.00137752 0.0122449 0.999924 -0.00120602 0.00929165 0.999956 -0.00153291 -0.0203822 0.999781 0.00475398 -0.0887551 0.865314 0.49331 -0.0446538 0.890198 0.45338 0.538932 0.836531 -0.098831 0.461934 0.885747 -0.0454966 0.147421 0.706956 -0.691722 0.0782772 0.601849 -0.794765 0.150437 0.382484 -0.911633 0.0906182 0.381157 -0.920059 -0.691533 0.707158 0.147344 -0.79469 0.601948 0.0782699 -0.911618 0.382529 0.150413 -0.920059 0.381157 0.0906174 0.925315 -0.368086 -0.0911353 0.877391 -0.47193 -0.0864153 0.863765 -0.473699 -0.171813 0.957171 -0.218113 -0.190393 0.876431 0.473728 -0.0863208 0.971353 0.217534 -0.0956698 0.910878 0.370775 -0.181185 0.862813 0.475499 -0.171624 0.953132 -0.287623 -0.0938753 0.913392 -0.397016 -0.0899616 0.899485 -0.398641 -0.178919 0.968863 -0.155451 -0.192719 0.912885 0.398193 -0.0899115 0.983133 0.155155 -0.0968302 0.938767 0.289564 -0.186732 0.898981 0.399821 -0.178819 0.925315 -0.368085 -0.0911354 0.87739 -0.471931 -0.0864152 0.863765 -0.473698 -0.171814 0.957172 -0.218112 -0.190393 0.87643 0.473729 -0.0863206 0.971353 0.217534 -0.0956697 0.910877 0.370776 -0.181185 0.862811 0.475502 -0.171624 0.953131 -0.287625 -0.0938752 0.913392 -0.397017 -0.0899615 0.899483 -0.398647 -0.178918 0.968862 -0.155451 -0.192719 0.912886 0.398191 -0.0899117 0.983133 0.155155 -0.0968302 0.938768 0.289562 -0.186733 0.898984 0.399815 -0.178819 0.359894 0.301817 -0.882827 0.363218 0.475298 -0.801351 0.346264 -0.450764 -0.822747 0.266951 -0.652059 -0.709617 0.512567 0.475325 -0.715081 0.525204 0.301847 -0.795644 0.500118 -0.450775 -0.739381 0.400255 -0.652072 -0.643892 0.642233 0.475299 -0.601355 0.670336 0.301844 -0.677894 0.634759 -0.450764 -0.627609 0.518184 -0.652069 -0.553436 0.747216 0.47529 -0.464509 0.78971 0.301829 -0.534095 0.745005 -0.450759 -0.491716 0.616206 -0.652057 -0.441716 0.823486 0.475276 -0.309811 0.878736 0.301819 -0.369769 0.826618 -0.450759 -0.336925 0.690539 -0.652058 -0.313012 0.933992 0.30181 -0.191232 0.868105 0.475274 -0.143204 0.876468 -0.450755 -0.169186 0.73834 -0.652053 -0.172281 0.924855 0.369251 -0.0910906 0.87644 0.47371 -0.0863219 0.937596 -0.33524 -0.0923456 0.755894 -0.650447 -0.0744493 0.0911355 -0.368081 -0.925316 0.191341 -0.300994 -0.934233 0.143344 -0.473492 -0.869056 0.0864128 -0.471954 -0.877378 0.0956702 0.217543 -0.971351 0.180764 0.301788 -0.936082 0.086321 0.473717 -0.876437 0.199922 0.475271 -0.856825 0.369923 -0.301004 -0.87895 0.310136 -0.473483 -0.824396 0.359912 0.301781 -0.882831 0.363237 0.475284 -0.801351 0.534289 -0.301014 -0.78989 0.465005 -0.473496 -0.748045 0.525227 0.301791 -0.79565 0.512589 0.475297 -0.715084 0.678121 -0.301019 -0.670477 0.602001 -0.47351 -0.642948 0.670356 0.301801 -0.677893 0.642242 0.475305 -0.60134 0.795896 -0.301012 -0.525301 0.715867 -0.47351 -0.51315 0.789725 0.301801 -0.534088 0.747222 0.475295 -0.464493 0.883086 -0.301007 -0.359936 0.802229 -0.473498 -0.363634 0.878749 0.301792 -0.369758 0.823485 0.475289 -0.309793 0.0938736 -0.287642 -0.953126 0.192074 -0.225152 -0.955204 0.149286 -0.398471 -0.90495 0.0899575 -0.397064 -0.913372 0.0968298 0.155167 -0.983131 0.188156 0.22567 -0.955861 0.0899107 0.398208 -0.912878 0.208271 0.399644 -0.892697 0.374733 -0.225165 -0.899375 0.322966 -0.39847 -0.858438 0.371021 0.225658 -0.90079 0.378426 0.399639 -0.834914 0.542994 -0.225155 -0.808989 0.484233 -0.398463 -0.778938 0.539626 0.225661 -0.811098 0.534041 0.399627 -0.745049 0.690385 -0.225166 -0.68751 0.626895 -0.398456 -0.669504 0.687497 0.225649 -0.690239 0.669137 0.399611 -0.626551 0.811245 -0.225166 -0.539612 0.745454 -0.398481 -0.534333 0.808947 0.225647 -0.542853 0.77851 0.399621 -0.483968 0.900932 -0.22516 -0.370978 0.83538 -0.398464 -0.378637 0.899307 0.225652 -0.374604 0.857961 0.39964 -0.322786 0.0911354 -0.368082 -0.925316 0.191341 -0.300994 -0.934233 0.143344 -0.473492 -0.869055 0.0864127 -0.471955 -0.877378 0.0956702 0.217543 -0.971351 0.180764 0.301787 -0.936082 0.086321 0.473716 -0.876437 0.199922 0.47527 -0.856825 0.369923 -0.301004 -0.87895 0.310136 -0.473484 -0.824396 0.359912 0.30178 -0.882832 0.363237 0.475284 -0.801351 0.534289 -0.301013 -0.78989 0.465005 -0.473496 -0.748045 0.525227 0.30179 -0.79565 0.512588 0.475299 -0.715083 0.678121 -0.301018 -0.670478 0.602002 -0.473509 -0.642949 0.670356 0.301802 -0.677893 0.642242 0.475307 -0.60134 0.795897 -0.301011 -0.525301 0.715868 -0.473507 -0.513151 0.789725 0.301803 -0.534087 0.747221 0.475297 -0.464493 0.883086 -0.301007 -0.359935 0.802231 -0.473493 -0.363635 0.878749 0.301793 -0.369758 0.823484 0.475291 -0.309793 0.0938736 -0.287642 -0.953126 0.192074 -0.225153 -0.955203 0.149286 -0.398472 -0.90495 0.0899575 -0.397065 -0.913371 0.0968298 0.155167 -0.983131 0.188156 0.22567 -0.955861 0.0899107 0.398208 -0.912878 0.208271 0.399644 -0.892697 0.374733 -0.225166 -0.899375 0.322965 -0.398472 -0.858436 0.371021 0.225658 -0.90079 0.378426 0.399639 -0.834914 0.542993 -0.225156 -0.808989 0.484233 -0.398467 -0.778937 0.539627 0.22566 -0.811098 0.534042 0.399626 -0.745049 0.690384 -0.225167 -0.68751 0.626893 -0.398462 -0.669502 0.687497 0.225648 -0.690239 0.669138 0.399608 -0.626552 0.811245 -0.225167 -0.539613 0.745452 -0.398487 -0.534331 0.808947 0.225645 -0.542853 0.778511 0.399618 -0.483968 0.900931 -0.225161 -0.370978 0.835378 -0.398471 -0.378636 0.899308 0.22565 -0.374604 0.857963 0.399636 -0.322786 0.0938746 -0.287651 -0.953124 0.192082 -0.225175 -0.955197 0.149298 -0.39845 -0.904957 0.089962 -0.397006 -0.913396 0.0975691 0.0955816 -0.990628 0.201529 0.155898 -0.966996 0.0861586 0.476801 -0.874779 0.171057 0.519478 -0.837187 0.0617285 0.776779 -0.626741 0.114935 0.836523 -0.535742 0.0023177 0.99972 -0.0235322 0.00281007 0.999923 -0.0120454 -0.000701007 0.999974 0.00711739 -0.00228977 0.999901 0.0138741 -0.0593544 0.795808 0.602632 -0.128517 0.707124 0.695312 -0.0906218 0.381065 0.920096 -0.209902 0.382491 0.899801 0.37474 -0.225182 -0.899368 0.322976 -0.398464 -0.858437 0.38631 0.155871 -0.909103 0.331097 0.51948 -0.787728 0.217239 0.836531 -0.503013 0.00510606 0.999923 -0.0112658 -0.00495264 0.999901 0.0131614 -0.261672 0.707193 0.656815 -0.381401 0.382554 0.841538 0.542998 -0.225176 -0.80898 0.484244 -0.39846 -0.778934 0.556247 0.15584 -0.816274 0.4784 0.519519 -0.707979 0.311195 0.836534 -0.450964 0.00720619 0.999923 -0.0100537 -0.00742511 0.999901 0.0119422 -0.384784 0.707188 0.593149 -0.538257 0.382515 0.750974 0.690389 -0.225174 -0.687503 0.6269 -0.398466 -0.669494 0.704806 0.155843 -0.69207 0.607303 0.519576 -0.601019 0.393209 0.836521 -0.381601 0.00902912 0.999923 -0.00845459 -0.00961246 0.999901 0.0102648 -0.493129 0.707158 0.506707 -0.674422 0.382517 0.631535 0.811248 -0.225177 -0.539604 0.745471 -0.398451 -0.534331 0.826275 0.155875 -0.541269 0.712899 0.519551 -0.471 0.460101 0.83652 -0.297558 0.0105042 0.999923 -0.00652996 -0.0114294 0.999901 0.00819159 -0.582521 0.707141 0.400775 -0.784683 0.382481 0.487834 0.900931 -0.225178 -0.370969 0.835385 -0.398463 -0.378628 0.915995 0.155879 -0.36967 0.791095 0.519539 -0.322873 0.509305 0.836524 -0.202076 0.0115762 0.999923 -0.00435536 -0.0128075 0.999901 0.0058041 -0.649524 0.707132 0.279434 -0.864762 0.382518 0.325371 -0.978129 -0.184345 0.0963369 -0.972661 -0.134281 0.189471 -0.942735 -0.295035 0.155577 -0.951234 -0.293897 0.0936884 -0.993919 0.0504245 0.0978923 -0.974193 0.0865757 0.208451 -0.853375 0.514477 0.0840502 -0.777227 0.609097 0.157856 -0.537861 0.841367 0.0529747 -0.489688 0.865335 0.106775 -0.00620994 0.999981 0.000611624 -0.00294284 0.999995 0.000686389 0.00355914 0.999994 -0.000350546 0.0068487 0.999976 -0.0011298 0.602786 0.795691 -0.0593691 0.695474 0.706966 -0.128509 0.920073 0.381122 -0.0906193 0.899804 0.382497 -0.209879 -0.917007 -0.134287 0.375587 -0.894265 -0.29505 0.336505 -0.914808 0.086573 0.394501 -0.731493 0.609103 0.306451 -0.459454 0.865331 0.200259 -0.00275239 0.999995 0.00124732 0.00649668 0.999976 -0.00244421 0.657041 0.706965 -0.26172 0.841573 0.382484 -0.381393 -0.826112 -0.134295 0.547269 -0.811436 -0.295041 0.504503 -0.820268 0.0865559 0.565392 -0.657643 0.609117 0.443263 -0.411564 0.865326 0.286051 -0.00245616 0.999995 0.00176031 0.00589457 0.999976 -0.00366439 0.593355 0.706968 -0.384872 0.751014 0.382435 -0.538258 -0.70347 -0.134312 0.697919 -0.697415 -0.295064 0.653108 -0.694203 0.0865818 0.714553 -0.558531 0.609116 0.563046 -0.34785 0.865327 0.360847 -0.00206554 0.999995 0.00220566 0.00506621 0.999976 -0.00474377 0.506878 0.706956 -0.493242 0.631561 0.382483 -0.674417 -0.553797 -0.134291 0.821751 -0.556596 -0.295079 0.776614 -0.54146 0.0866175 0.836253 -0.43796 0.609102 0.6612 -0.270759 0.865338 0.421759 -0.00159567 0.999995 0.00256647 0.0040434 0.999976 -0.005641 0.400905 0.706966 -0.582644 0.487843 0.382537 -0.78465 -0.382843 -0.134265 0.914005 -0.394396 -0.295044 0.870288 -0.367911 0.0865878 0.925821 -0.30055 0.609107 0.733934 -0.183273 0.865341 0.466472 -0.00106443 0.999995 0.00282869 0.0028654 0.999976 -0.00632192 0.279529 0.706977 -0.649652 0.325399 0.382476 -0.86477 -0.867504 -0.490038 0.0854418 -0.899896 -0.396788 0.180959 -0.765277 -0.63118 0.126344 -0.773213 -0.629557 0.0761553 -0.969715 0.224793 0.0955084 -0.960193 0.184488 0.209747 -0.912885 0.398193 0.0899112 -0.898987 0.399809 0.178819 -0.847301 -0.396789 0.353044 -0.725923 -0.631181 0.273215 -0.900785 0.225796 0.370948 -0.834954 0.399619 0.378359 -0.76215 -0.396773 0.511564 -0.65868 -0.63117 0.40959 -0.81111 0.225787 0.539556 -0.745098 0.399617 0.533981 -0.647699 -0.39679 0.650419 -0.566126 -0.631156 0.53023 -0.690263 0.225783 0.68743 -0.626599 0.399639 0.669075 -0.508358 -0.396814 0.764272 -0.451795 -0.631177 0.630474 -0.542886 0.225803 0.80888 -0.484033 0.399625 0.778468 -0.349493 -0.396789 0.848772 -0.32011 -0.631192 0.706489 -0.374651 0.225791 0.899252 -0.322864 0.399604 0.857948 </float_array>
          <technique_common>
            <accessor count="381" offset="0" source="#meshId15-normals-array" stride="3">
              <param name="X" type="float" />
              <param name="Y" type="float" />
              <param name="Z" type="float" />
            </accessor>
          </technique_common>
        </source>
        <source id="meshId15-tangents" name="meshId15-tangents">
          <float_array id="meshId15-tangents-array" count="1143"> -0.995185 2.25273e-08 -0.0980177 -0.995185 -2.18965e-09 -0.0980172 -0.980785 1.6451e-07 -0.195091 -0.980785 3.56678e-08 -0.195091 -0.995185 3.55937e-07 -0.0980173 -0.995185 1.55583e-09 -0.0980178 -0.980785 1.82535e-07 -0.19509 -0.978722 -0.00869174 -0.205007 -0.981128 -0.000753094 -0.193356 -0.995185 -1.49131e-07 -0.0980166 -0.995185 3.68122e-07 -0.0980171 -0.976643 0.0161139 -0.214262 -0.995185 -1.24847e-07 -0.0980168 -0.980403 -0.000450879 -0.197004 -0.985705 0.0121035 -0.168043 -0.995185 0 -0.0980174 -0.995185 -1.65492e-09 -0.0980167 -0.995185 -4.82005e-11 -0.0980174 -0.980785 7.31246e-05 -0.195092 -0.980785 0.000327794 -0.195089 1 0 0 1 0 0 1 0 0 -0.995185 -5.50565e-06 -0.0980142 -0.9799 -0.0023571 -0.199474 -0.984155 0.0163285 -0.176556 -0.995186 -1.03919e-05 -0.0980088 -0.995185 2.24312e-06 -0.0980164 -0.975428 0.0138745 -0.219881 -0.981764 -0.00163863 -0.190098 -0.995185 1.0622e-06 -0.0980174 -0.0980172 -1.14017e-07 -0.995185 -0.098017 0 -0.995185 -0.19509 -2.02847e-07 -0.980785 -0.19509 -2.19634e-07 -0.980785 -0.0980171 -1.57518e-07 -0.995185 -0.098017 -2.43701e-07 -0.995185 -0.19509 -4.69227e-07 -0.980785 -0.206811 -0.00793167 -0.978349 -0.0980172 -4.85275e-09 -0.995185 -0.0980175 -1.70978e-10 -0.995185 -0.195091 0.000309277 -0.980785 -0.195109 0.000686016 -0.980781 -0.98165 0.0079303 -0.190527 -0.995185 3.37246e-07 -0.0980172 -0.190808 0.0069571 -0.981603 -0.0980174 2.84361e-08 -0.995185 -0.979441 0.00697409 -0.201612 -0.995185 6.49695e-08 -0.0980167 -0.985789 -0.0116897 -0.167579 -0.995185 2.92744e-07 -0.0980174 -0.201832 0.00669564 -0.979397 -0.0980169 -1.69795e-07 -0.995185 -0.167562 -0.0117027 -0.985792 -0.0980168 -4.41761e-07 -0.995185 0.0980402 5.91493e-05 0.995182 0.0980562 7.36656e-05 0.995181 0.195101 2.17947e-05 0.980783 0.195093 1.14146e-05 0.980785 0.0980168 3.01761e-07 0.995185 0.0980117 2.38466e-05 0.995185 0.195093 -5.65436e-06 0.980785 0.195097 -1.33811e-05 0.980784 -0.0980272 -3.3506e-05 -0.995184 -0.0980348 -4.02095e-05 -0.995183 -0.195095 -1.15952e-05 -0.980784 -0.195091 -6.48318e-06 -0.980785 -0.0980174 1.31426e-07 -0.995185 -0.098015 -1.37136e-05 -0.995185 -0.195091 3.38721e-06 -0.980785 -0.195093 6.11964e-06 -0.980785 0.0980398 5.80175e-05 0.995182 0.0980557 7.28578e-05 0.995181 0.195101 2.04776e-05 0.980783 0.195092 1.03642e-05 0.980785 0.0980173 -5.78872e-07 0.995185 0.098012 2.2607e-05 0.995185 0.195093 -6.42213e-06 0.980785 0.195098 -1.41304e-05 0.980784 -0.0980274 -3.43546e-05 -0.995184 -0.0980351 -4.09916e-05 -0.995183 -0.195095 -1.27043e-05 -0.980784 -0.195091 -7.50768e-06 -0.980785 -0.0980171 -7.02506e-07 -0.995185 -0.0980149 -1.46164e-05 -0.995185 -0.195091 2.19661e-06 -0.980785 -0.195093 4.99088e-06 -0.980785 -0.925815 -0.0016262 -0.377974 -0.913792 0.0138866 -0.405946 -0.922152 -0.00233696 -0.38682 -0.930792 0.0163542 -0.365183 -0.817024 0.0138432 -0.576437 -0.834281 -0.0016558 -0.551337 -0.82897 -0.0023408 -0.559289 -0.84166 0.0163618 -0.53976 -0.688868 0.0138416 -0.724755 -0.710689 -0.00165842 -0.703504 -0.703932 -0.00235045 -0.710263 -0.720194 0.016346 -0.69358 -0.534248 0.0138636 -0.845214 -0.559791 -0.00164269 -0.828632 -0.551838 -0.0023427 -0.833948 -0.571042 0.0163517 -0.820758 -0.359077 0.0138386 -0.933205 -0.387372 -0.00165718 -0.921922 -0.378534 -0.00233009 -0.925585 -0.399927 0.0163781 -0.916401 -0.200065 -0.00167818 -0.979781 -0.170104 0.0138123 -0.985329 -0.190697 -0.0023479 -0.981646 -0.213478 0.0163589 -0.976811 -0.0980129 -1.16847e-05 -0.995185 -0.0980063 -2.0426e-05 -0.995186 -0.0980181 -1.28507e-06 -0.995185 -0.0980174 3.50965e-08 -0.995185 0.995182 -5.78686e-05 0.0980397 0.979767 0.00165781 0.200133 0.985336 -0.0138383 0.170063 0.995181 -7.29349e-05 0.0980544 0.995185 -2.21055e-05 0.0980127 0.98176 0.00165685 0.190119 0.995185 1.73228e-06 0.0980175 0.975421 -0.0138416 0.219916 0.921898 0.00166734 0.387428 0.933229 -0.0138189 0.359016 0.925806 0.00164669 0.377995 0.913778 -0.0138601 0.405977 0.828601 0.00166649 0.559838 0.845256 -0.0138209 0.534183 0.834274 0.0016476 0.551348 0.817017 -0.0138581 0.576446 0.703461 0.00166673 0.710732 0.724801 -0.0138207 0.68882 0.710681 0.00164808 0.703513 0.68886 -0.0138579 0.724762 0.551287 0.00166669 0.834314 0.576493 -0.0138207 0.816985 0.559777 0.00164774 0.828642 0.53423 -0.0138579 0.845226 0.377926 0.00166403 0.925834 0.406027 -0.0138245 0.913756 0.387361 0.00164723 0.921927 0.359069 -0.0138578 0.933208 -0.995184 3.38366e-05 -0.0980261 -0.980397 -0.000461901 -0.197031 -0.985721 0.0121232 -0.167949 -0.995183 4.05965e-05 -0.0980327 -0.995185 1.40383e-05 -0.0980147 -0.981151 -0.000450966 -0.193241 -0.995185 -9.17424e-09 -0.0980172 -0.974964 0.0121332 -0.222032 -0.923121 -0.000467642 -0.38451 -0.934017 0.0121099 -0.357022 -0.9246 -0.000446087 -0.38094 -0.912915 0.012141 -0.407969 -0.830369 -0.000467484 -0.557214 -0.846419 0.0121114 -0.532379 -0.832516 -0.000447192 -0.554 -0.815783 0.0121391 -0.578231 -0.705706 -0.000467217 -0.708504 -0.726293 0.0121104 -0.687278 -0.70844 -0.000446674 -0.705771 -0.6873 0.0121395 -0.726272 -0.553924 -0.000467681 -0.832567 -0.578256 0.0121121 -0.815765 -0.557138 -0.000447319 -0.83042 -0.532405 0.0121403 -0.846403 -0.380855 -0.000466101 -0.924635 -0.407997 0.0121132 -0.912903 -0.384426 -0.000446272 -0.923156 -0.35705 0.0121397 -0.934006 0.995182 -5.83089e-05 0.0980398 0.979767 0.00165718 0.200133 0.985336 -0.0138388 0.170063 0.995181 -7.39555e-05 0.098055 0.995185 -2.24087e-05 0.0980127 0.98176 0.00165605 0.190118 0.995185 1.00384e-06 0.0980171 0.975421 -0.0138424 0.219915 0.921898 0.00166665 0.387428 0.933229 -0.0138193 0.359016 0.925806 0.00164585 0.377995 0.913778 -0.0138608 0.405977 0.828601 0.00166582 0.559838 0.845256 -0.0138215 0.534183 0.834274 0.00164707 0.551348 0.817018 -0.0138587 0.576446 0.703461 0.00166571 0.710732 0.724801 -0.0138217 0.68882 0.710681 0.00164725 0.703513 0.688861 -0.0138588 0.724761 0.551287 0.00166597 0.834314 0.576492 -0.0138216 0.816986 0.559777 0.00164712 0.828642 0.53423 -0.0138587 0.845225 0.377926 0.0016635 0.925834 0.406027 -0.0138247 0.913756 0.387361 0.00164643 0.921927 0.35907 -0.0138585 0.933208 -0.995184 3.32113e-05 -0.0980259 -0.980397 -0.000462946 -0.197031 -0.985721 0.0121221 -0.167948 -0.995183 3.99663e-05 -0.0980325 -0.995185 1.33503e-05 -0.0980148 -0.981151 -0.000452138 -0.193241 -0.995185 -7.09222e-07 -0.0980175 -0.974964 0.012132 -0.222033 -0.923121 -0.000468668 -0.38451 -0.934017 0.0121092 -0.357022 -0.9246 -0.000447251 -0.38094 -0.912915 0.0121399 -0.407969 -0.830369 -0.000468248 -0.557213 -0.84642 0.0121104 -0.532379 -0.832516 -0.000447787 -0.554001 -0.815782 0.0121385 -0.578231 -0.705707 -0.000467993 -0.708504 -0.726294 0.0121098 -0.687278 -0.708439 -0.00044765 -0.705771 -0.6873 0.0121385 -0.726273 -0.553925 -0.000468517 -0.832566 -0.578256 0.0121115 -0.815765 -0.557138 -0.000448378 -0.83042 -0.532405 0.0121394 -0.846403 -0.380855 -0.000467006 -0.924635 -0.407997 0.0121123 -0.912903 -0.384426 -0.000447298 -0.923156 -0.35705 0.0121387 -0.934007 -0.995185 7.86973e-09 -0.0980173 -0.980396 -0.000469563 -0.197038 -0.985721 0.0121065 -0.167953 -0.995185 2.95793e-09 -0.0980175 -0.995185 1.1331e-08 -0.0980179 -0.979011 0.00143564 -0.203801 -0.995185 1.77896e-08 -0.0980177 -0.980039 0.00234162 -0.198792 -0.995185 3.87147e-08 -0.098017 -0.979902 0.00695835 -0.199358 -0.995185 -3.79419e-10 -0.0980164 -0.980785 0.000406147 -0.195092 -0.995185 -5.9596e-09 -0.0980169 -0.980787 0.000460832 -0.19508 -0.995185 4.45562e-08 -0.0980176 -0.982083 0.006697 -0.188332 -0.995185 3.59815e-08 -0.0980174 -0.974876 -0.0117033 -0.222441 -0.923117 -0.000469641 -0.384518 -0.934014 0.0121073 -0.357031 -0.92044 0.00143541 -0.390882 -0.922425 0.00234203 -0.386168 -0.922181 0.00695721 -0.386697 -0.923879 0.000406151 -0.382685 -0.923885 0.000460835 -0.38267 -0.926469 0.00669874 -0.376313 -0.912749 -0.0117053 -0.408354 -0.830364 -0.000469548 -0.557221 -0.846414 0.0121068 -0.532388 -0.826497 0.00143446 -0.56294 -0.829364 0.00234434 -0.558703 -0.829019 0.00695451 -0.559178 -0.83147 0.000406234 -0.55557 -0.831478 0.000460804 -0.555557 -0.835251 0.00669971 -0.549827 -0.815544 -0.0117037 -0.578576 -0.705701 -0.00046956 -0.70851 -0.726287 0.0121071 -0.687285 -0.700792 0.00143538 -0.713365 -0.70443 0.00234251 -0.70977 -0.703999 0.00695528 -0.710167 -0.707107 0.000406292 -0.707107 -0.707114 0.000461183 -0.707099 -0.711939 0.00669709 -0.702209 -0.686999 -0.011704 -0.726564 -0.553917 -0.000469123 -0.832571 -0.578249 0.0121064 -0.81577 -0.548156 0.00143603 -0.836375 -0.552425 0.00234183 -0.833559 -0.551925 0.00695597 -0.833865 -0.555571 0.000406375 -0.831469 -0.555578 0.000461125 -0.831465 -0.561268 0.00669438 -0.827607 -0.532051 -0.0117016 -0.846632 -0.380848 -0.000469801 -0.924638 -0.407989 0.0121071 -0.912907 -0.374454 0.00143539 -0.927244 -0.379191 0.00234212 -0.925315 -0.378643 0.00695711 -0.925517 -0.382683 0.000406197 -0.92388 -0.382695 0.000460936 -0.923875 -0.389024 0.00669562 -0.921203 -0.356659 -0.011701 -0.934161 -0.0980167 -1.53146e-07 -0.995185 -0.191273 0.000527061 -0.981537 -0.16566 0.00932947 -0.986139 -0.0980172 -2.18971e-09 -0.995185 -0.098017 4.90394e-09 -0.995185 -0.20913 0.00124637 -0.977887 -0.0980172 1.38782e-07 -0.995185 -0.197589 0.00192387 -0.980283 -0.098017 -3.42189e-09 -0.995185 -0.199631 0.00793339 -0.979839 -0.0980169 -3.7792e-12 -0.995185 -0.195095 9.90677e-05 -0.980784 -0.0980173 -5.37571e-10 -0.995185 -0.195093 0.000228049 -0.980785 -0.098017 8.08786e-08 -0.995185 -0.188548 0.00697239 -0.982039 -0.0980171 -1.31816e-07 -0.995185 -0.222422 -0.0116894 -0.974881 -0.379086 0.000527057 -0.925361 -0.354863 0.00932946 -0.934872 -0.395888 0.00124603 -0.918298 -0.385035 0.00192541 -0.9229 -0.386956 0.0079315 -0.922064 -0.382685 9.90782e-05 -0.923879 -0.382682 0.000228015 -0.92388 -0.376514 0.00697671 -0.926384 -0.408338 -0.0116912 -0.912756 -0.552331 0.000527408 -0.833625 -0.530428 0.00932871 -0.847678 -0.567432 0.00124596 -0.823419 -0.557686 0.00192397 -0.83005 -0.559408 0.00793079 -0.828855 -0.555569 9.9086e-05 -0.83147 -0.555569 0.00022802 -0.83147 -0.550009 0.00697747 -0.835129 -0.578562 -0.0116907 -0.815555 -0.704351 0.000527247 -0.709852 -0.685612 0.00933022 -0.727908 -0.717171 0.00124639 -0.696896 -0.708905 0.0019235 -0.705302 -0.710358 0.00793253 -0.703796 -0.707108 9.90742e-05 -0.707105 -0.707104 0.000227972 -0.70711 -0.702368 0.00698028 -0.71178 -0.726551 -0.0116928 -0.687013 -0.829303 0.000526918 -0.5588 -0.814445 0.00933029 -0.580165 -0.839348 0.00124709 -0.543593 -0.832881 0.00192303 -0.553448 -0.834013 0.00793072 -0.551688 -0.83147 9.91019e-05 -0.555569 -0.831471 0.000228015 -0.555568 -0.82773 0.00697347 -0.561083 -0.846619 -0.0116902 -0.532071 -0.922384 0.000527191 -0.386275 -0.91198 0.00932891 -0.410128 -0.92927 0.00124639 -0.369399 -0.92485 0.00192426 -0.380328 -0.925616 0.00793232 -0.378381 -0.92388 9.90779e-05 -0.382682 -0.923879 0.000227994 -0.382684 -0.921288 0.00697513 -0.388818 -0.934155 -0.0116896 -0.356677 -0.0980174 4.73334e-08 -0.995185 -0.196824 -0.000753124 -0.980439 -0.175794 0.016115 -0.984295 -0.0980178 0 -0.995185 -0.098017 -2.14555e-08 -0.995185 -0.212788 0.00338171 -0.977093 -0.0980171 0 -0.995185 -0.19509 2.59494e-07 -0.980785 -0.384317 -0.00075235 -0.923201 -0.364443 0.0161148 -0.931086 -0.380878 -0.000450622 -0.924625 -0.407907 0.0121036 -0.912943 -0.557039 -0.000752818 -0.830486 -0.539086 0.0161142 -0.842097 -0.553946 -0.000451104 -0.832553 -0.578176 0.0121038 -0.815823 -0.708357 -0.000752868 -0.705854 -0.693011 0.0161135 -0.720747 -0.705725 -0.000450691 -0.708486 -0.726225 0.0121031 -0.68735 -0.832451 -0.0007539 -0.554099 -0.820308 0.0161159 -0.571695 -0.830383 -0.000450853 -0.557193 -0.846366 0.0121032 -0.532464 -0.924554 -0.000753772 -0.381049 -0.916078 0.0161155 -0.400676 -0.923131 -0.000451108 -0.384486 -0.933982 0.012103 -0.357115 </float_array>
          <technique_common>
            <accessor count="381" offset="0" source="#meshId15-tangents-array" stride="3">
              <param name="X" type="float" />
              <param name="Y" type="float" />
              <param name="Z" type="float" />
            </accessor>
          </technique_common>
        </source>
        <source id="meshId15-bitangents" name="meshId15-bitangents">
          <float_array id="meshId15-bitangents-array" count="1143"> 0.0180709 -0.982858 -0.183476 0.0288063 -0.955839 -0.292475 0.0575915 -0.955434 -0.289531 0.0168374 -0.996269 -0.0846475 -0.059528 -0.794458 0.604394 -0.00494351 -0.998727 0.050192 -0.0262041 -0.990938 0.131736 -0.12848 -0.753047 0.645301 0.0773968 -0.917916 -0.389152 0.0275165 -0.959786 -0.27938 0.0617058 -0.776964 -0.626513 0.123064 -0.775476 -0.619268 -0.0282726 -0.957496 0.287058 -0.0440499 -0.974177 0.221446 -0.0781021 -0.916596 0.392113 -0.0390318 -0.917293 0.396296 -0.0980142 0.00709756 0.99516 -0.0980169 -0.00315073 0.99518 -0.195092 -0.0022292 0.980783 -0.195076 0.00997246 0.980737 0 -0 -1 0 -0 -1 0 -0 -1 0.0524375 0.844823 -0.53247 0.0878543 0.892641 -0.442124 0.127341 0.757986 -0.63972 0.0637428 0.759542 -0.647328 -0.0464289 0.880684 0.471424 -0.0926169 0.879725 0.466375 -0.0589092 0.953364 0.296019 -0.0213199 0.976055 0.216475 0.286253 0.957739 -0.0281936 0.395116 0.917807 -0.0389155 0.390982 0.917107 -0.0777712 0.152454 0.987845 -0.0303252 -0.515203 0.855565 0.0507429 -0.0950908 0.995425 0.00936537 -0.221344 0.974201 0.0440275 -0.534069 0.838757 0.106095 -0.995086 -0.0140539 0.0980075 -0.995109 0.0123041 0.0980101 -0.980741 0.00941217 0.195085 -0.98057 -0.020918 0.195053 -0.168777 -0.501168 0.848731 -0.0872549 -0.455573 0.885912 -0.820454 0.547875 0.163366 -0.881481 0.464169 0.0868186 -0.137707 0.707223 0.69345 -0.0589912 0.79861 0.598951 -0.0747531 0.923888 0.37529 -0.0373597 0.92451 0.379322 -0.693575 -0.707024 0.138097 -0.599049 -0.798536 0.0590012 -0.375334 -0.923869 0.0747657 -0.379321 -0.92451 0.0373602 -0.366307 -0.929792 0.036142 -0.46965 -0.881636 0.0463403 -0.464593 -0.880687 0.0924382 -0.213919 -0.975924 0.0425632 0.471447 -0.880671 -0.0464331 0.216489 -0.976053 -0.0212977 0.363649 -0.928723 -0.0723406 0.46636 -0.879716 -0.0927801 0.286235 0.957744 -0.0282268 0.3951 0.917812 -0.0389581 0.390979 0.917107 -0.0777835 0.152463 0.987844 -0.0303333 -0.396276 0.917302 0.03903 -0.154409 0.98789 0.0151941 -0.283999 0.957159 0.0564946 -0.392137 0.916593 0.0780077 -0.366307 -0.929792 0.0361407 -0.46965 -0.881635 0.0463394 -0.464591 -0.880688 0.0924366 -0.213919 -0.975924 0.042562 0.471448 -0.88067 -0.0464341 0.216489 -0.976053 -0.021299 0.36365 -0.928722 -0.0723416 0.466362 -0.879715 -0.0927815 0.286236 0.957743 -0.0282279 0.395101 0.917811 -0.038959 0.390984 0.917104 -0.0777855 0.152463 0.987844 -0.0303345 -0.396273 0.917303 0.0390289 -0.154409 0.98789 0.0151931 -0.283998 0.957159 0.0564931 -0.392132 0.916596 0.0780054 -0.115515 0.953364 0.278841 -0.181817 0.879715 0.439368 0.172442 0.89264 -0.416482 0.249726 0.757992 -0.602565 -0.264096 0.879701 0.395448 -0.167737 0.953355 0.250955 0.250383 0.892634 -0.37485 0.362498 0.75798 -0.542274 -0.336151 0.879716 0.336308 -0.213473 0.953356 0.213406 0.318686 0.89264 -0.318799 0.461308 0.757983 -0.461146 -0.395282 0.87972 0.264282 -0.250983 0.953361 0.167664 0.374757 0.892643 -0.250491 0.542403 0.757994 -0.362276 -0.439243 0.879728 0.182056 -0.278867 0.953364 0.11546 0.41643 0.892643 -0.172553 0.602673 0.757992 -0.249466 -0.296029 0.953366 0.0588141 -0.466324 0.879729 0.0928366 0.442085 0.892645 -0.0880153 0.63975 0.757997 -0.12712 -0.367474 0.92933 0.0361805 -0.471431 0.880681 0.0464086 0.333626 0.942133 -0.0328608 0.647315 0.759551 -0.0637551 -0.0361401 -0.929794 0.366303 -0.0586901 -0.953625 0.295221 -0.0925497 -0.880689 0.464565 -0.0463412 -0.881623 0.469674 0.0213005 -0.976051 -0.216498 0.0589264 -0.953374 -0.295983 0.046434 -0.880677 -0.471435 0.0926597 -0.879731 -0.466356 -0.115152 -0.953622 0.278112 -0.18138 -0.880695 0.437582 0.115525 -0.953376 -0.278798 0.181848 -0.879723 -0.439339 -0.167202 -0.953618 0.25031 -0.263272 -0.880688 0.393798 0.167703 -0.953373 -0.250911 0.264073 -0.879716 -0.39543 -0.212827 -0.953616 0.212886 -0.335049 -0.88068 0.334881 0.213438 -0.953369 -0.213379 0.336149 -0.879712 -0.336319 -0.250263 -0.953619 0.167271 -0.393943 -0.88068 0.263081 0.250965 -0.953369 -0.16764 0.395294 -0.879717 -0.264272 -0.278084 -0.95362 0.115228 -0.437688 -0.880687 0.181162 0.278839 -0.953372 -0.115455 0.439251 -0.879721 -0.182073 0.0282286 0.957738 -0.286253 0.0439209 0.974324 -0.220828 0.0778936 0.917101 -0.390972 0.0389624 0.917791 -0.395148 -0.0151949 0.987888 0.154421 -0.0440397 0.974204 0.221332 -0.0390312 0.917295 0.39629 -0.0779027 0.91659 0.392166 0.0861578 0.97432 -0.20803 0.152658 0.917102 -0.368266 -0.086364 0.974206 0.208478 -0.152904 0.916592 0.369431 0.125081 0.974323 -0.187216 0.221568 0.917104 -0.331402 -0.125379 0.974206 0.187625 -0.222033 0.916597 0.332492 0.15921 0.97432 -0.159223 0.281958 0.917108 -0.281804 -0.159565 0.974208 0.159552 -0.282621 0.916604 0.282776 0.187213 0.97432 -0.125104 0.331539 0.917097 -0.221395 -0.187624 0.974209 0.125354 -0.332365 0.9166 0.222212 0.208018 0.974322 -0.0861732 0.368346 0.917104 -0.152453 -0.208479 0.974208 0.086345 -0.369348 0.916592 0.153107 -0.0361406 -0.929793 0.366303 -0.0586907 -0.953624 0.295221 -0.0925503 -0.880689 0.464565 -0.0463424 -0.881623 0.469674 0.0213002 -0.976051 -0.216498 0.0589255 -0.953374 -0.295983 0.0464332 -0.880678 -0.471435 0.0926587 -0.879731 -0.466356 -0.115153 -0.953622 0.278112 -0.181381 -0.880694 0.437583 0.115524 -0.953376 -0.278798 0.181847 -0.879723 -0.439339 -0.167203 -0.953619 0.250309 -0.263273 -0.880687 0.393799 0.167702 -0.953373 -0.250911 0.264074 -0.879715 -0.395432 -0.212826 -0.953617 0.212884 -0.335049 -0.880681 0.334879 0.213438 -0.953369 -0.213381 0.33615 -0.879711 -0.336321 -0.250262 -0.953619 0.167269 -0.393941 -0.880682 0.263079 0.250967 -0.953369 -0.167642 0.395296 -0.879716 -0.264273 -0.278083 -0.95362 0.115227 -0.437684 -0.880689 0.18116 0.27884 -0.953372 -0.115456 0.439252 -0.879719 -0.182075 0.028228 0.957738 -0.286254 0.0439199 0.974323 -0.220828 0.0778926 0.9171 -0.390973 0.0389618 0.917791 -0.395149 -0.0151955 0.987888 0.154421 -0.0440409 0.974204 0.221331 -0.039032 0.917295 0.39629 -0.0779039 0.91659 0.392165 0.0861572 0.97432 -0.208032 0.152658 0.9171 -0.368269 -0.086365 0.974206 0.208477 -0.152905 0.916592 0.369431 0.125081 0.974322 -0.187217 0.221569 0.917103 -0.331406 -0.125379 0.974206 0.187624 -0.222033 0.916598 0.33249 0.15921 0.97432 -0.159225 0.281961 0.917105 -0.281809 -0.159565 0.974209 0.15955 -0.282619 0.916606 0.282773 0.187213 0.97432 -0.125106 0.331544 0.917094 -0.221399 -0.187623 0.97421 0.125352 -0.332363 0.916601 0.222209 0.208019 0.974321 -0.0861746 0.368351 0.917101 -0.152457 -0.208478 0.974208 0.0863433 -0.369345 0.916593 0.153105 0.0281948 0.957735 -0.286266 0.0439195 0.974318 -0.22085 0.0778769 0.91711 -0.390953 0.0389135 0.917816 -0.395094 -0.0093687 0.995422 0.0951214 -0.030384 0.987772 0.152915 -0.0467349 0.879011 0.474505 -0.101308 0.85448 0.50951 -0.0761375 0.629773 0.773039 -0.163039 0.547888 0.82051 -0.097989 0.023646 0.994906 -0.195072 0.0123622 0.980711 -0.0980144 -0.00715183 0.995159 -0.195067 -0.0140543 0.980689 -0.0780033 -0.605548 0.791976 -0.137831 -0.707058 0.693594 -0.037351 -0.924548 0.37923 -0.074551 -0.923885 0.375338 0.0861643 0.974317 -0.208046 0.152657 0.917104 -0.36826 -0.0596223 0.987776 0.144025 -0.198762 0.854479 0.479957 -0.319985 0.547875 0.772944 -0.382651 0.0123623 0.92381 -0.382638 -0.0140548 0.923791 -0.270525 -0.706989 0.653439 -0.146367 -0.923859 0.35364 0.125093 0.974318 -0.187233 0.221566 0.917106 -0.3314 -0.0865575 0.987781 0.129599 -0.288597 0.854456 0.431992 -0.464635 0.547871 0.695666 -0.555523 0.0123629 0.831409 -0.555507 -0.0140548 0.831393 -0.392805 -0.706994 0.588102 -0.212525 -0.923875 0.318257 0.159215 0.974318 -0.15923 0.281965 0.917103 -0.281811 -0.11018 0.987781 0.110225 -0.367372 0.854421 0.367427 -0.591415 0.547891 0.591644 -0.707049 0.0123629 0.707057 -0.707034 -0.0140554 0.70704 -0.499966 -0.707024 0.500151 -0.270531 -0.923874 0.270682 0.187223 0.974318 -0.12511 0.331514 0.91711 -0.221379 -0.129593 0.987776 0.0866304 -0.431974 0.854436 0.288682 -0.695475 0.547892 0.464897 -0.831403 0.0123617 0.555533 -0.831386 -0.0140542 0.555517 -0.587918 -0.707041 0.392996 -0.318112 -0.923889 0.212681 0.208034 0.974317 -0.0861817 0.368344 0.917105 -0.152454 -0.144007 0.987775 0.0596842 -0.479982 0.854443 0.198857 -0.772811 0.547885 0.320287 -0.923807 0.0123617 0.382658 -0.923786 -0.0140537 0.382652 -0.653283 -0.70705 0.270742 -0.353526 -0.923874 0.146547 0.183457 -0.982862 -0.0180687 0.131702 -0.990943 -0.026197 0.289494 -0.955441 -0.0576706 0.292482 -0.955837 -0.028807 -0.0501817 -0.998728 0.00494245 -0.084921 -0.996244 0.0168914 -0.512 -0.857504 0.0504275 -0.597391 -0.793093 0.118856 -0.837316 -0.540464 0.0824683 -0.848736 -0.501131 0.168863 -0.995165 -0.00623999 0.098015 -0.98078 -0.0030202 0.195094 -0.995178 0.00357636 0.0980167 -0.980761 0.00693752 0.19509 -0.79186 0.605703 0.0779913 -0.693372 0.707213 0.138146 -0.379287 0.924525 0.0373564 -0.375342 0.923883 0.0745575 0.124066 -0.990942 -0.0513897 0.272695 -0.955436 -0.113046 -0.0799913 -0.996245 0.0331334 -0.562731 -0.793089 0.233118 -0.799479 -0.501137 0.331201 -0.923875 -0.0030202 0.382683 -0.923857 0.00693751 0.382674 -0.653095 0.707214 0.270766 -0.353574 0.923888 0.146344 0.111663 -0.990941 -0.074611 0.245393 -0.955439 -0.164068 -0.0719762 -0.996246 0.0480926 -0.50645 -0.793078 0.338431 -0.719498 -0.501146 0.480806 -0.831467 -0.0030202 0.555566 -0.831449 0.00693698 0.555557 -0.587724 0.707211 0.392979 -0.318189 0.923908 0.212483 0.0949736 -0.990939 -0.0949736 0.208686 -0.955432 -0.208806 -0.0612291 -0.996244 0.0612287 -0.430694 -0.793078 0.430731 -0.611876 -0.501146 0.611932 -0.707102 -0.0030202 0.707105 -0.707092 0.0069367 0.707088 -0.499754 0.707223 0.500081 -0.270657 0.923889 0.270508 0.074609 -0.990942 -0.11166 0.163949 -0.955427 -0.245519 -0.0481276 -0.996241 0.0720269 -0.338378 -0.793089 0.506468 -0.480741 -0.501127 0.719556 -0.555567 -0.00302045 0.831466 -0.555553 0.00693671 0.831452 -0.392603 0.707213 0.587973 -0.212709 0.923866 0.31816 0.0513813 -0.990945 -0.124045 0.112887 -0.955438 -0.272754 -0.0331393 -0.996243 0.0800049 -0.233073 -0.793086 0.562754 -0.331129 -0.501121 0.79952 -0.38268 -0.00302071 0.923876 -0.382673 0.00693724 0.923858 -0.270354 0.707202 0.653279 -0.146529 0.923891 0.353488 0.487678 -0.871701 -0.0480323 0.389162 -0.91791 -0.0774194 0.619231 -0.775469 -0.12329 0.626525 -0.776954 -0.0617078 -0.22371 -0.974407 0.0220335 -0.180971 -0.982829 0.0360098 -0.396276 -0.917302 0.0390297 -0.392126 -0.916599 0.0779984 0.366581 -0.91791 -0.151855 0.583281 -0.775468 -0.241728 -0.208609 -0.974175 0.0864066 -0.369409 -0.916601 0.152902 0.3299 -0.917916 -0.220445 0.524906 -0.775477 -0.350869 -0.187736 -0.974177 0.12544 -0.332479 -0.916602 0.22203 0.280565 -0.917909 -0.280581 0.446359 -0.775489 -0.44652 -0.159654 -0.974178 0.159652 -0.28279 -0.916593 0.282644 0.22045 -0.917899 -0.329945 0.35068 -0.775472 -0.52504 -0.125451 -0.974173 0.187748 -0.222208 -0.916599 0.332371 0.151836 -0.91791 -0.366589 0.241518 -0.775459 -0.58338 -0.0864079 -0.974176 0.208604 -0.153088 -0.916608 0.369315 </float_array>
          <technique_common>
            <accessor count="381" offset="0" source="#meshId15-bitangents-array" stride="3">
              <param name="X" type="float" />
              <param name="Y" type="float" />
              <param name="Z" type="float" />
            </accessor>
          </technique_common>
        </source>
        <source id="meshId15-tex0" name="meshId15-tex0">
          <float_array id="meshId15-tex0-array" count="762"> 2.6932 -0.642658 2.6933 -0.639679 2.5229 -0.639679 2.5229 -0.642658 2.69326 -0.647766 2.69321 -0.646288 2.5229 -0.646288 2.52291 -0.647766 2.49723 -0.598537 2.66201 -0.598537 2.66235 -0.593028 2.49723 -0.593028 2.66201 -0.602313 2.49723 -0.602313 2.49723 -0.606972 2.66219 -0.606972 2.70466 -0.748639 2.69352 -0.650613 2.52291 -0.650613 2.52371 -0.748639 0 0 0 0 0 0 3.25881 -0.855987 2.94481 -0.855987 2.94481 -0.863406 3.25833 -0.863402 3.25851 -0.84567 2.94481 -0.845663 2.94481 -0.852028 3.25881 -0.852029 0.76123 -0.826295 0.76141 -0.830964 1.07334 -0.830964 1.07334 -0.826295 0.761323 -0.820208 0.761232 -0.822531 1.07334 -0.822531 1.07334 -0.820208 0.766163 -0.770777 0.761642 -0.816154 1.07334 -0.816154 1.07337 -0.770777 2.52291 -0.64962 2.69342 -0.64962 1.07334 -0.818181 0.761451 -0.818181 2.52371 -0.750383 2.70481 -0.750383 2.52371 -0.752127 2.70487 -0.752128 1.07337 -0.769035 0.766322 -0.769035 1.07337 -0.767292 0.766388 -0.767292 2.86512 -0.90873 2.86483 -0.902334 2.64867 -0.902352 2.64867 -0.90874 2.86482 -0.919068 2.86512 -0.912696 2.64867 -0.912696 2.64867 -0.919061 0.862168 -0.966882 0.862407 -0.973024 1.14676 -0.973012 1.14676 -0.966874 0.862409 -0.955818 0.862169 -0.961927 1.14676 -0.961927 1.14676 -0.955822 3.13749 -0.96183 3.1371 -0.95342 2.8529 -0.953443 2.8529 -0.961843 3.1371 -0.975423 3.13749 -0.967045 2.8529 -0.967045 2.8529 -0.975413 1.13473 -0.912574 1.13492 -0.917245 1.35115 -0.917235 1.35116 -0.912568 1.13492 -0.90416 1.13474 -0.908806 1.35116 -0.908806 1.35116 -0.904164 2.62998 -0.852018 2.62998 -0.845637 2.62998 -0.855987 2.62998 -0.863426 2.31472 -0.845639 2.31472 -0.852019 2.31472 -0.855987 2.31472 -0.863425 1.99999 -0.845648 1.99999 -0.852023 1.99999 -0.855987 1.99999 -0.863419 1.68527 -0.845639 1.68527 -0.852019 1.68527 -0.855987 1.68527 -0.863425 1.37002 -0.845637 1.37002 -0.852018 1.37002 -0.855987 1.37002 -0.863426 1.0552 -0.852028 1.0552 -0.845663 1.0552 -0.855987 1.0552 -0.863405 0.741216 -0.852029 0.741513 -0.84567 0.741216 -0.855987 0.74169 -0.863401 1.13488 -0.908731 1.35133 -0.908742 1.35133 -0.902353 1.13517 -0.902335 1.13488 -0.912698 1.35133 -0.912698 1.13518 -0.91907 1.35133 -0.919062 1.56755 -0.908741 1.56755 -0.902351 1.56755 -0.912697 1.56755 -0.919063 1.78378 -0.908741 1.78378 -0.902351 1.78378 -0.912697 1.78378 -0.919063 2 -0.90874 2 -0.902351 2 -0.912697 2 -0.919062 2.21622 -0.90874 2.21622 -0.902351 2.21622 -0.912697 2.21622 -0.919062 2.43245 -0.90874 2.43245 -0.90235 2.43245 -0.912697 2.43245 -0.919062 3.13783 -0.966883 2.85324 -0.966875 2.85324 -0.973012 3.13759 -0.973025 3.13783 -0.961928 2.85324 -0.961928 3.13759 -0.955818 2.85324 -0.955823 2.56882 -0.966875 2.56882 -0.973013 2.56882 -0.961928 2.56882 -0.955822 2.28441 -0.966875 2.28441 -0.973013 2.28441 -0.961928 2.28441 -0.955822 2 -0.966875 2 -0.973013 2 -0.961927 2 -0.955822 1.71559 -0.966875 1.71559 -0.973013 1.71559 -0.961927 1.71559 -0.955822 1.43118 -0.966875 1.43118 -0.973013 1.43118 -0.961927 1.43118 -0.955822 0.862508 -0.96183 1.1471 -0.961843 1.1471 -0.953444 0.862898 -0.95342 0.862509 -0.967045 1.1471 -0.967045 0.8629 -0.975423 1.1471 -0.975413 1.4314 -0.961842 1.4314 -0.953441 1.4314 -0.967045 1.4314 -0.975414 1.7157 -0.961842 1.7157 -0.953441 1.7157 -0.967045 1.7157 -0.975414 2 -0.961842 2 -0.953441 2 -0.967045 2 -0.975414 2.2843 -0.961842 2.2843 -0.953441 2.2843 -0.967045 2.2843 -0.975414 2.5686 -0.961842 2.5686 -0.953441 2.5686 -0.967045 2.5686 -0.975414 2.86527 -0.912573 2.64884 -0.912567 2.64884 -0.917234 2.86508 -0.917244 2.86526 -0.908805 2.64884 -0.908805 2.86508 -0.904159 2.64884 -0.904162 2.43256 -0.912568 2.43256 -0.917235 2.43256 -0.908805 2.43256 -0.904162 2.21628 -0.912568 2.21628 -0.917235 2.21628 -0.908805 2.21628 -0.904162 2 -0.912568 2 -0.917236 2 -0.908805 2 -0.904162 1.78372 -0.912568 1.78372 -0.917236 1.78372 -0.908806 1.78372 -0.904163 1.56744 -0.912568 1.56744 -0.917236 1.56744 -0.908806 1.56744 -0.904163 3.23877 -0.826295 2.92666 -0.826295 2.92666 -0.830964 3.23859 -0.830964 3.23877 -0.822531 2.92666 -0.822531 3.23868 -0.820208 2.92666 -0.820208 3.23855 -0.818181 2.92666 -0.818181 3.23836 -0.816154 2.92666 -0.816154 3.23384 -0.770777 2.92663 -0.770777 3.23368 -0.769035 2.92663 -0.769035 3.23361 -0.767292 2.92663 -0.767292 2.61784 -0.826295 2.61784 -0.830964 2.61784 -0.822531 2.61784 -0.820208 2.61784 -0.818181 2.61784 -0.816154 2.61784 -0.770777 2.61784 -0.769035 2.61784 -0.767292 2.30901 -0.826295 2.30901 -0.830964 2.30901 -0.822531 2.30901 -0.820208 2.30901 -0.818181 2.30901 -0.816154 2.30902 -0.770777 2.30902 -0.769035 2.30902 -0.767292 2 -0.826295 2 -0.830964 2 -0.822531 2 -0.820208 2 -0.818181 2 -0.816154 2 -0.770777 2 -0.769035 2 -0.767292 1.69099 -0.826295 1.69099 -0.830964 1.69099 -0.822531 1.69099 -0.820208 1.69099 -0.818181 1.69099 -0.816154 1.69098 -0.770777 1.69098 -0.769035 1.69098 -0.767292 1.38216 -0.826295 1.38216 -0.830964 1.38216 -0.822531 1.38216 -0.820208 1.38216 -0.818181 1.38216 -0.816154 1.38216 -0.770777 1.38216 -0.769035 1.38216 -0.767292 1.3068 -0.642658 1.4771 -0.642658 1.4771 -0.639679 1.30671 -0.639679 1.30679 -0.646288 1.47709 -0.646288 1.30674 -0.647766 1.47709 -0.647766 1.30658 -0.64962 1.47709 -0.64962 1.30649 -0.650613 1.47709 -0.650613 1.29535 -0.748639 1.47629 -0.748639 1.29519 -0.750383 1.47629 -0.750383 1.29513 -0.752128 1.47629 -0.752128 1.65116 -0.642658 1.65116 -0.639679 1.65116 -0.646288 1.65116 -0.647766 1.65116 -0.64962 1.65116 -0.650613 1.6511 -0.748639 1.6511 -0.750383 1.6511 -0.752127 1.82554 -0.642658 1.82554 -0.639679 1.82554 -0.646288 1.82554 -0.647766 1.82554 -0.64962 1.82554 -0.650613 1.82553 -0.748639 1.82553 -0.750383 1.82553 -0.752127 2 -0.642658 2 -0.639679 2 -0.646288 2 -0.647766 2 -0.64962 2 -0.650613 2 -0.748639 2 -0.750383 2 -0.752127 2.17446 -0.642658 2.17446 -0.639679 2.17446 -0.646288 2.17446 -0.647766 2.17446 -0.64962 2.17446 -0.650613 2.17447 -0.748639 2.17447 -0.750383 2.17447 -0.752127 2.34884 -0.642658 2.34884 -0.639679 2.34884 -0.646288 2.34884 -0.647766 2.34884 -0.64962 2.34884 -0.650613 2.3489 -0.748639 2.3489 -0.750383 2.3489 -0.752127 1.33799 -0.598537 1.50277 -0.598537 1.50277 -0.593028 1.33765 -0.593028 1.33799 -0.602313 1.50277 -0.602313 1.33781 -0.606972 1.50277 -0.606972 1.669 -0.598537 1.669 -0.593028 1.669 -0.602313 1.669 -0.606972 1.83381 -0.598537 1.83381 -0.593028 1.83381 -0.602313 1.83381 -0.606972 2 -0.598537 2 -0.593028 2 -0.602313 2 -0.606972 2.16619 -0.598537 2.16619 -0.593028 2.16619 -0.602313 2.16619 -0.606972 2.331 -0.598537 2.331 -0.593028 2.331 -0.602313 2.331 -0.606972 </float_array>
          <technique_common>
            <accessor count="381" offset="0" source="#meshId15-tex0-array" stride="2">
              <param name="S" type="float" />
              <param name="T" type="float" />
            </accessor>
          </technique_common>
        </source>
        <vertices id="meshId15-vertices">
          <input semantic="POSITION" source="#meshId15-positions" />
        </vertices>
        <polylist count="546" material="defaultMaterial">
          <input offset="0" semantic="VERTEX" source="#meshId15-vertices" />
          <input offset="0" semantic="NORMAL" source="#meshId15-normals" />
          <input offset="0" semantic="TANGENT" source="#meshId15-tangents" />
          <input offset="0" semantic="BINORMAL" source="#meshId15-bitangents" />
          <input offset="0" semantic="TEXCOORD" source="#meshId15-tex0" set="0" />
          <vcount>3 3 3 3 3 3 3 3 3 3 3 3 3 3 3 3 3 3 3 3 3 3 3 3 3 3 3 3 3 3 3 3 3 3 3 3 3 3 3 3 3 3 3 3 3 3 3 3 3 3 3 3 3 3 3 3 3 3 3 3 3 3 3 3 3 3 3 3 3 3 3 3 3 3 3 3 3 3 3 3 3 3 3 3 3 3 3 3 3 3 3 3 3 3 3 3 3 3 3 3 3 3 3 3 3 3 3 3 3 3 3 3 3 3 3 3 3 3 3 3 3 3 3 3 3 3 3 3 3 3 3 3 3 3 3 3 3 3 3 3 3 3 3 3 3 3 3 3 3 3 3 3 3 3 3 3 3 3 3 3 3 3 3 3 3 3 3 3 3 3 3 3 3 3 3 3 3 3 3 3 3 3 3 3 3 3 3 3 3 3 3 3 3 3 3 3 3 3 3 3 3 3 3 3 3 3 3 3 3 3 3 3 3 3 3 3 3 3 3 3 3 3 3 3 3 3 3 3 3 3 3 3 3 3 3 3 3 3 3 3 3 3 3 3 3 3 3 3 3 3 3 3 3 3 3 3 3 3 3 3 3 3 3 3 3 3 3 3 3 3 3 3 3 3 3 3 3 3 3 3 3 3 3 3 3 3 3 3 3 3 3 3 3 3 3 3 3 3 3 3 3 3 3 3 3 3 3 3 3 3 3 3 3 3 3 3 3 3 3 3 3 3 3 3 3 3 3 3 3 3 3 3 3 3 3 3 3 3 3 3 3 3 3 3 3 3 3 3 3 3 3 3 3 3 3 3 3 3 3 3 3 3 3 3 3 3 3 3 3 3 3 3 3 3 3 3 3 3 3 3 3 3 3 3 3 3 3 3 3 3 3 3 3 3 3 3 3 3 3 3 3 3 3 3 3 3 3 3 3 3 3 3 3 3 3 3 3 3 3 3 3 3 3 3 3 3 3 3 3 3 3 3 3 3 3 3 3 3 3 3 3 3 3 3 3 3 3 3 3 3 3 3 3 3 3 3 3 3 3 3 3 3 3 3 3 3 3 3 3 3 3 3 3 3 3 3 3 3 3 3 3 3 3 3 3 3 3 3 3 3 3 3 3 3 3 3 3 3 3 3 3 3 3 3 3 3 3 3 3 3 3 3 3 3 3 3 3 3 3 3 3 3 3 3 3 3 3 3 3 3 3 3 3 3 3 3 3 3 3 3 3 3 3 3 3 3 </vcount>
          <p>0 1 2 2 3 0 4 5 6 6 7 4 5 0 3 3 6 5 8 9 10 10 11 8 12 13 14 14 15 12 13 12 9 9 8 13 16 17 18 18 19 16 20 20 21 21 22 20 23 24 25 25 26 23 27 28 29 29 30 27 30 29 24 24 23 30 31 32 33 33 34 31 35 36 37 37 38 35 36 31 34 34 37 36 39 40 41 41 42 39 4 7 43 43 44 4 44 43 18 18 17 44 35 38 45 45 46 35 46 45 41 41 40 46 16 19 47 47 48 16 48 47 49 49 50 48 39 42 51 51 52 39 52 51 53 53 54 52 55 56 57 57 58 55 59 60 61 61 62 59 60 55 58 58 61 60 63 64 65 65 66 63 67 68 69 69 70 67 68 63 66 66 69 68 71 72 73 73 74 71 75 76 77 77 78 75 76 71 74 74 77 76 79 80 81 81 82 79 83 84 85 85 86 83 84 79 82 82 85 84 87 29 28 28 88 87 89 24 29 29 87 89 90 25 24 24 89 90 88 91 92 92 87 88 87 92 93 93 89 87 89 93 94 94 90 89 91 95 96 96 92 91 92 96 97 97 93 92 93 97 98 98 94 93 95 99 100 100 96 95 96 100 101 101 97 96 97 101 102 102 98 97 99 103 104 104 100 99 100 104 105 105 101 100 101 105 106 106 102 101 107 104 103 103 108 107 109 105 104 104 107 109 110 106 105 105 109 110 111 107 108 108 112 111 113 109 107 107 111 113 114 110 109 109 113 114 115 116 117 117 118 115 119 120 116 116 115 119 121 122 120 120 119 121 116 123 124 124 117 116 120 125 123 123 116 120 122 126 125 125 120 122 123 127 128 128 124 123 125 129 127 127 123 125 126 130 129 129 125 126 127 131 132 132 128 127 129 133 131 131 127 129 130 134 133 133 129 130 131 135 136 136 132 131 133 137 135 135 131 133 134 138 137 137 133 134 135 139 140 140 136 135 137 141 139 139 135 137 138 142 141 141 137 138 139 58 57 57 140 139 141 61 58 58 139 141 142 62 61 61 141 142 143 144 145 145 146 143 147 148 144 144 143 147 149 150 148 148 147 149 144 151 152 152 145 144 148 153 151 151 144 148 150 154 153 153 148 150 151 155 156 156 152 151 153 157 155 155 151 153 154 158 157 157 153 154 155 159 160 160 156 155 157 161 159 159 155 157 158 162 161 161 157 158 159 163 164 164 160 159 161 165 163 163 159 161 162 166 165 165 161 162 163 167 168 168 164 163 165 169 167 167 163 165 166 170 169 169 165 166 167 66 65 65 168 167 169 69 66 66 167 169 170 70 69 69 169 170 171 172 173 173 174 171 175 176 172 172 171 175 177 178 176 176 175 177 172 179 180 180 173 172 176 181 179 179 172 176 178 182 181 181 176 178 179 183 184 184 180 179 181 185 183 183 179 181 182 186 185 185 181 182 183 187 188 188 184 183 185 189 187 187 183 185 186 190 189 189 185 186 187 191 192 192 188 187 189 193 191 191 187 189 190 194 193 193 189 190 191 195 196 196 192 191 193 197 195 195 191 193 194 198 197 197 193 194 195 74 73 73 196 195 197 77 74 74 195 197 198 78 77 77 197 198 199 200 201 201 202 199 203 204 200 200 199 203 205 206 204 204 203 205 200 207 208 208 201 200 204 209 207 207 200 204 206 210 209 209 204 206 207 211 212 212 208 207 209 213 211 211 207 209 210 214 213 213 209 210 211 215 216 216 212 211 213 217 215 215 211 213 214 218 217 217 213 214 215 219 220 220 216 215 217 221 219 219 215 217 218 222 221 221 217 218 219 223 224 224 220 219 221 225 223 223 219 221 222 226 225 225 221 222 223 82 81 81 224 223 225 85 82 82 223 225 226 86 85 85 225 226 227 228 229 229 230 227 231 232 228 228 227 231 233 234 232 232 231 233 234 233 235 235 236 234 236 235 237 237 238 236 239 240 238 238 237 239 240 239 241 241 242 240 242 241 243 243 244 242 228 245 246 246 229 228 232 247 245 245 228 232 234 248 247 247 232 234 248 234 236 236 249 248 249 236 238 238 250 249 240 251 250 250 238 240 251 240 242 242 252 251 252 242 244 244 253 252 245 254 255 255 246 245 247 256 254 254 245 247 248 257 256 256 247 248 257 248 249 249 258 257 258 249 250 250 259 258 251 260 259 259 250 251 260 251 252 252 261 260 261 252 253 253 262 261 254 263 264 264 255 254 256 265 263 263 254 256 257 266 265 265 256 257 266 257 258 258 267 266 267 258 259 259 268 267 260 269 268 268 259 260 269 260 261 261 270 269 270 261 262 262 271 270 263 272 273 273 264 263 265 274 272 272 263 265 266 275 274 274 265 266 275 266 267 267 276 275 276 267 268 268 277 276 269 278 277 277 268 269 278 269 270 270 279 278 279 270 271 271 280 279 272 281 282 282 273 272 274 283 281 281 272 274 275 284 283 283 274 275 284 275 276 276 285 284 285 276 277 277 286 285 278 287 286 286 277 278 287 278 279 279 288 287 288 279 280 280 289 288 281 34 33 33 282 281 283 37 34 34 281 283 284 38 37 37 283 284 38 284 285 285 45 38 45 285 286 286 41 45 287 42 41 41 286 287 42 287 288 288 51 42 51 288 289 289 53 51 290 291 292 292 293 290 294 295 291 291 290 294 296 297 295 295 294 296 297 296 298 298 299 297 299 298 300 300 301 299 302 303 301 301 300 302 303 302 304 304 305 303 305 304 306 306 307 305 291 308 309 309 292 291 295 310 308 308 291 295 297 311 310 310 295 297 311 297 299 299 312 311 312 299 301 301 313 312 303 314 313 313 301 303 314 303 305 305 315 314 315 305 307 307 316 315 308 317 318 318 309 308 310 319 317 317 308 310 311 320 319 319 310 311 320 311 312 312 321 320 321 312 313 313 322 321 314 323 322 322 313 314 323 314 315 315 324 323 324 315 316 316 325 324 317 326 327 327 318 317 319 328 326 326 317 319 320 329 328 328 319 320 329 320 321 321 330 329 330 321 322 322 331 330 323 332 331 331 322 323 332 323 324 324 333 332 333 324 325 325 334 333 326 335 336 336 327 326 328 337 335 335 326 328 329 338 337 337 328 329 338 329 330 330 339 338 339 330 331 331 340 339 332 341 340 340 331 332 341 332 333 333 342 341 342 333 334 334 343 342 335 344 345 345 336 335 337 346 344 344 335 337 338 347 346 346 337 338 347 338 339 339 348 347 348 339 340 340 349 348 341 350 349 349 340 341 350 341 342 342 351 350 351 342 343 343 352 351 344 3 2 2 345 344 346 6 3 3 344 346 347 7 6 6 346 347 7 347 348 348 43 7 43 348 349 349 18 43 350 19 18 18 349 350 19 350 351 351 47 19 47 351 352 352 49 47 353 354 355 355 356 353 357 358 354 354 353 357 357 359 360 360 358 357 354 361 362 362 355 354 358 363 361 361 354 358 363 358 360 360 364 363 361 365 366 366 362 361 363 367 365 365 361 363 367 363 364 364 368 367 365 369 370 370 366 365 367 371 369 369 365 367 371 367 368 368 372 371 369 373 374 374 370 369 371 375 373 373 369 371 375 371 372 372 376 375 373 377 378 378 374 373 375 379 377 377 373 375 379 375 376 376 380 379 377 8 11 11 378 377 379 13 8 8 377 379 13 379 380 380 14 13 </p>
        </polylist>
      </mesh>
    </geometry>
    <geometry id="meshId16" name="meshId16_name" >
      <mesh>
        <source id="meshId16-positions" name="meshId16-positions">
          <float_array id="meshId16-positions-array" count="81"> 0.0191951 0.143728 -0.806189 0.10158 0.143728 -0.798075 0.10158 -0.113683 -0.798075 0.0191951 -0.113683 -0.806189 0.101799 0.146442 -0.799177 0.0191951 0.146442 -0.807313 0.181228 0.146442 -0.775083 0.180798 0.143728 -0.774044 0.180798 -0.113683 -0.774044 0.254431 0.146442 -0.735955 0.253807 0.143728 -0.73502 0.253807 -0.113683 -0.73502 0.318594 0.146442 -0.683298 0.317799 0.143728 -0.682503 0.317799 -0.113683 -0.682503 0.371251 0.146442 -0.619135 0.370316 0.143728 -0.618511 0.370316 -0.113683 -0.618511 0.410378 0.146442 -0.545933 0.40934 0.143728 -0.545503 0.40934 -0.113683 -0.545503 0.434473 0.146442 -0.466503 0.43337 0.143728 -0.466284 0.43337 -0.113683 -0.466284 0.442609 0.146442 -0.3839 0.441484 0.143728 -0.3839 0.441484 -0.113683 -0.3839 </float_array>
          <technique_common>
            <accessor count="27" offset="0" source="#meshId16-positions-array" stride="3">
              <param name="X" type="float" />
              <param name="Y" type="float" />
              <param name="Z" type="float" />
            </accessor>
          </technique_common>
        </source>
        <source id="meshId16-normals" name="meshId16-normals">
          <float_array id="meshId16-normals-array" count="81"> 0.0980169 -0.00440882 -0.995175 0.195089 -0.00443009 -0.980776 0.195091 0 -0.980785 0.0980178 0 -0.995185 0.180242 -0.382685 -0.906127 0.0906209 -0.381115 -0.920076 0.353554 -0.38268 -0.853554 0.38268 -0.00443004 -0.92387 0.382684 0 -0.923879 0.513281 -0.382684 -0.768177 0.555565 -0.00443007 -0.831461 0.55557 0 -0.831469 0.653283 -0.382683 -0.65328 0.7071 -0.00443006 -0.7071 0.707107 0 -0.707107 0.76818 -0.38268 -0.513279 0.831461 -0.00443003 -0.555565 0.83147 0 -0.55557 0.853554 -0.382681 -0.353554 0.923871 -0.00443005 -0.38268 0.92388 0 -0.382683 0.906128 -0.382682 -0.18024 0.980776 -0.00443007 -0.195089 0.980785 0 -0.19509 0.920079 -0.381107 -0.0906198 0.995175 -0.00440873 -0.0980162 0.995185 0 -0.0980172 </float_array>
          <technique_common>
            <accessor count="27" offset="0" source="#meshId16-normals-array" stride="3">
              <param name="X" type="float" />
              <param name="Y" type="float" />
              <param name="Z" type="float" />
            </accessor>
          </technique_common>
        </source>
        <source id="meshId16-tangents" name="meshId16-tangents">
          <float_array id="meshId16-tangents-array" count="81"> -0.995185 -3.58046e-09 -0.0980178 -0.980785 6.57747e-10 -0.195091 -0.980785 0 -0.195091 -0.995185 0 -0.0980178 -0.980785 -4.50681e-07 -0.195092 -0.995185 -5.70282e-07 -0.0980184 -0.923879 -2.26139e-07 -0.382684 -0.923879 -1.06536e-09 -0.382684 -0.923879 0 -0.382684 -0.831469 -1.11124e-06 -0.555571 -0.831469 -6.46593e-07 -0.555571 -0.831469 0 -0.55557 -0.707105 -9.64127e-07 -0.707108 -0.707107 -2.12739e-07 -0.707107 -0.707107 -1.45207e-07 -0.707107 -0.555569 -3.89056e-07 -0.83147 -0.55557 9.48545e-08 -0.831469 -0.55557 3.56668e-08 -0.83147 -0.382683 1.39893e-07 -0.92388 -0.382683 -2.22337e-09 -0.92388 -0.382683 0 -0.92388 -0.19509 6.12458e-08 -0.980785 -0.19509 -4.07618e-10 -0.980785 -0.19509 0 -0.980785 -0.0980171 -8.51841e-09 -0.995185 -0.0980172 5.43151e-10 -0.995185 -0.0980172 0 -0.995185 </float_array>
          <technique_common>
            <accessor count="27" offset="0" source="#meshId16-tangents-array" stride="3">
              <param name="X" type="float" />
              <param name="Y" type="float" />
              <param name="Z" type="float" />
            </accessor>
          </technique_common>
        </source>
        <source id="meshId16-bitangents" name="meshId16-bitangents">
          <float_array id="meshId16-bitangents-array" count="81"> 0.00043214 0.99999 -0.00438759 0.00086427 0.99999 -0.00434497 0 1 0 0 1 0 0.0746584 0.923879 -0.375331 0.0373558 0.924528 -0.37928 0.146445 0.923881 -0.353551 0.0016953 0.99999 -0.00409282 0 1 0 0.212607 0.923879 -0.31819 0.00246068 0.99999 -0.00368382 0 1 0 0.270598 0.92388 -0.270598 0.00313238 0.99999 -0.00313268 -1.02677e-07 1 -1.02677e-07 0.318187 0.923881 -0.212605 0.00368349 0.99999 -0.00246111 1.98154e-08 1 2.96559e-08 0.353551 0.923881 -0.146445 0.00409283 0.99999 -0.00169531 0 1 0 0.375329 0.92388 -0.0746573 0.00434495 0.99999 -0.000864264 0 1 0 0.379272 0.924531 -0.037355 0.0043875 0.99999 -0.000432131 0 1 0 </float_array>
          <technique_common>
            <accessor count="27" offset="0" source="#meshId16-bitangents-array" stride="3">
              <param name="X" type="float" />
              <param name="Y" type="float" />
              <param name="Z" type="float" />
            </accessor>
          </technique_common>
        </source>
        <source id="meshId16-tex0" name="meshId16-tex0">
          <float_array id="meshId16-tex0-array" count="54"> 2.86256 -1.31857 2.64692 -1.31857 2.64692 -1.98908 2.86256 -1.98908 2.64692 -1.31092 2.86285 -1.31092 2.43128 -1.31092 2.43128 -1.31857 2.43128 -1.98908 2.21564 -1.31092 2.21564 -1.31857 2.21564 -1.98908 2 -1.31092 2 -1.31857 2 -1.98908 1.78436 -1.31092 1.78436 -1.31857 1.78436 -1.98908 1.56872 -1.31092 1.56872 -1.31857 1.56872 -1.98908 1.35308 -1.31092 1.35308 -1.31857 1.35308 -1.98908 1.13715 -1.31092 1.13744 -1.31857 1.13745 -1.98908 </float_array>
          <technique_common>
            <accessor count="27" offset="0" source="#meshId16-tex0-array" stride="2">
              <param name="S" type="float" />
              <param name="T" type="float" />
            </accessor>
          </technique_common>
        </source>
        <vertices id="meshId16-vertices">
          <input semantic="POSITION" source="#meshId16-positions" />
        </vertices>
        <polylist count="32" material="defaultMaterial">
          <input offset="0" semantic="VERTEX" source="#meshId16-vertices" />
          <input offset="0" semantic="NORMAL" source="#meshId16-normals" />
          <input offset="0" semantic="TANGENT" source="#meshId16-tangents" />
          <input offset="0" semantic="BINORMAL" source="#meshId16-bitangents" />
          <input offset="0" semantic="TEXCOORD" source="#meshId16-tex0" set="0" />
          <vcount>3 3 3 3 3 3 3 3 3 3 3 3 3 3 3 3 3 3 3 3 3 3 3 3 3 3 3 3 3 3 3 3 </vcount>
          <p>3 0 1 1 2 3 5 4 1 1 0 5 7 1 4 4 6 7 8 2 1 1 7 8 6 9 10 10 7 6 11 8 7 7 10 11 9 12 13 13 10 9 14 11 10 10 13 14 12 15 16 16 13 12 17 14 13 13 16 17 15 18 19 19 16 15 20 17 16 16 19 20 22 19 18 18 21 22 23 20 19 19 22 23 25 22 21 21 24 25 26 23 22 22 25 26 </p>
        </polylist>
      </mesh>
    </geometry>
    <geometry id="meshId17" name="meshId17_name" >
      <mesh>
        <source id="meshId17-positions" name="meshId17-positions">
          <float_array id="meshId17-positions-array" count="189"> 0.103247 -0.12452 -0.806459 0.103247 -0.188346 -0.806459 0.0191951 -0.188346 -0.814738 0.0191951 -0.12452 -0.814738 0.0191951 -0.117676 -0.808326 0.101997 -0.117676 -0.800171 0.102831 -0.120527 -0.804363 0.0191951 -0.120527 -0.812601 0.0191951 -0.190265 -0.812818 0.0191951 -0.189703 -0.814175 0.103138 -0.189703 -0.805908 0.102873 -0.190265 -0.804577 0.10158 -0.113683 -0.798075 0.0191951 -0.113683 -0.806189 0.180798 -0.113683 -0.774044 0.181616 -0.117676 -0.776018 0.183252 -0.120527 -0.779968 0.18407 -0.12452 -0.781942 0.18407 -0.188346 -0.781942 0.183854 -0.189703 -0.781423 0.183335 -0.190265 -0.780169 0.253807 -0.113683 -0.73502 0.254994 -0.117676 -0.736797 0.257369 -0.120527 -0.740351 0.258556 -0.12452 -0.742128 0.258556 -0.188346 -0.742128 0.258244 -0.189703 -0.741661 0.25749 -0.190265 -0.740532 0.317799 -0.113683 -0.682503 0.31931 -0.117676 -0.684014 0.322333 -0.120527 -0.687037 0.323844 -0.12452 -0.688548 0.323844 -0.188346 -0.688548 0.323446 -0.189703 -0.68815 0.322487 -0.190265 -0.687191 0.370316 -0.113683 -0.618511 0.372093 -0.117676 -0.619698 0.375647 -0.120527 -0.622073 0.377424 -0.12452 -0.62326 0.377424 -0.188346 -0.62326 0.376956 -0.189703 -0.622948 0.375828 -0.190265 -0.622194 0.40934 -0.113683 -0.545503 0.411314 -0.117676 -0.54632 0.415263 -0.120527 -0.547956 0.417238 -0.12452 -0.548774 0.417238 -0.188346 -0.548774 0.416718 -0.189703 -0.548559 0.415464 -0.190265 -0.54804 0.43337 -0.113683 -0.466284 0.435466 -0.117676 -0.466701 0.439659 -0.120527 -0.467535 0.441755 -0.12452 -0.467952 0.441755 -0.188346 -0.467952 0.441203 -0.189703 -0.467842 0.439872 -0.190265 -0.467577 0.441484 -0.113683 -0.3839 0.443621 -0.117676 -0.3839 0.447896 -0.120527 -0.3839 0.450033 -0.12452 -0.3839 0.450033 -0.188346 -0.3839 0.449471 -0.189703 -0.3839 0.448114 -0.190265 -0.3839 </float_array>
          <technique_common>
            <accessor count="63" offset="0" source="#meshId17-positions-array" stride="3">
              <param name="X" type="float" />
              <param name="Y" type="float" />
              <param name="Z" type="float" />
            </accessor>
          </technique_common>
        </source>
        <source id="meshId17-normals" name="meshId17-normals">
          <float_array id="meshId17-normals-array" count="189"> 0.194999 0.0305491 -0.980328 0.195083 -0.00841623 -0.980751 0.0980132 -0.00837597 -0.99515 0.0979714 0.0304024 -0.994725 0.0709548 0.6899 -0.720419 0.140901 0.691644 -0.708361 0.143863 0.675436 -0.723249 0.0724385 0.673661 -0.735482 0.0376633 -0.923227 -0.382404 0.0706851 -0.692777 -0.71768 0.140363 -0.694514 -0.705655 0.0746558 -0.923885 -0.375318 0.172011 0.471813 -0.864757 0.0865137 0.470042 -0.878394 0.337412 0.471814 -0.814583 0.276388 0.691647 -0.667258 0.282197 0.675437 -0.681285 0.382505 0.0305489 -0.923448 0.38267 -0.00841583 -0.923847 0.275333 -0.694512 -0.664715 0.146441 -0.923886 -0.353538 0.489845 0.471812 -0.733106 0.401252 0.691647 -0.600517 0.409687 0.675437 -0.61314 0.555311 0.0305487 -0.831082 0.555551 -0.00841605 -0.83144 0.399723 -0.69451 -0.598229 0.212602 -0.923884 -0.318181 0.623456 0.471809 -0.623457 0.510699 0.691646 -0.510698 0.521433 0.675437 -0.521433 0.706777 0.0305489 -0.706777 0.707082 -0.00841676 -0.707082 0.508749 -0.694515 -0.508748 0.270596 -0.923881 -0.270596 0.733108 0.471808 -0.489848 0.600519 0.691645 -0.401253 0.613139 0.675439 -0.409686 0.831082 0.0305493 -0.555311 0.83144 -0.00841704 -0.555551 0.598222 -0.694518 -0.399719 0.318187 -0.923881 -0.212606 0.814585 0.47181 -0.337412 0.667261 0.691645 -0.276389 0.681284 0.675438 -0.282197 0.923448 0.0305495 -0.382505 0.923847 -0.00841691 -0.38267 0.66471 -0.694517 -0.275331 0.35355 -0.923881 -0.146445 0.864758 0.471811 -0.172011 0.70836 0.691645 -0.140902 0.723248 0.675438 -0.143863 0.980328 0.0305494 -0.194999 0.980751 -0.00841679 -0.195083 0.705654 -0.694515 -0.140364 0.375327 -0.923881 -0.0746571 0.878394 0.470041 -0.0865142 0.720418 0.689901 -0.0709549 0.73548 0.673663 -0.0724385 0.994725 0.0304023 -0.0979718 0.99515 -0.00837623 -0.0980137 0.717679 -0.692777 -0.0706852 0.382408 -0.923226 -0.0376639 </float_array>
          <technique_common>
            <accessor count="63" offset="0" source="#meshId17-normals-array" stride="3">
              <param name="X" type="float" />
              <param name="Y" type="float" />
              <param name="Z" type="float" />
            </accessor>
          </technique_common>
        </source>
        <source id="meshId17-tangents" name="meshId17-tangents">
          <float_array id="meshId17-tangents-array" count="189"> -0.980785 -2.2345e-08 -0.19509 -0.980785 7.05573e-09 -0.19509 -0.995185 4.44519e-09 -0.0980166 -0.995185 -1.32493e-08 -0.0980167 -0.995185 1.51741e-07 -0.0980165 -0.980785 -1.36274e-07 -0.19509 -0.980785 -4.31916e-08 -0.195091 -0.995185 8.17404e-08 -0.0980169 -0.995185 5.94997e-07 -0.0980181 -0.995185 4.24186e-07 -0.0980173 -0.980786 -2.94765e-07 -0.195089 -0.980785 3.48957e-08 -0.195092 -0.980785 -1.1674e-07 -0.19509 -0.995185 5.06893e-08 -0.0980165 -0.923879 6.91795e-09 -0.382684 -0.923879 -1.57854e-07 -0.382684 -0.92388 9.64104e-08 -0.382683 -0.92388 3.2239e-09 -0.382683 -0.92388 8.04321e-09 -0.382683 -0.92388 -3.70778e-08 -0.382682 -0.923879 -2.84794e-07 -0.382684 -0.83147 -1.79867e-07 -0.55557 -0.83147 2.33995e-09 -0.55557 -0.83147 -4.07479e-07 -0.55557 -0.831469 -1.4452e-09 -0.55557 -0.831469 -2.46803e-07 -0.55557 -0.83147 1.95092e-08 -0.55557 -0.83147 9.00535e-09 -0.55557 -0.707107 -5.0501e-07 -0.707107 -0.707107 -2.41052e-08 -0.707107 -0.707107 2.47934e-07 -0.707107 -0.707107 -1.2525e-08 -0.707107 -0.707107 4.45136e-09 -0.707107 -0.707107 -5.16999e-07 -0.707107 -0.707107 1.37331e-07 -0.707107 -0.555571 6.59511e-07 -0.831469 -0.555569 4.63533e-07 -0.83147 -0.55557 1.44578e-07 -0.83147 -0.55557 3.48255e-07 -0.83147 -0.55557 2.48779e-07 -0.83147 -0.55557 1.2467e-07 -0.83147 -0.55557 -2.37516e-07 -0.83147 -0.382683 1.08093e-07 -0.92388 -0.382684 -5.41902e-08 -0.923879 -0.382684 4.35629e-07 -0.92388 -0.382683 2.80442e-07 -0.92388 -0.382683 1.49891e-07 -0.92388 -0.382682 4.75427e-07 -0.92388 -0.382684 -3.71469e-08 -0.923879 -0.19509 -5.77144e-07 -0.980785 -0.19509 -2.29315e-07 -0.980785 -0.19509 -1.67641e-07 -0.980785 -0.19509 -3.55629e-07 -0.980785 -0.19509 -1.56432e-09 -0.980785 -0.195091 2.47222e-07 -0.980785 -0.195091 -1.6885e-07 -0.980785 -0.0980171 -2.80167e-08 -0.995185 -0.0980167 -4.55584e-07 -0.995185 -0.0980169 -3.70669e-07 -0.995185 -0.0980171 -5.62119e-07 -0.995185 -0.0980171 -3.22657e-07 -0.995185 -0.0980168 4.30236e-07 -0.995185 -0.0980159 5.02945e-07 -0.995185 </float_array>
          <technique_common>
            <accessor count="63" offset="0" source="#meshId17-tangents-array" stride="3">
              <param name="X" type="float" />
              <param name="Y" type="float" />
              <param name="Z" type="float" />
            </accessor>
          </technique_common>
        </source>
        <source id="meshId17-bitangents" name="meshId17-bitangents">
          <float_array id="meshId17-bitangents-array" count="189"> -0.00595985 0.999533 0.0299621 0.00164193 0.999965 -0.00825451 0.000820988 0.999965 -0.00833564 -0.00297995 0.999538 0.030256 -0.0676214 0.723905 0.686577 -0.134933 0.722238 0.678355 -0.131771 0.737419 0.662458 -0.0660301 0.73904 0.670418 0.0904932 0.384254 -0.918782 0.0679044 0.721152 -0.689441 0.135492 0.719479 -0.68117 0.180242 0.38267 -0.906132 -0.0920463 0.881699 0.462747 -0.0460718 0.882644 0.467779 -0.180556 0.881698 0.435899 -0.264682 0.722235 0.638999 -0.258478 0.737417 0.624023 -0.0116906 0.999533 0.0282235 0.00322061 0.999965 -0.00777521 0.265777 0.719481 -0.641646 0.353556 0.382667 -0.85356 -0.262125 0.881699 0.392298 -0.384258 0.722235 0.575084 -0.375253 0.737417 0.561606 -0.016972 0.999533 0.0254004 0.0046755 0.999965 -0.00699783 0.385849 0.719483 -0.577464 0.513282 0.382673 -0.768181 -0.33362 0.881701 0.333619 -0.489068 0.722237 0.489067 -0.477606 0.737418 0.477606 -0.0216013 0.999533 0.0216013 0.00595155 0.999965 -0.00595155 0.491096 0.719479 -0.491096 0.653283 0.38268 -0.653282 -0.392293 0.881702 0.262123 -0.575082 0.722238 0.384257 -0.561607 0.737416 0.375254 -0.0254006 0.999533 0.0169725 0.00699865 0.999965 -0.00467605 0.577471 0.719475 -0.385853 0.768179 0.38268 -0.513281 -0.435895 0.881701 0.180554 -0.638996 0.722238 0.264681 -0.624023 0.737417 0.258479 -0.0282239 0.999533 0.011691 0.00777627 0.999965 -0.00322088 0.64165 0.719477 -0.265779 0.853555 0.382679 -0.353554 -0.462745 0.8817 0.0920452 -0.678355 0.722238 0.134933 -0.66246 0.737417 0.131771 -0.0299624 0.999533 0.00595954 0.00825506 0.999964 -0.00164204 0.68117 0.719478 -0.135493 0.906129 0.38268 -0.18024 -0.467778 0.882644 0.0460721 -0.686579 0.723903 0.0676215 -0.67042 0.739038 0.0660301 -0.030256 0.999538 0.00297939 0.00833586 0.999965 -0.000821335 0.689441 0.721152 -0.0679035 0.91878 0.384259 -0.0904906 </float_array>
          <technique_common>
            <accessor count="63" offset="0" source="#meshId17-bitangents-array" stride="3">
              <param name="X" type="float" />
              <param name="Y" type="float" />
              <param name="Z" type="float" />
            </accessor>
          </technique_common>
        </source>
        <source id="meshId17-tex0" name="meshId17-tex0">
          <float_array id="meshId17-tex0-array" count="126"> 2.6585 -2.36392 2.65857 -2.53018 2.8784 -2.53018 2.87828 -2.36392 2.87661 -2.33874 2.65848 -2.33874 2.65849 -2.35213 2.87772 -2.35213 2.87791 -2.53783 2.87826 -2.53401 2.65857 -2.53401 2.65857 -2.53783 2.65847 -2.32694 2.87605 -2.32694 2.43902 -2.32694 2.43902 -2.33874 2.43901 -2.35213 2.43901 -2.36392 2.43903 -2.53018 2.43903 -2.53401 2.43903 -2.53783 2.21951 -2.32694 2.21951 -2.33874 2.21951 -2.35213 2.21951 -2.36392 2.21951 -2.53018 2.21951 -2.53401 2.21951 -2.53783 2 -2.32694 2 -2.33874 2 -2.35213 2 -2.36392 2 -2.53018 2 -2.53401 2 -2.53783 1.78049 -2.32694 1.78049 -2.33874 1.78049 -2.35213 1.78049 -2.36392 1.78049 -2.53018 1.78049 -2.53401 1.78049 -2.53783 1.56099 -2.32694 1.56099 -2.33874 1.56099 -2.35213 1.56098 -2.36392 1.56097 -2.53018 1.56097 -2.53401 1.56097 -2.53783 1.34152 -2.32694 1.34152 -2.33874 1.34151 -2.35213 1.3415 -2.36392 1.34143 -2.53018 1.34143 -2.53401 1.34143 -2.53783 1.12395 -2.32694 1.12339 -2.33874 1.12228 -2.35213 1.12171 -2.36392 1.1216 -2.53018 1.12174 -2.53401 1.12209 -2.53783 </float_array>
          <technique_common>
            <accessor count="63" offset="0" source="#meshId17-tex0-array" stride="2">
              <param name="S" type="float" />
              <param name="T" type="float" />
            </accessor>
          </technique_common>
        </source>
        <vertices id="meshId17-vertices">
          <input semantic="POSITION" source="#meshId17-positions" />
        </vertices>
        <polylist count="96" material="defaultMaterial">
          <input offset="0" semantic="VERTEX" source="#meshId17-vertices" />
          <input offset="0" semantic="NORMAL" source="#meshId17-normals" />
          <input offset="0" semantic="TANGENT" source="#meshId17-tangents" />
          <input offset="0" semantic="BINORMAL" source="#meshId17-bitangents" />
          <input offset="0" semantic="TEXCOORD" source="#meshId17-tex0" set="0" />
          <vcount>3 3 3 3 3 3 3 3 3 3 3 3 3 3 3 3 3 3 3 3 3 3 3 3 3 3 3 3 3 3 3 3 3 3 3 3 3 3 3 3 3 3 3 3 3 3 3 3 3 3 3 3 3 3 3 3 3 3 3 3 3 3 3 3 3 3 3 3 3 3 3 3 3 3 3 3 3 3 3 3 3 3 3 3 3 3 3 3 3 3 3 3 3 3 3 3 </vcount>
          <p>3 0 1 1 2 3 7 4 5 5 6 7 11 8 9 9 10 11 10 9 2 2 1 10 13 12 5 5 4 13 0 3 7 7 6 0 15 5 12 12 14 15 16 6 5 5 15 16 17 0 6 6 16 17 18 1 0 0 17 18 19 10 1 1 18 19 19 20 11 11 10 19 14 21 22 22 15 14 23 16 15 15 22 23 24 17 16 16 23 24 17 24 25 25 18 17 26 19 18 18 25 26 27 20 19 19 26 27 21 28 29 29 22 21 30 23 22 22 29 30 31 24 23 23 30 31 24 31 32 32 25 24 33 26 25 25 32 33 34 27 26 26 33 34 28 35 36 36 29 28 37 30 29 29 36 37 38 31 30 30 37 38 31 38 39 39 32 31 40 33 32 32 39 40 41 34 33 33 40 41 35 42 43 43 36 35 44 37 36 36 43 44 45 38 37 37 44 45 38 45 46 46 39 38 47 40 39 39 46 47 48 41 40 40 47 48 50 43 42 42 49 50 51 44 43 43 50 51 52 45 44 44 51 52 53 46 45 45 52 53 54 47 46 46 53 54 54 55 48 48 47 54 57 50 49 49 56 57 58 51 50 50 57 58 59 52 51 51 58 59 60 53 52 52 59 60 61 54 53 53 60 61 61 62 55 55 54 61 </p>
        </polylist>
      </mesh>
    </geometry>
    <geometry id="meshId18" name="meshId18_name" >
      <mesh>
        <source id="meshId18-positions" name="meshId18-positions">
          <float_array id="meshId18-positions-array" count="54"> 0.0191951 0.0978823 -0.746703 0.0191951 0.0978823 -0.655531 0.0721877 0.0978823 -0.650311 0.0899745 0.0978823 -0.739732 0.375027 0.0978823 -0.454679 0.285607 0.0978823 -0.436892 0.290826 0.0978823 -0.3839 0.381998 0.0978823 -0.3839 0.354382 0.0978823 -0.522738 0.270149 0.0978823 -0.487848 0.320855 0.0978823 -0.585462 0.245048 0.0978823 -0.53481 0.275736 0.0978823 -0.64044 0.211267 0.0978823 -0.575972 0.220758 0.0978823 -0.68556 0.170105 0.0978823 -0.609753 0.158034 0.0978823 -0.719086 0.123144 0.0978823 -0.634854 </float_array>
          <technique_common>
            <accessor count="18" offset="0" source="#meshId18-positions-array" stride="3">
              <param name="X" type="float" />
              <param name="Y" type="float" />
              <param name="Z" type="float" />
            </accessor>
          </technique_common>
        </source>
        <source id="meshId18-normals" name="meshId18-normals">
          <float_array id="meshId18-normals-array" count="54"> 0 1 -3.35644e-07 0 1 0 0 1 -1.46e-07 0 1 -1.48078e-07 0 1 -5.30616e-08 0 1 -6.49488e-08 0 1 1.6103e-08 0 1 4.19556e-08 0 1 -7.40392e-08 0 1 -7.30002e-08 0 1 0 0 1 0 0 1 0 0 1 0 0 1 0 0 1 -6.4412e-08 0 1 1.97437e-08 0 1 -2.10413e-07 </float_array>
          <technique_common>
            <accessor count="18" offset="0" source="#meshId18-normals-array" stride="3">
              <param name="X" type="float" />
              <param name="Y" type="float" />
              <param name="Z" type="float" />
            </accessor>
          </technique_common>
        </source>
        <source id="meshId18-tangents" name="meshId18-tangents">
          <float_array id="meshId18-tangents-array" count="54"> -0.995192 -3.28724e-08 -0.0979383 -0.995194 0 -0.0979218 -0.980805 -2.84687e-08 -0.194991 -0.980802 -2.88764e-08 -0.195008 -0.195173 -5.20411e-08 -0.980769 -0.195189 -6.36995e-08 -0.980766 -0.0981222 1.60253e-08 -0.995174 -0.0981049 4.17532e-08 -0.995176 -0.382761 -6.84009e-08 -0.923847 -0.382776 -6.74406e-08 -0.923841 -0.55564 0 -0.831423 -0.555654 0 -0.831414 -0.707166 0 -0.707048 -0.707178 0 -0.707036 -0.831516 0 -0.5555 -0.831525 -3.57801e-08 -0.555487 -0.923912 7.55404e-09 -0.382606 -0.923918 -8.05019e-08 -0.382591 </float_array>
          <technique_common>
            <accessor count="18" offset="0" source="#meshId18-tangents-array" stride="3">
              <param name="X" type="float" />
              <param name="Y" type="float" />
              <param name="Z" type="float" />
            </accessor>
          </technique_common>
        </source>
        <source id="meshId18-bitangents" name="meshId18-bitangents">
          <float_array id="meshId18-bitangents-array" count="54"> -0.0979383 3.34031e-07 0.995192 -0.0979218 0 0.995194 -0.194991 1.43198e-07 0.980805 -0.195008 1.45235e-07 0.980802 -0.980769 1.03562e-08 0.195173 -0.980766 1.26773e-08 0.195189 -0.995174 -1.58006e-09 0.0981222 -0.995176 -4.11605e-09 0.0981049 -0.923847 2.83393e-08 0.382761 -0.923841 2.79427e-08 0.382776 -0.831423 0 0.55564 -0.831414 0 0.555654 -0.707048 0 0.707166 -0.707036 0 0.707178 -0.5555 0 0.831516 -0.555487 5.35602e-08 0.831525 -0.382606 -1.82414e-08 0.923912 -0.382591 1.94404e-07 0.923918 </float_array>
          <technique_common>
            <accessor count="18" offset="0" source="#meshId18-bitangents-array" stride="3">
              <param name="X" type="float" />
              <param name="Y" type="float" />
              <param name="Z" type="float" />
            </accessor>
          </technique_common>
        </source>
        <source id="meshId18-tex0" name="meshId18-tex0">
          <float_array id="meshId18-tex0-array" count="36"> -0.338984 0.030357 -0.380427 0.269524 -0.527535 0.269539 -0.51614 0.0303719 -1.48388 0.0304612 -1.47244 0.269628 -1.61955 0.269643 -1.66104 0.0304761 -1.31988 0.0304463 -1.31673 0.269613 -1.15948 0.0304314 -1.15866 0.269598 -1.00001 0.0304165 -0.999992 0.269583 -0.840538 0.0304016 -0.841313 0.269569 -0.68014 0.0303868 -0.683248 0.269554 </float_array>
          <technique_common>
            <accessor count="18" offset="0" source="#meshId18-tex0-array" stride="2">
              <param name="S" type="float" />
              <param name="T" type="float" />
            </accessor>
          </technique_common>
        </source>
        <vertices id="meshId18-vertices">
          <input semantic="POSITION" source="#meshId18-positions" />
        </vertices>
        <polylist count="16" material="defaultMaterial">
          <input offset="0" semantic="VERTEX" source="#meshId18-vertices" />
          <input offset="0" semantic="NORMAL" source="#meshId18-normals" />
          <input offset="0" semantic="TANGENT" source="#meshId18-tangents" />
          <input offset="0" semantic="BINORMAL" source="#meshId18-bitangents" />
          <input offset="0" semantic="TEXCOORD" source="#meshId18-tex0" set="0" />
          <vcount>3 3 3 3 3 3 3 3 3 3 3 3 3 3 3 3 </vcount>
          <p>3 0 1 1 2 3 7 4 5 5 6 7 4 8 9 9 5 4 8 10 11 11 9 8 10 12 13 13 11 10 12 14 15 15 13 12 14 16 17 17 15 14 16 3 2 2 17 16 </p>
        </polylist>
      </mesh>
    </geometry>
    <geometry id="meshId19" name="meshId19_name" >
      <mesh>
        <source id="meshId19-positions" name="meshId19-positions">
          <float_array id="meshId19-positions-array" count="162"> 0.0906391 0.190265 -0.743073 0.135183 0.190265 -0.967012 0.0191951 0.190265 -0.978436 0.0191951 0.190265 -0.75011 0.0191951 0.190265 -0.978436 0.135183 0.190265 -0.967012 0.135717 0.189598 -0.969697 0.0191951 0.189598 -0.981173 0.0901051 0.189598 -0.740388 0.0906391 0.190265 -0.743073 0.0191951 0.190265 -0.75011 0.0191951 0.189598 -0.747372 0.15829 0.189598 -0.719705 0.159338 0.190265 -0.722234 0.159338 0.190265 -0.722234 0.246714 0.190265 -0.93318 0.246714 0.190265 -0.93318 0.247762 0.189598 -0.935708 0.22113 0.189598 -0.686116 0.222651 0.190265 -0.688392 0.222651 0.190265 -0.688392 0.349502 0.190265 -0.878238 0.349502 0.190265 -0.878238 0.351023 0.189598 -0.880514 0.276209 0.189598 -0.640914 0.278145 0.190265 -0.642849 0.278145 0.190265 -0.642849 0.439596 0.190265 -0.8043 0.439596 0.190265 -0.8043 0.441531 0.189598 -0.806236 0.321412 0.189598 -0.585834 0.323688 0.190265 -0.587355 0.323688 0.190265 -0.587355 0.513534 0.190265 -0.714206 0.513534 0.190265 -0.714206 0.51581 0.189598 -0.715727 0.355 0.189598 -0.522995 0.357529 0.190265 -0.524042 0.357529 0.190265 -0.524042 0.568475 0.190265 -0.611419 0.568475 0.190265 -0.611419 0.571004 0.189598 -0.612466 0.375684 0.189598 -0.45481 0.378369 0.190265 -0.455344 0.378369 0.190265 -0.455344 0.602308 0.190265 -0.499888 0.602308 0.190265 -0.499888 0.604992 0.189598 -0.500422 0.385405 0.190265 -0.3839 0.382668 0.189598 -0.3839 0.613732 0.190265 -0.3839 0.385405 0.190265 -0.3839 0.613732 0.190265 -0.3839 0.616469 0.189598 -0.3839 </float_array>
          <technique_common>
            <accessor count="54" offset="0" source="#meshId19-positions-array" stride="3">
              <param name="X" type="float" />
              <param name="Y" type="float" />
              <param name="Z" type="float" />
            </accessor>
          </technique_common>
        </source>
        <source id="meshId19-normals" name="meshId19-normals">
          <float_array id="meshId19-normals-array" count="162"> 0 1 -4.20383e-08 0 1 -4.20383e-08 0 1 -8.40765e-08 0 1 -8.40765e-08 0.0233009 0.971335 -0.236572 0.0461667 0.971597 -0.232095 0.0461666 0.971597 -0.232095 0.0233009 0.971335 -0.236572 -0.0461674 0.971597 0.232094 -0.0461673 0.971597 0.232094 -0.0233014 0.971333 0.23658 -0.0233014 0.971333 0.23658 -0.0905599 0.971597 0.218627 -0.0905601 0.971597 0.218627 0 1 0 0 1 0 0.0905599 0.971596 -0.218633 0.09056 0.971596 -0.218633 -0.131472 0.971597 0.196762 -0.131472 0.971597 0.196762 0 1 0 0 1 0 0.131474 0.971596 -0.196761 0.131474 0.971596 -0.196761 -0.167332 0.971596 0.167334 -0.167332 0.971596 0.167334 0 1 1.26115e-07 0 1 1.26115e-07 0.167335 0.971596 -0.167333 0.167335 0.971596 -0.167333 -0.196762 0.971596 0.131476 -0.196762 0.971596 0.131476 0 1 2.10191e-08 0 1 2.10192e-08 0.196763 0.971596 -0.131476 0.196763 0.971596 -0.131476 -0.218631 0.971596 0.0905621 -0.218631 0.971596 0.0905622 0 1 -4.20383e-08 0 1 -4.20383e-08 0.21863 0.971596 -0.0905616 0.21863 0.971596 -0.0905617 -0.232097 0.971596 0.046167 -0.232097 0.971596 0.046167 0 1 6.30574e-08 0 1 6.30574e-08 0.232096 0.971597 -0.0461672 0.232096 0.971597 -0.0461672 -0.23658 0.971333 0.0233026 -0.23658 0.971333 0.0233026 0 1 0 0 1 0 0.236578 0.971333 -0.0233004 0.236578 0.971333 -0.0233004 </float_array>
          <technique_common>
            <accessor count="54" offset="0" source="#meshId19-normals-array" stride="3">
              <param name="X" type="float" />
              <param name="Y" type="float" />
              <param name="Z" type="float" />
            </accessor>
          </technique_common>
        </source>
        <source id="meshId19-tangents" name="meshId19-tangents">
          <float_array id="meshId19-tangents-array" count="162"> -0.980785 -8.20125e-09 -0.19509 -0.980785 -8.20126e-09 -0.19509 -0.995185 -8.24096e-09 -0.0980174 -0.995185 -8.2409e-09 -0.0980166 -0.995185 5.42776e-07 -0.0980176 -0.980785 1.66135e-07 -0.195091 -0.980785 1.90236e-08 -0.195091 -0.995185 5.4357e-07 -0.0980176 -0.980785 -7.16478e-07 -0.195091 -0.980785 -7.68555e-07 -0.195091 -0.995185 -4.86688e-07 -0.0980165 -0.995185 -4.75004e-07 -0.0980165 -0.923879 -1.58905e-06 -0.382684 -0.923879 -1.55487e-06 -0.382685 -0.923879 0 -0.382684 -0.92388 0 -0.382683 -0.92388 -6.74594e-07 -0.382683 -0.92388 -6.93728e-07 -0.382683 -0.83147 -1.54975e-07 -0.55557 -0.83147 -1.5853e-07 -0.55557 -0.831469 0 -0.55557 -0.83147 0 -0.55557 -0.831469 1.84003e-06 -0.55557 -0.831469 1.65125e-06 -0.555571 -0.707106 1.1814e-06 -0.707107 -0.707108 1.15283e-06 -0.707106 -0.707107 8.91766e-08 -0.707107 -0.707107 8.91766e-08 -0.707107 -0.707107 1.44108e-06 -0.707106 -0.707105 1.2061e-06 -0.707108 -0.555571 2.89624e-06 -0.831469 -0.55557 2.94105e-06 -0.83147 -0.55557 1.74768e-08 -0.83147 -0.55557 1.74768e-08 -0.83147 -0.555571 -2.24153e-06 -0.831469 -0.555571 -2.21435e-06 -0.831469 -0.382684 2.02703e-06 -0.923879 -0.382684 2.10655e-06 -0.923879 -0.382683 -3.88383e-08 -0.92388 -0.382683 -3.88383e-08 -0.92388 -0.382684 -1.83514e-06 -0.923879 -0.382684 -1.87446e-06 -0.923879 -0.195091 -6.73804e-08 -0.980785 -0.19509 -2.53648e-08 -0.980785 -0.19509 6.18457e-08 -0.980785 -0.19509 6.18457e-08 -0.980785 -0.195089 -6.06177e-07 -0.980785 -0.195091 -2.46039e-07 -0.980785 -0.0980175 1.43292e-06 -0.995185 -0.0980176 1.43122e-06 -0.995185 -0.0980169 0 -0.995185 -0.0980171 0 -0.995185 -0.0980168 5.26491e-07 -0.995185 -0.0980168 5.27477e-07 -0.995185 </float_array>
          <technique_common>
            <accessor count="54" offset="0" source="#meshId19-tangents-array" stride="3">
              <param name="X" type="float" />
              <param name="Y" type="float" />
              <param name="Z" type="float" />
            </accessor>
          </technique_common>
        </source>
        <source id="meshId19-bitangents" name="meshId19-bitangents">
          <float_array id="meshId19-bitangents-array" count="162"> -0.19509 4.12305e-08 0.980785 -0.19509 4.12305e-08 0.980785 -0.0980174 8.36717e-08 0.995185 -0.0980166 8.36717e-08 0.995185 -0.0952077 0.237716 0.966657 -0.189549 0.236642 0.952928 -0.18955 0.236642 0.952928 -0.0952077 0.237716 0.966657 -0.18955 -0.236641 0.952928 -0.189549 -0.236641 0.952928 -0.0952065 -0.237724 0.966656 -0.0952065 -0.237724 0.966655 -0.371814 -0.236641 0.897639 -0.371815 -0.236641 0.897638 -0.382684 0 0.923879 -0.382683 0 0.92388 -0.371813 0.236646 0.897638 -0.371814 0.236646 0.897638 -0.53979 -0.236644 0.807853 -0.53979 -0.236644 0.807853 -0.55557 0 0.831469 -0.55557 0 0.83147 -0.53979 0.236644 0.807853 -0.539791 0.236644 0.807853 -0.687023 -0.236645 0.687022 -0.687022 -0.236645 0.687023 -0.707107 -8.91766e-08 0.707107 -0.707107 -8.91766e-08 0.707107 -0.687021 0.236646 0.687023 -0.687023 0.236646 0.687021 -0.807852 -0.236646 0.53979 -0.807853 -0.236646 0.539789 -0.83147 -1.16776e-08 0.55557 -0.83147 -1.16776e-08 0.55557 -0.807852 0.236647 0.53979 -0.807852 0.236647 0.53979 -0.897638 -0.236645 0.371814 -0.897638 -0.236645 0.371814 -0.92388 1.60874e-08 0.382683 -0.92388 1.60873e-08 0.382683 -0.897638 0.236645 0.371814 -0.897638 0.236645 0.371814 -0.952927 -0.236644 0.189549 -0.952927 -0.236644 0.189549 -0.980785 -1.23019e-08 0.19509 -0.980785 -1.23019e-08 0.19509 -0.952928 0.236643 0.189548 -0.952928 0.236643 0.18955 -0.966655 -0.237725 0.0952073 -0.966655 -0.237725 0.0952073 -0.995185 0 0.0980169 -0.995185 0 0.0980171 -0.966656 0.237723 0.0952071 -0.966656 0.237723 0.0952071 </float_array>
          <technique_common>
            <accessor count="54" offset="0" source="#meshId19-bitangents-array" stride="3">
              <param name="X" type="float" />
              <param name="Y" type="float" />
              <param name="Z" type="float" />
            </accessor>
          </technique_common>
        </source>
        <source id="meshId19-tex0" name="meshId19-tex0">
          <float_array id="meshId19-tex0-array" count="108"> -0.321875 0.952705 -0.252296 0.347295 0.0373554 0.347295 -0.11878 0.952705 0.0373554 0.347295 -0.252296 0.347295 -0.252325 0.339825 0.038033 0.339825 -0.321922 0.960175 -0.321875 0.952705 -0.11878 0.952705 -0.119559 0.960175 -0.542068 0.960175 -0.542049 0.952705 -0.542049 0.952705 -0.511849 0.347295 -0.511849 0.347295 -0.511861 0.339825 -0.769652 0.960175 -0.769645 0.952705 -0.769645 0.952705 -0.758364 0.347295 -0.758364 0.347295 -0.758367 0.339825 -0.999998 0.960175 -0.999998 0.952705 -0.999998 0.952705 -1 0.347295 -1 0.347295 -1 0.339825 -1.23035 0.960175 -1.23036 0.952705 -1.23036 0.952705 -1.24164 0.347295 -1.24164 0.347295 -1.24163 0.339825 -1.45793 0.960175 -1.45795 0.952705 -1.45795 0.952705 -1.48815 0.347295 -1.48815 0.347295 -1.48814 0.339825 -1.67808 0.960175 -1.67813 0.952705 -1.67813 0.952705 -1.7477 0.347295 -1.7477 0.347295 -1.74768 0.339825 -1.88122 0.952705 -1.88044 0.960175 -2.03735 0.347295 -1.88122 0.952705 -2.03735 0.347295 -2.03803 0.339825 </float_array>
          <technique_common>
            <accessor count="54" offset="0" source="#meshId19-tex0-array" stride="2">
              <param name="S" type="float" />
              <param name="T" type="float" />
            </accessor>
          </technique_common>
        </source>
        <vertices id="meshId19-vertices">
          <input semantic="POSITION" source="#meshId19-positions" />
        </vertices>
        <polylist count="48" material="defaultMaterial">
          <input offset="0" semantic="VERTEX" source="#meshId19-vertices" />
          <input offset="0" semantic="NORMAL" source="#meshId19-normals" />
          <input offset="0" semantic="TANGENT" source="#meshId19-tangents" />
          <input offset="0" semantic="BINORMAL" source="#meshId19-bitangents" />
          <input offset="0" semantic="TEXCOORD" source="#meshId19-tex0" set="0" />
          <vcount>3 3 3 3 3 3 3 3 3 3 3 3 3 3 3 3 3 3 3 3 3 3 3 3 3 3 3 3 3 3 3 3 3 3 3 3 3 3 3 3 3 3 3 3 3 3 3 3 </vcount>
          <p>3 0 1 1 2 3 7 4 5 5 6 7 11 8 9 9 10 11 8 12 13 13 9 8 0 14 15 15 1 0 17 6 5 5 16 17 12 18 19 19 13 12 14 20 21 21 15 14 23 17 16 16 22 23 18 24 25 25 19 18 20 26 27 27 21 20 29 23 22 22 28 29 24 30 31 31 25 24 26 32 33 33 27 26 35 29 28 28 34 35 30 36 37 37 31 30 32 38 39 39 33 32 41 35 34 34 40 41 36 42 43 43 37 36 38 44 45 45 39 38 47 41 40 40 46 47 49 48 43 43 42 49 51 50 45 45 44 51 53 47 46 46 52 53 </p>
        </polylist>
      </mesh>
    </geometry>
    <geometry id="meshId20" name="meshId20_name" >
      <mesh>
        <source id="meshId20-positions" name="meshId20-positions">
          <float_array id="meshId20-positions-array" count="1026"> -0.341878 0.160024 -0.571101 -0.341878 0.188081 -0.571101 -0.345191 0.188081 -0.53746 -0.345191 0.160024 -0.53746 -0.623302 0.147567 -0.627079 -0.440085 0.147567 -0.590635 -0.445322 0.147567 -0.53746 -0.632128 0.147567 -0.53746 -0.624582 0.155245 -0.627334 -0.624582 0.148872 -0.627334 -0.633433 0.148872 -0.53746 -0.633433 0.155245 -0.53746 -0.634405 0.187106 -0.53746 -0.625534 0.187106 -0.627523 -0.625289 0.158009 -0.627475 -0.634155 0.158009 -0.53746 -0.345509 0.156441 -0.53746 -0.345509 0.14814 -0.53746 -0.342189 0.14814 -0.571163 -0.342189 0.156441 -0.571163 -0.27589 -0.187962 -0.557975 -0.27589 0.0963005 -0.557975 -0.277911 0.0963005 -0.53746 -0.277911 -0.187962 -0.53746 -0.38893 0.144977 -0.53746 -0.38893 0.0994642 -0.53746 -0.384777 0.0994642 -0.579634 -0.384777 0.144977 -0.579634 -0.387348 0.0978823 -0.53746 -0.381998 0.0978823 -0.53746 -0.377977 0.0978823 -0.578281 -0.383225 0.0978823 -0.579325 -0.347091 0.146558 -0.53746 -0.387348 0.146558 -0.53746 -0.383225 0.146558 -0.579325 -0.343741 0.146558 -0.571471 -0.278585 -0.18959 -0.53746 -0.276552 -0.18959 -0.558107 -0.278585 -0.18959 -0.53746 -0.280214 -0.190265 -0.53746 -0.278149 -0.190265 -0.558424 -0.276552 -0.18959 -0.558107 -0.279493 0.0978823 -0.53746 -0.278374 0.097419 -0.53746 -0.276345 0.097419 -0.558065 -0.277442 0.0978823 -0.558284 -0.278374 0.097419 -0.53746 -0.276345 0.097419 -0.558065 -0.345972 0.147022 -0.53746 -0.342644 0.147022 -0.571253 -0.345972 0.147022 -0.53746 -0.342644 0.147022 -0.571253 -0.388467 0.0983456 -0.53746 -0.384322 0.0983456 -0.579543 -0.388467 0.0983456 -0.53746 -0.384322 0.0983456 -0.579543 -0.388467 0.146095 -0.53746 -0.384322 0.146095 -0.579543 -0.388467 0.146095 -0.53746 -0.384322 0.146095 -0.579543 -0.437423 0.146442 -0.590106 -0.442608 0.146442 -0.53746 -0.624207 0.147949 -0.627259 -0.633051 0.147949 -0.53746 -0.624207 0.147949 -0.627259 -0.633051 0.147949 -0.53746 -0.290825 0.0978823 -0.53746 -0.288557 0.0978823 -0.560494 -0.172755 -0.0195401 -0.806828 -0.172755 -0.054497 -0.806828 -0.225306 -0.054497 -0.801652 -0.225306 -0.0195401 -0.801652 -0.172755 0.0853307 -0.806828 -0.172755 0.0503738 -0.806828 -0.225306 0.0503738 -0.801652 -0.225306 0.0853307 -0.801652 -0.598366 0.155245 -0.713754 -0.598366 0.148872 -0.713754 -0.598013 0.147949 -0.713608 -0.598013 0.147949 -0.713608 -0.597161 0.147567 -0.713255 -0.424574 0.147567 -0.641767 -0.422067 0.146442 -0.640728 -0.555795 0.155245 -0.7934 -0.555795 0.148872 -0.7934 -0.555477 0.147949 -0.793187 -0.555477 0.147949 -0.793187 -0.55471 0.147567 -0.792674 -0.399386 0.147567 -0.68889 -0.397129 0.146442 -0.687383 -0.498504 0.155245 -0.863209 -0.498504 0.148872 -0.863209 -0.498233 0.147949 -0.862939 -0.498233 0.147949 -0.862939 -0.497581 0.147567 -0.862286 -0.365489 0.147567 -0.730194 -0.36357 0.146442 -0.728275 -0.428694 0.155245 -0.9205 -0.428694 0.148872 -0.9205 -0.428482 0.147949 -0.920183 -0.428482 0.147949 -0.920183 -0.427969 0.147567 -0.919415 -0.324185 0.147567 -0.764092 -0.322677 0.146442 -0.761835 -0.349049 0.155245 -0.963072 -0.349049 0.148872 -0.963072 -0.348903 0.147949 -0.962718 -0.348903 0.147949 -0.962718 -0.348549 0.147567 -0.961866 -0.277062 0.147567 -0.78928 -0.276023 0.146442 -0.786772 -0.262629 0.155245 -0.989287 -0.262629 0.148872 -0.989287 -0.262554 0.147949 -0.988912 -0.262554 0.147949 -0.988912 -0.262374 0.147567 -0.988007 -0.22593 0.147567 -0.80479 -0.225401 0.146442 -0.802128 -0.172755 0.148872 -0.998139 -0.172755 0.155245 -0.998139 -0.172755 0.147949 -0.997756 -0.172755 0.147949 -0.997756 -0.172755 0.147567 -0.996834 -0.172755 0.147567 -0.810028 -0.172755 0.146442 -0.807313 -0.436947 -0.0195401 -0.590011 -0.436947 -0.054497 -0.590011 -0.442123 -0.054497 -0.53746 -0.442123 -0.0195401 -0.53746 -0.421618 -0.0195401 -0.640543 -0.421618 -0.054497 -0.640543 -0.396726 -0.0195401 -0.687113 -0.396726 -0.054497 -0.687113 -0.363227 -0.0195401 -0.727932 -0.363227 -0.054497 -0.727932 -0.322408 -0.0195401 -0.761431 -0.322408 -0.054497 -0.761431 -0.275838 -0.0195401 -0.786324 -0.275838 -0.054497 -0.786324 -0.436947 0.0853307 -0.590011 -0.436947 0.0503738 -0.590011 -0.442123 0.0503738 -0.53746 -0.442123 0.0853307 -0.53746 -0.421618 0.0853307 -0.640543 -0.421618 0.0503738 -0.640543 -0.396726 0.0853307 -0.687113 -0.396726 0.0503738 -0.687113 -0.363227 0.0853307 -0.727932 -0.363227 0.0503738 -0.727932 -0.322408 0.0853307 -0.761431 -0.322408 0.0503738 -0.761431 -0.275838 0.0853307 -0.786324 -0.275838 0.0503738 -0.786324 -0.599264 0.187106 -0.714126 -0.599033 0.158009 -0.71403 -0.556603 0.187106 -0.793939 -0.556395 0.158009 -0.7938 -0.49919 0.187106 -0.863896 -0.499014 0.158009 -0.863719 -0.429234 0.187106 -0.921308 -0.429095 0.158009 -0.9211 -0.349421 0.187106 -0.963969 -0.349325 0.158009 -0.963738 -0.262818 0.187106 -0.99024 -0.26277 0.158009 -0.989995 -0.172755 0.187106 -0.99911 -0.172755 0.158009 -0.99886 -0.193401 -0.18959 -0.641257 -0.193719 -0.190265 -0.642854 -0.172755 -0.190265 -0.644919 -0.172755 -0.18959 -0.643291 -0.19327 -0.187962 -0.640595 -0.193401 -0.18959 -0.641257 -0.172755 -0.18959 -0.643291 -0.172755 -0.187962 -0.642616 -0.172755 0.0963005 -0.642616 -0.19327 0.0963005 -0.640595 -0.19336 0.097419 -0.64105 -0.172755 0.097419 -0.643079 -0.193578 0.0978823 -0.642147 -0.19336 0.097419 -0.64105 -0.172755 0.097419 -0.643079 -0.172755 0.0978823 -0.644198 -0.195789 0.0978823 -0.653262 -0.172755 0.0978823 -0.655531 -0.21462 0.0978823 -0.74793 -0.213576 0.0978823 -0.742682 -0.172755 0.0978823 -0.746703 -0.172755 0.0978823 -0.752054 -0.214838 0.0983456 -0.749027 -0.172755 0.0983456 -0.753172 -0.214929 0.0994642 -0.749482 -0.214838 0.0983456 -0.749027 -0.172755 0.0983456 -0.753172 -0.172755 0.0994642 -0.753636 -0.214929 0.144977 -0.749482 -0.172755 0.144977 -0.753636 -0.214838 0.146095 -0.749027 -0.172755 0.146095 -0.753172 -0.21462 0.146558 -0.74793 -0.214838 0.146095 -0.749027 -0.172755 0.146095 -0.753172 -0.172755 0.146558 -0.752054 -0.206766 0.146558 -0.708446 -0.172755 0.146558 -0.711796 -0.206548 0.147022 -0.707349 -0.172755 0.147022 -0.710677 -0.206457 0.14814 -0.706895 -0.206548 0.147022 -0.707349 -0.172755 0.147022 -0.710677 -0.172755 0.14814 -0.710214 -0.206457 0.156441 -0.706895 -0.172755 0.156441 -0.710214 -0.213254 -0.18959 -0.635235 -0.213878 -0.190265 -0.636739 -0.212996 -0.187962 -0.634612 -0.213254 -0.18959 -0.635235 -0.212996 0.0963005 -0.634612 -0.213174 0.097419 -0.63504 -0.213602 0.0978823 -0.636073 -0.213174 0.097419 -0.63504 -0.217938 0.0978823 -0.646543 -0.254876 0.0978823 -0.735719 -0.252829 0.0978823 -0.730775 -0.255304 0.0983456 -0.736752 -0.255482 0.0994642 -0.73718 -0.255304 0.0983456 -0.736752 -0.255482 0.144977 -0.73718 -0.255304 0.146095 -0.736752 -0.254876 0.146558 -0.735719 -0.255304 0.146095 -0.736752 -0.23947 0.146558 -0.698525 -0.239042 0.147022 -0.697492 -0.238865 0.14814 -0.697064 -0.239042 0.147022 -0.697492 -0.238865 0.156441 -0.697064 -0.231551 -0.18959 -0.625455 -0.232456 -0.190265 -0.626809 -0.231176 -0.187962 -0.624894 -0.231551 -0.18959 -0.625455 -0.231176 0.0963005 -0.624894 -0.231434 0.097419 -0.625279 -0.232055 0.0978823 -0.626209 -0.231434 0.097419 -0.625279 -0.238351 0.0978823 -0.635632 -0.291977 0.0978823 -0.715888 -0.289004 0.0978823 -0.711439 -0.292598 0.0983456 -0.716818 -0.292856 0.0994642 -0.717203 -0.292598 0.0983456 -0.716818 -0.292856 0.144977 -0.717203 -0.292598 0.146095 -0.716818 -0.291977 0.146558 -0.715888 -0.292598 0.146095 -0.716818 -0.269611 0.146558 -0.682415 -0.268989 0.147022 -0.681485 -0.268732 0.14814 -0.6811 -0.268989 0.147022 -0.681485 -0.268732 0.156441 -0.6811 -0.247588 -0.18959 -0.612294 -0.24874 -0.190265 -0.613445 -0.247111 -0.187962 -0.611817 -0.247588 -0.18959 -0.612294 -0.247111 0.0963005 -0.611817 -0.247439 0.097419 -0.612144 -0.24823 0.0978823 -0.612935 -0.247439 0.097419 -0.612144 -0.256243 0.0978823 -0.620949 -0.324495 0.0978823 -0.689201 -0.320712 0.0978823 -0.685417 -0.325286 0.0983456 -0.689992 -0.325614 0.0994642 -0.690319 -0.325286 0.0983456 -0.689992 -0.325614 0.144977 -0.690319 -0.325286 0.146095 -0.689992 -0.324495 0.146558 -0.689201 -0.325286 0.146095 -0.689992 -0.296029 0.146558 -0.660734 -0.295238 0.147022 -0.659943 -0.29491 0.14814 -0.659616 -0.295238 0.147022 -0.659943 -0.29491 0.156441 -0.659616 -0.26075 -0.18959 -0.596256 -0.262104 -0.190265 -0.597161 -0.260189 -0.187962 -0.595882 -0.26075 -0.18959 -0.596256 -0.260189 0.0963005 -0.595882 -0.260574 0.097419 -0.596139 -0.261504 0.0978823 -0.59676 -0.260574 0.097419 -0.596139 -0.270927 0.0978823 -0.603057 -0.351183 0.0978823 -0.656682 -0.346734 0.0978823 -0.653709 -0.352113 0.0983456 -0.657303 -0.352498 0.0994642 -0.657561 -0.352113 0.0983456 -0.657303 -0.352498 0.144977 -0.657561 -0.352113 0.146095 -0.657303 -0.351183 0.146558 -0.656682 -0.352113 0.146095 -0.657303 -0.31771 0.146558 -0.634316 -0.31678 0.147022 -0.633694 -0.316395 0.14814 -0.633437 -0.31678 0.147022 -0.633694 -0.316395 0.156441 -0.633437 -0.27053 -0.18959 -0.57796 -0.272034 -0.190265 -0.578583 -0.269906 -0.187962 -0.577702 -0.27053 -0.18959 -0.57796 -0.269906 0.0963005 -0.577702 -0.270334 0.097419 -0.577879 -0.271368 0.0978823 -0.578307 -0.270334 0.097419 -0.577879 -0.281838 0.0978823 -0.582644 -0.371014 0.0978823 -0.619582 -0.36607 0.0978823 -0.617534 -0.372047 0.0983456 -0.62001 -0.372475 0.0994642 -0.620187 -0.372047 0.0983456 -0.62001 -0.372475 0.144977 -0.620187 -0.372047 0.146095 -0.62001 -0.371014 0.146558 -0.619582 -0.372047 0.146095 -0.62001 -0.33382 0.146558 -0.604176 -0.332787 0.147022 -0.603747 -0.332359 0.14814 -0.60357 -0.332787 0.147022 -0.603747 -0.332359 0.156441 -0.60357 -0.332065 0.160024 -0.603449 -0.332065 0.188081 -0.603449 -0.31613 0.160024 -0.633261 -0.31613 0.188081 -0.633261 -0.294686 0.160024 -0.659391 -0.294686 0.188081 -0.659391 -0.268555 0.160024 -0.680836 -0.268555 0.188081 -0.680836 -0.238743 0.160024 -0.69677 -0.238743 0.188081 -0.69677 -0.206395 0.160024 -0.706583 -0.206395 0.188081 -0.706583 -0.172755 0.188081 -0.709896 -0.172755 0.160024 -0.709896 </float_array>
          <technique_common>
            <accessor count="342" offset="0" source="#meshId20-positions-array" stride="3">
              <param name="X" type="float" />
              <param name="Y" type="float" />
              <param name="Z" type="float" />
            </accessor>
          </technique_common>
        </source>
        <source id="meshId20-normals" name="meshId20-normals">
          <float_array id="meshId20-normals-array" count="1026"> 0.980785 1.51891e-06 0.195091 0.980785 1.51891e-06 0.195091 0.995185 2.07474e-06 0.0980168 0.995185 2.07474e-06 0.0980168 -0.00282524 -0.999996 -0.000561981 -0.00384281 -0.999992 -0.000764365 -0.00391805 -0.999992 -0.000385884 -0.00288049 -0.999996 -0.000283718 -0.980785 0 -0.19509 -0.979498 -0.0512107 -0.194834 -0.993891 -0.050967 -0.0978908 -0.995185 0 -0.0980183 -0.995148 -0.00854275 -0.0980141 -0.980749 -0.00858442 -0.195084 -0.980749 -0.00858442 -0.195084 -0.995148 -0.00854275 -0.0980141 0.995185 0 0.0980171 0.993941 -0.0499734 0.097895 0.979548 -0.0502146 0.194845 0.980785 1.60771e-06 0.19509 0.980782 -0.00242339 0.19509 0.980784 0.00166574 0.19509 0.995183 0.00165768 0.0980188 0.995182 -0.00241169 0.0980186 0.995138 -0.00964632 0.0980133 0.995138 0.00964628 0.0980133 0.980739 0.00969309 0.195081 0.980739 -0.00969313 0.195081 0.0797604 0.996783 0.00785571 0 1 0 0 1 0 0.0782318 0.996814 0.0155613 0.00892393 -0.99996 0.000878869 0.0138827 -0.999903 0.00136727 0.0136162 -0.999904 0.00270833 0.00875251 -0.99996 0.00174088 0.920076 -0.381115 0.0906189 0.906122 -0.382695 0.18024 0.382414 -0.923223 0.0376653 0.382414 -0.923223 0.0376653 0.375335 -0.923877 0.0746594 0.375335 -0.923877 0.0746598 0.0316146 0.999495 0.00311386 0.382418 0.923221 0.0376641 0.375331 0.923879 0.0746583 0.0310074 0.9995 0.00616795 0.920081 0.381101 0.0906252 0.906128 0.382683 0.180239 0.920079 -0.381106 0.0906227 0.906125 -0.382688 0.180242 0.382403 -0.923228 0.0376632 0.375328 -0.92388 0.0746575 0.920084 0.381094 0.0906192 0.906132 0.382673 0.18024 0.382396 0.923231 0.0376627 0.375323 0.923883 0.0746564 0.920085 -0.381094 0.0906192 0.90613 -0.382676 0.180241 0.382395 -0.923231 0.0376627 0.375322 -0.923883 0.0746565 -0.375329 -0.92388 -0.074657 -0.382414 -0.923223 -0.0376634 -0.906136 -0.382663 -0.18024 -0.920079 -0.381107 -0.0906198 -0.375305 -0.92389 -0.0746551 -0.382388 -0.923234 -0.0376639 -1.2678e-07 1 -1.48518e-22 -6.33904e-08 1 -7.42591e-23 -0.0980172 0 -0.995185 -0.0980172 0 -0.995185 -0.19509 0 -0.980785 -0.19509 0 -0.980785 -0.0980172 0 -0.995185 -0.0980172 0 -0.995185 -0.19509 0 -0.980785 -0.19509 0 -0.980785 -0.92388 0 -0.382682 -0.922668 -0.0512093 -0.38218 -0.853567 -0.382653 -0.353555 -0.353524 -0.923892 -0.146438 -0.00266126 -0.999996 -0.00110237 -0.0036198 -0.999992 -0.00149936 -0.353551 -0.923881 -0.146445 -0.831469 0 -0.555571 -0.830379 -0.0512107 -0.554841 -0.768188 -0.382663 -0.51328 -0.318172 -0.923888 -0.212596 -0.00239493 -0.999996 -0.00160039 -0.00325755 -0.999992 -0.00217673 -0.31819 -0.92388 -0.212605 -0.707106 0 -0.707108 -0.706179 -0.0512123 -0.706179 -0.653291 -0.382673 -0.653278 -0.270598 -0.923882 -0.27059 -0.00203697 -0.999996 -0.00203691 -0.00277046 -0.999992 -0.00277046 -0.270598 -0.92388 -0.270597 -0.55557 0 -0.831469 -0.554842 -0.051211 -0.830378 -0.513283 -0.382668 -0.768183 -0.212603 -0.923883 -0.318182 -0.00160064 -0.999996 -0.00239515 -0.00217696 -0.999992 -0.00325771 -0.212607 -0.92388 -0.318189 -0.382683 0 -0.92388 -0.382181 -0.0512085 -0.922668 -0.353565 -0.382651 -0.853563 -0.146441 -0.923887 -0.353537 -0.00110242 -0.999996 -0.00266136 -0.00149945 -0.999992 -0.00361977 -0.146448 -0.92388 -0.353552 -0.19509 0 -0.980785 -0.194834 -0.0512085 -0.979499 -0.180248 -0.382651 -0.90614 -0.0746568 -0.923886 -0.375314 -0.000561959 -0.999996 -0.00282529 -0.00076435 -0.999992 -0.00384273 -0.0746599 -0.92388 -0.375328 -0.0978899 -0.0509633 -0.993892 -0.0980173 0 -0.995185 -0.0906208 -0.381081 -0.92009 -0.0376637 -0.923229 -0.382399 -0.000283724 -0.999996 -0.00288064 -0.000385891 -0.999992 -0.00391801 -0.0376641 -0.923225 -0.382409 -0.980785 0 -0.195091 -0.980785 0 -0.195091 -0.995185 0 -0.0980171 -0.995185 0 -0.0980171 -0.92388 0 -0.382684 -0.92388 0 -0.382684 -0.83147 0 -0.55557 -0.83147 0 -0.55557 -0.707107 0 -0.707107 -0.707107 0 -0.707107 -0.55557 0 -0.83147 -0.55557 0 -0.83147 -0.382683 0 -0.92388 -0.382683 0 -0.92388 -0.980785 0 -0.19509 -0.980785 0 -0.19509 -0.995185 0 -0.0980172 -0.995185 0 -0.0980172 -0.92388 0 -0.382684 -0.92388 0 -0.382684 -0.831469 0 -0.555571 -0.831469 0 -0.555571 -0.707107 0 -0.707107 -0.707107 0 -0.707107 -0.55557 0 -0.83147 -0.55557 0 -0.83147 -0.382683 0 -0.92388 -0.382683 0 -0.92388 -0.923845 -0.00858497 -0.38267 -0.923845 -0.00858497 -0.38267 -0.831439 -0.00858448 -0.55555 -0.831439 -0.00858448 -0.55555 -0.70708 -0.0085841 -0.707081 -0.707081 -0.0085841 -0.707081 -0.55555 -0.00858433 -0.831439 -0.55555 -0.00858434 -0.831439 -0.382669 -0.00858442 -0.923845 -0.382669 -0.00858442 -0.923845 -0.195083 -0.00858476 -0.980749 -0.195083 -0.00858476 -0.980749 -0.0980135 -0.00854359 -0.995148 -0.0980135 -0.00854359 -0.995148 0.0746587 -0.923879 0.375332 0.0746574 -0.923879 0.375333 0.0376644 -0.923223 0.382413 0.0376644 -0.923223 0.382413 0.19509 -0.00242336 0.980782 0.18024 -0.38269 0.906125 0.0906194 -0.381118 0.920075 0.098017 -0.00241171 0.995182 0.0980172 0.00165766 0.995183 0.19509 0.0016657 0.980784 0.18024 0.382676 0.906131 0.0906184 0.381098 0.920083 0.00616791 0.9995 0.0310084 0.0746577 0.923882 0.375325 0.0376643 0.923228 0.382403 0.00311375 0.999495 0.0316158 1.00368e-08 1 1.17577e-23 -1.23611e-07 1 -1.44805e-22 0.0155612 0.996814 0.0782323 -2.25238e-08 1 -2.63856e-23 -1.06692e-07 1 -1.24985e-22 0.00785595 0.996783 0.0797625 0.0746575 0.923882 0.375325 0.037664 0.923226 0.382408 0.195081 0.00969332 0.980739 0.18024 0.382679 0.906129 0.0906182 0.381108 0.920079 0.0980126 0.0096467 0.995138 0.195081 -0.00969309 0.980739 0.0980126 -0.00964647 0.995138 0.18024 -0.382684 0.906127 0.0906203 -0.381108 0.920079 0.00270851 -0.999904 0.013616 0.0746612 -0.923878 0.375333 0.0376619 -0.923225 0.382409 0.00136695 -0.999903 0.0138825 0.00174087 -0.99996 0.00875194 0.000878581 -0.99996 0.0089234 0.0746575 -0.923881 0.375326 0.0376636 -0.923225 0.382409 0.194844 -0.0502153 0.979548 0.18024 -0.38268 0.906129 0.0906178 -0.381108 0.920079 0.0978945 -0.0499744 0.993941 0.19509 0 0.980785 0.0980172 0 0.995185 0.146446 -0.92388 0.353554 0.146447 -0.92388 0.353553 0.382682 -0.00242333 0.923877 0.353553 -0.382687 0.853552 0.382682 0.0016657 0.923878 0.353554 0.382675 0.853557 0.0120991 0.9995 0.0292093 0.146449 0.92388 0.353552 3.59212e-07 1 4.208e-22 0.030524 0.996814 0.0736931 3.15334e-07 1 3.694e-22 0.146443 0.923882 0.353549 0.382666 0.00969335 0.923836 0.353556 0.382677 0.853555 0.382665 -0.00969307 0.923836 0.353549 -0.382688 0.853553 0.00531332 -0.999904 0.0128262 0.146452 -0.923876 0.35356 0.00341516 -0.99996 0.00824414 0.14644 -0.923882 0.353549 0.382201 -0.0502156 0.922714 0.353556 -0.382682 0.853553 0.382684 0 0.923879 0.212607 -0.92388 0.318188 0.212607 -0.92388 0.318188 0.555569 -0.00242335 0.831467 0.51328 -0.382685 0.768177 0.55557 0.00166565 0.831468 0.513281 0.382675 0.768181 0.0175651 0.9995 0.0262877 0.212609 0.92388 0.318186 1.43685e-07 1 1.6832e-22 0.0443145 0.996814 0.0663221 1.42256e-07 1 1.66647e-22 0.212602 0.923882 0.318186 0.555544 0.00969315 0.83143 0.513281 0.382676 0.768181 0.555544 -0.00969303 0.83143 0.513283 -0.382678 0.768179 0.00771296 -0.999904 0.0115434 0.212607 -0.923879 0.318192 0.00495728 -0.99996 0.00741966 0.212585 -0.923888 0.318181 0.554869 -0.0502152 0.830421 0.513283 -0.382675 0.76818 0.55557 -8.03852e-07 0.83147 0.270599 -0.923879 0.2706 0.2706 -0.923879 0.270599 0.707105 -0.00242335 0.707104 0.653282 -0.382682 0.653282 0.707106 0.00166561 0.707105 0.653289 0.38267 0.653282 0.0223551 0.9995 0.0223558 0.270585 0.923885 0.270593 -1.43685e-07 1 -1.6832e-22 0.0564035 0.996814 0.0564022 -1.42256e-07 1 -1.66647e-22 0.270599 0.923881 0.270592 0.707074 0.00969277 0.707074 0.653284 0.382668 0.653288 0.707074 -0.00969295 0.707074 0.653288 -0.382668 0.653284 0.00981654 -0.999904 0.00981695 0.270603 -0.923879 0.270596 0.0063091 -0.99996 0.00630997 0.270569 -0.923893 0.270581 0.706214 -0.0502138 0.706215 0.65329 -0.38266 0.653286 0.707106 -1.60771e-06 0.707108 0.318194 -0.923878 0.212609 0.318194 -0.923878 0.212609 0.831467 -0.00242338 0.555569 0.768175 -0.38269 0.513279 0.831468 0.00166569 0.55557 0.768182 0.382677 0.513278 0.0262868 0.9995 0.0175649 0.318178 0.923884 0.212607 0 1 0 0.0663233 0.996814 0.0443149 0 1 0 0.318192 0.923879 0.212606 0.83143 0.00969315 0.555545 0.768179 0.382679 0.513281 0.83143 -0.00969335 0.555545 0.768178 -0.382684 0.51328 0.0115431 -0.999904 0.0077129 0.318189 -0.923879 0.212609 0.00741963 -0.99996 0.00495745 0.318176 -0.923888 0.212593 0.830421 -0.050214 0.554869 0.768183 -0.382672 0.513281 0.83147 4.01928e-07 0.55557 0.353559 -0.923877 0.146448 0.353559 -0.923877 0.146449 0.923877 -0.00242343 0.382681 0.853547 -0.382699 0.353551 0.923879 0.00166579 0.382681 0.853552 0.382693 0.353547 0.0292088 0.9995 0.012099 0.353551 0.92388 0.146449 0 1 0 0.0736936 0.996814 0.0305247 0 1 0 0.353553 0.92388 0.146446 0.923836 0.00969337 0.382665 0.853552 0.382686 0.353554 0.923836 -0.00969344 0.382665 0.853549 -0.38269 0.353556 0.0128261 -0.999904 0.00531254 0.353548 -0.923882 0.146448 0.00824479 -0.99996 0.00341471 0.353556 -0.923879 0.146444 0.922714 -0.0502145 0.382201 0.853551 -0.382691 0.353552 0.92388 2.81349e-06 0.382683 0.923879 4.7652e-07 0.382685 0.923879 4.7652e-07 0.382685 0.83147 1.1913e-07 0.55557 0.83147 1.1913e-07 0.55557 0.707107 3.5739e-07 0.707107 0.707107 3.5739e-07 0.707107 0.55557 3.5739e-07 0.83147 0.55557 3.5739e-07 0.83147 0.382684 -1.62736e-13 0.923879 0.382684 -9.04091e-14 0.923879 0.195091 -2.3826e-07 0.980785 0.195091 -2.3826e-07 0.980785 0.098017 -2.37113e-07 0.995185 0.098017 -2.37113e-07 0.995185 </float_array>
          <technique_common>
            <accessor count="342" offset="0" source="#meshId20-normals-array" stride="3">
              <param name="X" type="float" />
              <param name="Y" type="float" />
              <param name="Z" type="float" />
            </accessor>
          </technique_common>
        </source>
        <source id="meshId20-tangents" name="meshId20-tangents">
          <float_array id="meshId20-tangents-array" count="1026"> -0.195091 -2.72078e-06 0.980785 -0.195091 -2.72078e-06 0.980785 -0.0980168 -2.70768e-06 0.995185 -0.0980168 -2.70767e-06 0.995185 -0.19509 -6.46966e-09 0.980785 -0.195089 1.36468e-08 0.980785 -0.0980154 4.1895e-09 0.995185 -0.0980181 -1.19235e-08 0.995185 -0.19509 0 0.980785 -0.19509 -1.13542e-07 0.980785 -0.0980182 -8.8081e-09 0.995185 -0.0980183 0 0.995185 -0.0980177 -9.99281e-09 0.995185 -0.195091 -2.08887e-07 0.980785 -0.195091 -3.42067e-07 0.980785 -0.0980177 -1.11305e-07 0.995185 -0.0980171 0 0.995185 -0.0980175 3.18366e-08 0.995185 -0.195091 -3.78051e-07 0.980785 -0.195091 -1.24847e-12 0.980785 -0.195095 -0.0021414 0.980782 -0.195091 -7.8619e-05 0.980785 -0.0980221 0.00206737 0.995182 -0.0980238 -0.00215123 0.995182 -0.0980179 -2.67557e-07 0.995185 -0.0980179 -5.1954e-07 0.995185 -0.19509 -6.55616e-07 0.980785 -0.19509 -6.50249e-07 0.980785 -0.0980158 -1.10902e-07 0.995185 -0.0980159 0 0.995185 -0.195089 0 0.980786 -0.19509 -7.76335e-09 0.980785 -0.098018 -6.84955e-08 0.995185 -0.0980169 -5.28469e-08 0.995185 -0.195089 -9.28465e-08 0.980785 -0.195091 -1.02662e-07 0.980785 -0.0989091 -0.0021765 0.995094 -0.196025 -0.00229986 0.980596 -0.0980162 1.30005e-06 0.995185 -0.0980163 1.24288e-06 0.995185 -0.195092 -2.58584e-07 0.980785 -0.19509 1.09302e-06 0.980785 -0.110921 0.000412299 0.993829 -0.106414 0.00351434 0.994316 -0.196835 0.000736695 0.980436 -0.197715 8.44966e-05 0.98026 -0.0997532 0.00422105 0.995003 -0.195078 -2.83048e-05 0.980788 -0.0980197 1.19555e-06 0.995184 -0.195093 6.02199e-07 0.980785 -0.0980171 -1.68525e-07 0.995185 -0.19509 4.84036e-08 0.980785 -0.0980159 2.55479e-07 0.995185 -0.195089 -5.72905e-07 0.980786 -0.0980159 -5.36531e-07 0.995185 -0.19509 -5.56029e-08 0.980785 -0.0980158 5.67874e-08 0.995185 -0.195091 -1.16696e-06 0.980785 -0.0980165 2.56514e-07 0.995185 -0.195089 7.32354e-07 0.980786 -0.195089 9.00533e-08 0.980786 -0.0980163 8.0479e-07 0.995185 -0.195089 5.86377e-07 0.980786 -0.0980172 3.54933e-07 0.995185 -0.195093 -1.49748e-06 0.980785 -0.098019 -1.34226e-06 0.995185 -0.11769 -1.49208e-08 0.99305 -0.199718 -1.26602e-08 0.979854 -0.995185 -1.73332e-06 0.0980172 -0.995185 -1.73332e-06 0.0980172 -0.980785 -8.70852e-07 0.19509 -0.980785 -8.70852e-07 0.19509 -0.995185 -1.73332e-06 0.0980172 -0.995185 -1.08806e-06 0.0980172 -0.980785 0 0.19509 -0.980785 -3.25427e-07 0.19509 -0.382682 1.12483e-08 0.92388 -0.382682 6.95182e-08 0.92388 -0.38268 1.16e-06 0.923881 -0.382682 -4.42673e-06 0.92388 -0.382684 -2.8996e-08 0.923879 -0.382683 1.01932e-08 0.92388 -0.382683 7.80087e-07 0.92388 -0.555571 2.496e-07 0.831469 -0.55557 8.4341e-08 0.83147 -0.555566 2.37448e-06 0.831472 -0.55557 -6.28057e-07 0.83147 -0.55557 -1.23659e-07 0.83147 -0.55557 -8.30164e-08 0.83147 -0.555571 2.96613e-06 0.831469 -0.707108 1.12487e-08 0.707106 -0.707107 6.26998e-08 0.707107 -0.707101 3.22159e-06 0.707113 -0.707105 5.08008e-06 0.707108 -0.707107 4.30989e-08 0.707107 -0.707107 3.27672e-09 0.707106 -0.707106 2.11625e-07 0.707107 -0.831469 2.49599e-07 0.555571 -0.831469 1.51191e-07 0.555571 -0.83147 -4.63538e-09 0.55557 -0.83147 4.57458e-07 0.55557 -0.83147 2.10798e-07 0.55557 -0.831469 1.87499e-07 0.555571 -0.83147 -4.50266e-09 0.555569 -0.92388 0 0.382683 -0.92388 8.81949e-08 0.382683 -0.923877 1.20404e-06 0.38269 -0.923878 -1.10953e-06 0.382687 -0.92388 5.09543e-08 0.382682 -0.92388 8.18249e-08 0.382684 -0.923879 1.58719e-06 0.382685 -0.980785 2.51002e-07 0.19509 -0.980785 3.1928e-07 0.19509 -0.980784 8.85358e-07 0.195096 -0.980785 1.58088e-06 0.195092 -0.980785 -2.13871e-08 0.195089 -0.980785 -1.5611e-08 0.19509 -0.980785 1.98005e-06 0.195092 -0.995185 -3.22994e-09 0.0980173 -0.995185 2.24066e-08 0.0980173 -0.995185 -1.28862e-07 0.098017 -0.995185 1.00193e-06 0.0980166 -0.995185 7.44554e-09 0.0980165 -0.995185 -8.20495e-09 0.0980195 -0.995185 -7.75489e-07 0.0980192 -0.195091 0 0.980785 -0.195091 0 0.980785 -0.0980171 0 0.995185 -0.0980171 0 0.995185 -0.382683 0 0.92388 -0.382683 0 0.92388 -0.55557 0 0.83147 -0.55557 0 0.83147 -0.707107 0 0.707107 -0.707107 0 0.707107 -0.83147 3.25427e-07 0.55557 -0.83147 0 0.55557 -0.92388 8.70853e-07 0.382683 -0.92388 5.45427e-07 0.382683 -0.19509 6.65981e-08 0.980785 -0.19509 1.06334e-07 0.980785 -0.0980172 0 0.995185 -0.0980172 0 0.995185 -0.382684 -6.65979e-08 0.92388 -0.382684 -6.65976e-08 0.923879 -0.555571 0 0.831469 -0.555571 -3.97352e-08 0.831469 -0.707107 -5.45429e-07 0.707107 -0.707107 -8.70858e-07 0.707107 -0.83147 3.25427e-07 0.55557 -0.83147 -3.25428e-07 0.55557 -0.92388 8.70854e-07 0.382683 -0.92388 5.45427e-07 0.382683 -0.382684 1.31954e-07 0.923879 -0.382684 -6.66652e-10 0.923879 -0.55557 -6.91377e-08 0.83147 -0.55557 -5.54432e-08 0.83147 -0.707107 -3.32897e-07 0.707107 -0.707107 -2.65439e-07 0.707107 -0.831469 -1.65916e-09 0.55557 -0.83147 -1.29627e-09 0.55557 -0.92388 -1.99015e-07 0.382684 -0.92388 -2.49846e-07 0.382684 -0.980785 -2.06866e-07 0.19509 -0.980785 -3.07215e-07 0.19509 -0.995185 -7.25664e-09 0.098017 -0.995185 -1.07803e-07 0.098017 -0.980785 -3.15187e-08 0.195091 -0.980786 1.39007e-07 0.195088 -0.995185 -4.95256e-07 0.0980159 -0.995185 -4.5118e-07 0.098016 -0.980783 0.00187335 0.195094 -0.980625 0.0019567 0.195885 -0.995057 0.00303165 0.0992604 -0.995181 0.00251507 0.098023 -0.995185 4.53029e-05 0.0980173 -0.980784 -0.00127479 0.195092 -0.980565 -0.00267485 0.196176 -0.995177 -0.000206023 0.0980997 -0.979627 -0.000185113 0.200825 -0.980081 -0.0014788 0.198593 -0.994609 -0.00236435 0.103671 -0.994465 -0.000225493 0.105071 -0.978988 9.82594e-09 0.203917 -0.993956 -1.22864e-07 0.109783 -0.980785 -2.75683e-07 0.195091 -0.980785 -2.2091e-08 0.19509 -0.995185 -1.06178e-07 0.0980164 -0.995185 -4.49815e-08 0.0980181 -0.980786 1.51012e-06 0.195089 -0.995185 -6.21193e-07 0.098019 -0.980785 -2.03716e-07 0.19509 -0.980785 -2.31769e-09 0.19509 -0.995185 -6.30363e-07 0.0980156 -0.995185 -2.81608e-07 0.0980171 -0.980785 -1.95786e-07 0.19509 -0.995185 -1.23125e-07 0.0980172 -0.980785 -6.74448e-07 0.19509 -0.995185 1.02352e-07 0.0980177 -0.980785 -1.10589e-07 0.19509 -0.980785 -3.03414e-06 0.19509 -0.995185 1.89504e-06 0.0980163 -0.995185 3.62583e-07 0.0980175 -0.980785 -7.16782e-09 0.19509 -0.995185 2.91586e-07 0.0980167 -0.980785 -4.14246e-07 0.19509 -0.995185 3.8643e-08 0.0980162 -0.980785 -7.14896e-07 0.19509 -0.980785 -3.64739e-07 0.19509 -0.995185 8.06411e-07 0.0980153 -0.995185 -6.46326e-07 0.0980169 -0.980785 -5.72571e-07 0.19509 -0.995185 -1.14058e-06 0.0980172 -0.92388 2.13876e-08 0.382682 -0.923878 4.35977e-07 0.382686 -0.923877 0.00174477 0.382686 -0.923606 0.00171845 0.38334 -0.92388 1.46912e-05 0.382683 -0.923884 2.32618e-05 0.382674 -0.924762 7.33865e-05 0.380546 -0.924375 0.00054031 0.381485 -0.926386 3.32768e-07 0.376576 -0.92388 -5.54344e-07 0.382683 -0.92388 2.91331e-07 0.382682 -0.923879 -1.61122e-06 0.382684 -0.92388 -3.19591e-07 0.382684 -0.923879 1.30138e-06 0.382685 -0.92388 -5.08373e-07 0.382683 -0.923881 6.48953e-08 0.38268 -0.92388 -5.01598e-07 0.382683 -0.923879 -2.18241e-06 0.382685 -0.923879 -3.00136e-07 0.382684 -0.92388 3.62014e-06 0.382682 -0.923879 -4.32524e-07 0.382684 -0.923879 -1.23525e-06 0.382685 -0.923879 0 0.382684 -0.831469 2.69034e-07 0.555571 -0.831468 7.08935e-07 0.555572 -0.831467 0.0012329 0.555573 -0.831199 0.00117075 0.555973 -0.83147 0.000503606 0.55557 -0.831714 0.0010622 0.555203 -0.835304 0.00021965 0.549789 -0.833007 0.00115189 0.553262 -0.839512 1.20625e-07 0.543341 -0.831469 -5.37813e-07 0.555572 -0.831469 1.18282e-07 0.555571 -0.831471 -1.50759e-06 0.555568 -0.831469 -2.02475e-07 0.55557 -0.83147 -2.34087e-07 0.555569 -0.831469 -2.29933e-08 0.55557 -0.831469 -1.64556e-07 0.555572 -0.831469 9.61046e-08 0.555572 -0.83147 1.21821e-06 0.555569 -0.831469 3.28361e-07 0.555572 -0.831473 1.25996e-05 0.555565 -0.83147 4.33562e-08 0.55557 -0.831469 -7.73247e-07 0.555571 -0.83147 6.79722e-08 0.55557 -0.707108 -7.48568e-07 0.707105 -0.707105 3.42462e-07 0.707108 -0.707106 9.47489e-06 0.707107 -0.707092 4.81164e-05 0.707121 -0.707107 0.000471696 0.707107 -0.707387 0.00097194 0.706826 -0.708421 5.83566e-05 0.70579 -0.707731 0.000358947 0.706482 -0.709019 -1.01875e-07 0.705189 -0.707107 9.59901e-07 0.707106 -0.707107 -1.0059e-07 0.707107 -0.707105 3.85807e-06 0.707109 -0.707107 -2.0077e-07 0.707107 -0.707108 -2.28872e-06 0.707105 -0.707107 -4.47657e-07 0.707107 -0.707105 -1.73479e-06 0.707109 -0.707107 2.87569e-07 0.707107 -0.707105 -4.16263e-06 0.707109 -0.707106 6.25704e-07 0.707107 -0.70711 7.30894e-06 0.707104 -0.707107 2.465e-07 0.707106 -0.707105 -1.60971e-06 0.707109 -0.707108 3.74166e-07 0.707106 -0.55557 -1.06488e-06 0.83147 -0.555569 -3.63945e-07 0.831471 -0.555573 -0.00127786 0.831467 -0.556018 -0.00130043 0.831169 -0.55557 -0.000322656 0.83147 -0.555339 -0.000659071 0.831624 -0.55147 -0.000156239 0.834195 -0.553352 -0.00111013 0.832947 -0.546517 0 0.837448 -0.555571 8.1141e-07 0.831469 -0.555571 0 0.831469 -0.555569 2.26075e-06 0.831471 -0.555571 -6.21432e-08 0.831469 -0.55557 -5.71311e-07 0.83147 -0.555571 5.95678e-08 0.831469 -0.55557 8.62181e-07 0.83147 -0.55557 1.56761e-08 0.831469 -0.55557 1.82604e-06 0.83147 -0.55557 -1.58846e-07 0.83147 -0.555568 -3.74847e-06 0.831471 -0.55557 -5.56442e-07 0.83147 -0.555568 -8.17016e-07 0.831471 -0.55557 -1.01471e-06 0.83147 -0.382683 -5.39195e-07 0.92388 -0.382684 -6.2553e-07 0.923879 -0.382685 -0.00173666 0.923877 -0.383344 -0.00172805 0.923604 -0.382681 -0.000486337 0.92388 -0.382309 -0.000963599 0.924034 -0.377532 -0.000176425 0.925996 -0.380993 -0.000760332 0.924578 -0.371724 0 0.928343 -0.382685 2.39938e-07 0.923879 -0.382683 0 0.92388 -0.382681 -1.09815e-06 0.923881 -0.382683 -6.74607e-08 0.92388 -0.382684 1.73827e-08 0.923879 -0.382683 1.27621e-07 0.92388 -0.382686 2.21455e-06 0.923878 -0.382685 -2.14476e-07 0.923879 -0.382683 3.55099e-06 0.92388 -0.382686 -3.91251e-07 0.923878 -0.382678 -1.24724e-06 0.923882 -0.382683 -8.82465e-07 0.92388 -0.382682 1.54771e-06 0.92388 -0.382683 -5.72574e-07 0.92388 -0.382685 -1.36039e-06 0.923879 -0.382685 -1.36039e-06 0.923879 -0.55557 -1.36039e-06 0.83147 -0.55557 -1.36039e-06 0.83147 -0.707107 -1.96241e-06 0.707107 -0.707107 -1.36039e-06 0.707107 -0.83147 -2.52475e-06 0.55557 -0.83147 -2.11875e-06 0.55557 -0.923879 -1.6758e-06 0.382684 -0.923879 -2.47385e-06 0.382684 -0.980785 -1.37316e-06 0.195091 -0.980785 -1.36751e-06 0.195091 -0.995185 -4.76989e-14 0.098017 -0.995185 -1.20538e-06 0.098017 </float_array>
          <technique_common>
            <accessor count="342" offset="0" source="#meshId20-tangents-array" stride="3">
              <param name="X" type="float" />
              <param name="Y" type="float" />
              <param name="Z" type="float" />
            </accessor>
          </technique_common>
        </source>
        <source id="meshId20-bitangents" name="meshId20-bitangents">
          <float_array id="meshId20-bitangents-array" count="1026"> 2.02052e-06 -1 -2.37218e-06 2.02052e-06 -1 -2.37218e-06 2.33015e-06 -1 -2.49128e-06 2.33015e-06 -1 -2.49128e-06 -0.980781 0.00288059 -0.195089 -0.980778 0.0039181 -0.195088 -0.995177 0.00393701 -0.0980147 -0.995181 0.00289443 -0.0980177 0 1 0 -0.0502267 0.998688 -0.0099906 -0.0507216 0.9987 -0.00499569 0 1 0 -0.00850162 0.999963 -0.000837331 -0.00841952 0.999963 -0.00167454 -0.00841954 0.999963 -0.00167441 -0.00850163 0.999964 -0.00083723 0 -1 0 -0.0497328 -0.998751 -0.00489823 -0.0492496 -0.998738 -0.00979677 1.57682e-06 -1 3.13647e-07 -0.00195906 -0.999995 -0.00257304 0.00164907 -0.999999 0.000247862 0.00144705 -0.999997 0.0022199 -0.0021892 -0.999995 -0.00237727 -0.00959985 -0.999954 -0.000945779 0.00959988 -0.999954 0.000944991 0.00950697 -0.999953 0.00189038 -0.00950675 -0.999953 -0.00189167 0.991983 -0.0801463 0.0977005 0.995185 -0 0.0980159 0.980786 -0 0.195089 0.97766 -0.0797644 0.194469 -0.995145 -0.0089671 -0.0980141 -0.995088 -0.0139499 -0.0980074 -0.980691 -0.013883 -0.195071 -0.980746 -0.00892396 -0.195083 -0.379049 -0.924525 -0.0396983 -0.374855 -0.923872 -0.0771019 -0.918778 -0.384264 -0.0904903 -0.918778 -0.384264 -0.0904904 -0.906125 -0.382688 -0.180242 -0.906125 -0.382688 -0.180239 0.993326 -0.0317649 0.110878 0.917841 -0.384252 0.0995872 0.90575 -0.382684 0.182128 0.979769 -0.0316148 0.197619 0.378814 -0.924524 0.0418997 0.375336 -0.92388 0.0746275 -0.379271 -0.924531 -0.0373548 -0.375334 -0.923878 -0.074659 -0.918782 -0.384253 -0.0904921 -0.906128 -0.382681 -0.18024 0.379259 -0.924536 0.0373535 0.37532 -0.923884 0.0746548 0.918785 -0.384246 0.0904911 0.90613 -0.382676 0.180241 -0.379259 -0.924536 -0.0373532 -0.375323 -0.923883 -0.0746579 -0.918785 -0.384246 -0.0904918 -0.906131 -0.382675 -0.180239 -0.906128 0.382682 -0.180239 -0.918778 0.384264 -0.0904913 -0.37531 0.923888 -0.0746539 -0.379272 0.924531 -0.0373554 -0.906137 0.382658 -0.180244 -0.918788 0.384239 -0.0904939 0.99305 1.25899e-07 0.11769 0.979854 6.21134e-08 0.199718 -1.72497e-06 1 1.69895e-07 -1.72497e-06 1 1.69895e-07 -8.54119e-07 1 1.69895e-07 -8.54119e-07 1 1.69895e-07 -1.72498e-06 1 1.69895e-07 -1.08282e-06 1 1.06648e-07 0 1 0 -3.19174e-07 1 6.34876e-08 4.30454e-09 1 -1.03921e-08 -0.0473112 0.998688 -0.0195969 -0.353525 0.923892 -0.146435 -0.853566 0.382653 -0.353555 -0.923875 0.00288055 -0.382682 -0.923873 0.00391804 -0.38268 -0.853555 0.38268 -0.353554 1.3867e-07 1 -2.07535e-07 -0.0425801 0.998688 -0.0284512 -0.318173 0.923888 -0.212596 -0.768185 0.382662 -0.513285 -0.831466 0.00288044 -0.555568 -0.831463 0.00391788 -0.555566 -0.768177 0.382682 -0.513282 7.95402e-09 1 -7.954e-09 -0.0362125 0.998688 -0.0362126 -0.270591 0.923884 -0.270591 -0.653283 0.382677 -0.653283 -0.707104 0.00288066 -0.707104 -0.707101 0.00391802 -0.707102 -0.653282 0.382683 -0.653281 2.07534e-07 1 -1.3867e-07 -0.0284512 0.998688 -0.0425805 -0.212599 0.923886 -0.318177 -0.513282 0.382674 -0.768181 -0.555568 0.00288076 -0.831466 -0.555566 0.00391814 -0.831463 -0.513279 0.382682 -0.768179 0 1 0 -0.0195965 0.998688 -0.0473105 -0.146436 0.923893 -0.353523 -0.35356 0.382666 -0.853558 -0.38268 0.00288065 -0.923876 -0.382681 0.00391805 -0.923872 -0.353554 0.382683 -0.853553 2.46179e-07 1 -4.89679e-08 -0.00998995 0.998688 -0.0502246 -0.0746529 0.923893 -0.375298 -0.180242 0.382667 -0.906134 -0.195088 0.00288063 -0.980781 -0.195089 0.00391801 -0.980778 -0.180241 0.382682 -0.906128 -0.00499528 0.9987 -0.0507179 2.22987e-08 1 -2.19623e-09 -0.0373525 0.924542 -0.379246 -0.0904915 0.384249 -0.918784 -0.0980161 0.00289458 -0.995181 -0.0980187 0.00393696 -0.995177 -0.0904941 0.38426 -0.918779 0 1 0 0 1 0 0 1 0 0 1 0 0 1 0 0 1 0 0 1 0 0 1 0 0 1 0 0 1 0 2.70582e-07 1 -1.80797e-07 0 1 0 8.04564e-07 1 -3.33261e-07 5.03909e-07 1 -2.08726e-07 1.29926e-08 1 -6.53184e-08 2.07446e-08 1 -1.0429e-07 0 1 0 0 1 0 -2.54859e-08 1 6.15284e-08 -2.54858e-08 1 6.15282e-08 0 1 0 -2.20757e-08 1 3.30386e-08 -3.85677e-07 1 3.85677e-07 -6.15789e-07 1 6.15789e-07 2.70582e-07 1 -1.80797e-07 -2.70583e-07 1 1.80798e-07 8.04564e-07 1 -3.33261e-07 5.03909e-07 1 -2.08726e-07 -0.00793143 0.999963 -0.00328545 -0.00793148 0.999963 -0.00328533 -0.00713777 0.999963 -0.00476922 -0.00713776 0.999963 -0.00476924 -0.00607011 0.999963 -0.00606964 -0.00607006 0.999963 -0.00606969 -0.0047692 0.999963 -0.00713761 -0.0047692 0.999963 -0.00713761 -0.0032853 0.999963 -0.0079309 -0.00328535 0.999963 -0.00793088 -0.001675 0.999963 -0.00841976 -0.00167511 0.999963 -0.00841974 -0.000837425 0.999963 -0.00850245 -0.000837525 0.999964 -0.00850244 -0.180241 -0.382686 -0.906126 -0.180238 -0.382686 -0.906127 -0.0904904 -0.384264 -0.918778 -0.0904905 -0.384264 -0.918778 -0.00231013 -0.999995 -0.00201132 -0.0767365 -0.923875 -0.374923 -0.0406193 -0.924521 -0.37896 -0.00273935 -0.999994 -0.00215357 0.000117395 -0.999999 0.00165412 0.00157526 -0.999998 0.00138499 0.0774955 -0.923879 0.374756 0.0375752 -0.924535 0.379241 0.20073 -0.0316154 0.979136 0.184031 -0.382675 0.905369 0.0966161 -0.384246 0.918161 0.105025 -0.0317679 0.993962 0.203917 -2.04668e-09 0.978988 0.109783 1.35704e-08 0.993956 0.19447 -0.0797649 0.97766 0.19509 4.39417e-09 0.980785 0.0980164 1.04576e-08 0.995185 0.0977027 -0.0801484 0.991983 0.180238 -0.382678 0.90613 0.0904939 -0.384258 0.91878 0.00189127 -0.999953 0.00950703 0.0746569 -0.923882 0.375325 0.0373551 -0.924531 0.379273 0.000945822 -0.999953 0.00960022 -0.00189083 -0.999953 -0.00950687 -0.000945398 -0.999953 -0.00960003 -0.0746572 -0.923879 -0.375331 -0.0373554 -0.924531 -0.379273 -0.195072 -0.0138828 -0.980691 -0.180239 -0.382686 -0.906126 -0.0904918 -0.384259 -0.91878 -0.0980079 -0.0139497 -0.995088 -0.195082 -0.0089234 -0.980746 -0.0980127 -0.00896655 -0.995145 -0.18024 -0.38268 -0.906129 -0.0904911 -0.384259 -0.91878 -0.00979581 -0.998738 -0.0492505 -0.0746566 -0.923881 -0.375327 -0.0373551 -0.924531 -0.379273 -0.0048977 -0.998751 -0.0497338 5.61569e-07 -1 -1.11703e-07 1.13509e-06 -1 -1.11797e-07 -0.353552 -0.382684 -0.853554 -0.353556 -0.382684 -0.853552 -0.00253933 -0.999995 -0.00157117 -0.148166 -0.923876 -0.352844 0.00062386 -0.999999 0.00154452 0.14642 -0.923883 0.353556 0.380353 -0.031616 0.924301 0.352255 -0.382683 0.854091 0.376576 -1.3527e-07 0.926386 0.381463 -0.0797646 0.920936 0.382682 -1.20673e-07 0.92388 0.353555 -0.382679 0.853555 0.00370978 -0.999953 0.00895537 0.146444 -0.923882 0.353548 -0.00370891 -0.999953 -0.00895542 -0.146447 -0.923878 -0.353558 -0.382646 -0.0138832 -0.923791 -0.353553 -0.382692 -0.85355 -0.382668 -0.00892352 -0.923843 -0.353554 -0.382677 -0.853556 -0.0192163 -0.998739 -0.0463933 -0.146446 -0.92388 -0.353552 0 -1 0 -0.513281 -0.382682 -0.768178 -0.513282 -0.382682 -0.768177 -0.00237146 -0.999996 -0.00132998 -0.213662 -0.923878 -0.317486 0.000506655 -0.999999 0.00166473 0.211647 -0.923882 0.318822 0.549508 -0.0316153 0.83489 0.510781 -0.38268 0.769843 0.543341 -7.80698e-08 0.839512 0.553802 -0.0797646 0.828819 0.555571 -7.90334e-08 0.831469 0.51328 -0.382678 0.768181 0.0053854 -0.999953 0.00805945 0.212603 -0.923882 0.318184 -0.00538514 -0.999953 -0.00805947 -0.212605 -0.923882 -0.318185 -0.555518 -0.0138831 -0.831389 -0.513279 -0.382684 -0.768178 -0.555549 -0.00892335 -0.831436 -0.513284 -0.382664 -0.768185 -0.0278981 -0.998738 -0.0417524 -0.212603 -0.923883 -0.318183 -5.03113e-07 -1 -6.30616e-07 -0.653279 -0.382685 -0.653282 -0.653282 -0.382685 -0.65328 -0.00172027 -0.999997 -0.00170687 -0.270634 -0.92388 -0.27056 0.000844226 -0.999998 0.0015113 0.269846 -0.923885 0.271331 0.705436 -0.0316154 0.708068 0.652611 -0.382671 0.653959 0.705189 1.01325e-07 0.709019 0.704853 -0.0797656 0.704854 0.707107 1.0059e-07 0.707107 0.653283 -0.38268 0.653282 0.00685397 -0.999953 0.00685368 0.270588 -0.923886 0.270587 -0.00685364 -0.999953 -0.00685427 -0.270587 -0.923886 -0.270587 -0.707038 -0.013883 -0.707039 -0.653282 -0.382686 -0.65328 -0.707079 -0.00892303 -0.707078 -0.65329 -0.382651 -0.653292 -0.0355067 -0.998739 -0.0355064 -0.270581 -0.923889 -0.270582 -1.4014e-06 -1 -8.72248e-07 -0.768176 -0.382688 -0.513279 -0.768177 -0.382688 -0.513278 -0.00130502 -0.999996 -0.00240886 -0.317413 -0.923876 -0.213782 0.00156423 -0.999998 0.000657131 0.318582 -0.923882 0.212009 0.83378 -0.0316148 0.55119 0.769782 -0.382672 0.51088 0.837448 -0 0.546517 0.82882 -0.0797659 0.5538 0.831469 -0 0.555571 0.768178 -0.382684 0.513279 0.00805959 -0.999953 0.00538518 0.318186 -0.923882 0.212604 -0.00805976 -0.999953 -0.0053853 -0.318191 -0.923879 -0.212607 -0.831389 -0.0138828 -0.555517 -0.768178 -0.382684 -0.513279 -0.831437 -0.00892341 -0.555548 -0.768185 -0.382664 -0.513284 -0.0417511 -0.998738 -0.0278978 -0.31818 -0.923884 -0.212601 8.97935e-07 -1 -6.20403e-07 -0.853551 -0.38269 -0.353553 -0.853551 -0.38269 -0.353553 -0.00157436 -0.999996 -0.00253187 -0.352852 -0.923871 -0.148181 0.00172511 -0.999999 0.000188151 0.353962 -0.923875 0.145484 0.925536 -0.031615 0.377338 0.85431 -0.382682 0.351723 0.928343 -0 0.371724 0.920935 -0.0797653 0.381465 0.92388 -0 0.382683 0.853555 -0.382683 0.353551 0.00895553 -0.999953 0.00370942 0.353555 -0.923879 0.146448 -0.00895562 -0.999953 -0.0037094 -0.35356 -0.923877 -0.146448 -0.92379 -0.0138828 -0.382648 -0.853556 -0.382678 -0.353553 -0.923842 -0.00892394 -0.382671 -0.853555 -0.382685 -0.353548 -0.0463918 -0.998739 -0.0192171 -0.353561 -0.923877 -0.146448 2.81844e-06 -1 5.47685e-07 9.60848e-07 -1 -1.07448e-06 9.60848e-07 -1 -1.07448e-06 8.54844e-07 -1 -1.06494e-06 8.54844e-07 -1 -1.06494e-06 1.64035e-06 -1 -1.13492e-06 1.21465e-06 -1 -7.09226e-07 2.29781e-06 -1 -1.10552e-06 1.96023e-06 -1 -8.79954e-07 1.54823e-06 -1 -6.413e-07 2.28554e-06 -1 -9.46701e-07 1.3003e-06 -1 -5.01573e-07 1.29475e-06 -1 -5.0047e-07 -2.3241e-08 -1 -2.35971e-07 1.17634e-06 -1 -3.54119e-07 </float_array>
          <technique_common>
            <accessor count="342" offset="0" source="#meshId20-bitangents-array" stride="3">
              <param name="X" type="float" />
              <param name="Y" type="float" />
              <param name="Z" type="float" />
            </accessor>
          </technique_common>
        </source>
        <source id="meshId20-tex0" name="meshId20-tex0">
          <float_array id="meshId20-tex0-array" count="684"> -0.735874 -1.16086 -0.735804 -1.23394 -0.647796 -1.23394 -0.647778 -1.16086 -0.422541 -1.27904 -0.488378 -1.7754 -0.336469 -1.7754 -0.198088 -1.27904 -0.422457 -1.2568 -0.422518 -1.27374 -0.197714 -1.27374 -0.197638 -1.2568 -0.0572746 -1.8621 -0.292978 -1.8621 -0.292981 -1.9379 -0.0573395 -1.9379 -0.620886 -1.15096 -0.620679 -1.12927 -0.712472 -1.12927 -0.712578 -1.15096 -0.840158 -0.05452 -0.840354 -0.788978 -0.787184 -0.788978 -0.786903 -0.054641 -0.558487 -0.983503 -0.558487 -0.86495 -0.668861 -0.86495 -0.668863 -0.983503 -0.56551 -0.843364 -0.566907 -0.829487 -0.674924 -0.829487 -0.674919 -0.843364 -0.620127 -1.12294 -0.604286 -1.01771 -0.709118 -1.01771 -0.712393 -1.12294 -0.786721 -0.0501585 -0.840146 -0.0499902 -0.783194 -0.0232727 -0.782777 -0.0186827 -0.837403 -0.0186827 -0.837403 -0.0232727 -0.786883 -0.794877 -0.787126 -0.791952 -0.840306 -0.792184 -0.840257 -0.795351 -0.787126 -0.791952 -0.840306 -0.792184 -0.620492 -1.1261 -0.712436 -1.1261 -0.620492 -1.1261 -0.712436 -1.1261 -0.558605 -0.861796 -0.668861 -0.861796 -0.565222 -0.846504 -0.674921 -0.846504 -0.558605 -0.986657 -0.668863 -0.986657 -0.604008 -1.01454 -0.709125 -1.01454 -0.488438 -1.78321 -0.337262 -1.78321 -0.422532 -1.27639 -0.197835 -1.27639 -0.422532 -1.27639 -0.197835 -1.27639 -0.783584 -0.822313 -0.839812 -0.823429 -1.55019 -2.05447 -1.5502 -2.14553 -1.41265 -2.14553 -1.41265 -2.05447 -1.5502 -2.20447 -1.5502 -2.29553 -1.41265 -2.29553 -1.41265 -2.20447 -0.623571 -1.2568 -0.623599 -1.27374 -0.623606 -1.27639 -0.623606 -1.27639 -0.623611 -1.27904 -0.653935 -1.7754 -0.653957 -1.78321 -0.813891 -1.2568 -0.8139 -1.27374 -0.813903 -1.27639 -0.813903 -1.27639 -0.813905 -1.27904 -0.825726 -1.7754 -0.825727 -1.78321 -0.999998 -1.2568 -0.999999 -1.27374 -1 -1.27639 -1 -1.27639 -0.999999 -1.27904 -0.999991 -1.7754 -1 -1.78321 -1.18611 -1.2568 -1.1861 -1.27374 -1.18609 -1.27639 -1.18609 -1.27639 -1.18609 -1.27904 -1.17429 -1.7754 -1.17427 -1.78321 -1.37643 -1.2568 -1.3764 -1.27374 -1.37639 -1.27639 -1.37639 -1.27639 -1.37639 -1.27904 -1.34606 -1.7754 -1.34602 -1.78321 -1.57754 -1.2568 -1.57748 -1.27374 -1.57747 -1.27639 -1.57747 -1.27639 -1.57746 -1.27904 -1.51162 -1.7754 -1.51157 -1.78321 -1.80228 -1.27374 -1.80236 -1.2568 -1.80217 -1.27639 -1.80217 -1.27639 -1.80191 -1.27904 -1.66353 -1.7754 -1.66273 -1.78321 -0.587349 -2.05447 -0.587349 -2.14553 -0.449798 -2.14553 -0.449798 -2.05447 -0.724899 -2.05447 -0.724898 -2.14553 -0.862446 -2.05447 -0.862451 -2.14553 -1 -2.05447 -0.999994 -2.14553 -1.13756 -2.05447 -1.13753 -2.14553 -1.2751 -2.05447 -1.2751 -2.14553 -0.587351 -2.20447 -0.587349 -2.29553 -0.4498 -2.29553 -0.4498 -2.20447 -0.724902 -2.20447 -0.724896 -2.29553 -0.862439 -2.20447 -0.862458 -2.29553 -0.999989 -2.20447 -1.00001 -2.29553 -1.13755 -2.20447 -1.13755 -2.29553 -1.2751 -2.20447 -1.2751 -2.29553 -0.528648 -1.8621 -0.528657 -1.9379 -0.764323 -1.8621 -0.764328 -1.9379 -0.999995 -1.8621 -1 -1.9379 -1.23567 -1.8621 -1.23567 -1.9379 -1.47134 -1.8621 -1.47134 -1.9379 -1.70702 -1.8621 -1.70702 -1.9379 -1.94273 -1.8621 -1.94266 -1.9379 -1.16259 -0.0232727 -1.16259 -0.0186827 -1.21722 -0.0186827 -1.2168 -0.0232727 -1.15983 -0.0545213 -1.15985 -0.0499942 -1.21327 -0.0501666 -1.21309 -0.0546299 -1.21282 -0.788977 -1.15965 -0.788977 -1.15969 -0.792214 -1.21288 -0.791894 -1.15974 -0.795331 -1.15969 -0.792214 -1.21288 -0.791894 -1.21312 -0.794912 -1.16019 -0.82343 -1.21641 -0.822312 -1.32508 -0.843364 -1.32507 -0.829487 -1.43309 -0.829487 -1.43449 -0.843364 -1.32508 -0.846504 -1.43478 -0.846504 -1.33114 -0.86495 -1.33114 -0.861796 -1.44139 -0.861796 -1.44151 -0.864949 -1.33113 -0.983503 -1.44151 -0.983503 -1.33113 -0.986656 -1.44139 -0.986656 -1.29088 -1.01771 -1.29087 -1.01454 -1.39599 -1.01454 -1.39571 -1.01771 -1.2876 -1.12294 -1.37986 -1.12294 -1.28756 -1.1261 -1.3795 -1.1261 -1.28753 -1.12927 -1.28756 -1.1261 -1.3795 -1.1261 -1.37932 -1.12927 -1.28742 -1.15096 -1.37913 -1.15096 -1.10838 -0.0232727 -1.10838 -0.0186827 -1.10656 -0.0544313 -1.10657 -0.0498823 -1.10635 -0.788977 -1.10632 -0.792215 -1.10629 -0.795299 -1.10632 -0.792215 -1.106 -0.823252 -1.2168 -0.843364 -1.2168 -0.829487 -1.2168 -0.846504 -1.22076 -0.86495 -1.22076 -0.861796 -1.22076 -0.983503 -1.22076 -0.986656 -1.19289 -1.01771 -1.19289 -1.01454 -1.19223 -1.12294 -1.19223 -1.1261 -1.19222 -1.12927 -1.19223 -1.1261 -1.1922 -1.15096 -1.05421 -0.0232727 -1.05421 -0.0186827 -1.05328 -0.0543286 -1.05329 -0.0497755 -1.05312 -0.788978 -1.05307 -0.792097 -1.05303 -0.795095 -1.05307 -0.792097 -1.0526 -0.821973 -1.10838 -0.843364 -1.10838 -0.829487 -1.10838 -0.846504 -1.11038 -0.86495 -1.11038 -0.861796 -1.11038 -0.983503 -1.11038 -0.986656 -1.09628 -1.01771 -1.09628 -1.01454 -1.09617 -1.12294 -1.09617 -1.1261 -1.09617 -1.12927 -1.09617 -1.1261 -1.09616 -1.15096 -1 -0.0232727 -1 -0.0186827 -0.999996 -0.0542898 -0.999996 -0.0497437 -0.999999 -0.788978 -0.999998 -0.791987 -0.999998 -0.794924 -0.999998 -0.791987 -0.999998 -0.821328 -0.999998 -0.843364 -0.999999 -0.829487 -0.999999 -0.846504 -0.999999 -0.86495 -0.999999 -0.861796 -0.999997 -0.983503 -0.999997 -0.986657 -0.999999 -1.01771 -0.999999 -1.01454 -0.999999 -1.12294 -0.999999 -1.1261 -0.999999 -1.12927 -0.999999 -1.1261 -0.999997 -1.15096 -0.945789 -0.0232727 -0.94579 -0.0186827 -0.94671 -0.05433 -0.946705 -0.0497768 -0.946877 -0.788978 -0.946923 -0.792058 -0.946968 -0.79512 -0.946923 -0.792058 -0.947397 -0.821972 -0.891622 -0.843364 -0.891622 -0.829487 -0.891622 -0.846504 -0.889618 -0.86495 -0.889618 -0.861796 -0.889622 -0.983503 -0.889623 -0.986657 -0.903713 -1.01771 -0.903713 -1.01454 -0.903826 -1.12294 -0.903827 -1.1261 -0.903829 -1.12927 -0.903827 -1.1261 -0.903833 -1.15096 -0.891615 -0.0232727 -0.891616 -0.0186827 -0.893431 -0.0544246 -0.893425 -0.0498871 -0.893647 -0.788978 -0.893675 -0.792171 -0.893704 -0.795327 -0.893675 -0.792171 -0.893995 -0.823251 -0.7832 -0.843364 -0.783202 -0.829487 -0.7832 -0.846504 -0.779242 -0.86495 -0.779242 -0.861796 -0.779238 -0.983503 -0.779238 -0.986656 -0.807109 -1.01771 -0.807111 -1.01454 -0.807765 -1.12294 -0.807772 -1.1261 -0.807778 -1.12927 -0.807772 -1.1261 -0.807795 -1.15096 -0.823883 -1.16086 -0.823901 -1.23394 -0.911989 -1.16086 -0.9119 -1.23394 -0.999976 -1.16086 -1.00002 -1.23394 -1.08811 -1.16086 -1.088 -1.23394 -1.1761 -1.16086 -1.17611 -1.23394 -1.26418 -1.16086 -1.26413 -1.23394 -1.35222 -1.23394 -1.3522 -1.16086 </float_array>
          <technique_common>
            <accessor count="342" offset="0" source="#meshId20-tex0-array" stride="2">
              <param name="S" type="float" />
              <param name="T" type="float" />
            </accessor>
          </technique_common>
        </source>
        <vertices id="meshId20-vertices">
          <input semantic="POSITION" source="#meshId20-positions" />
        </vertices>
        <polylist count="400" material="defaultMaterial">
          <input offset="0" semantic="VERTEX" source="#meshId20-vertices" />
          <input offset="0" semantic="NORMAL" source="#meshId20-normals" />
          <input offset="0" semantic="TANGENT" source="#meshId20-tangents" />
          <input offset="0" semantic="BINORMAL" source="#meshId20-bitangents" />
          <input offset="0" semantic="TEXCOORD" source="#meshId20-tex0" set="0" />
          <vcount>3 3 3 3 3 3 3 3 3 3 3 3 3 3 3 3 3 3 3 3 3 3 3 3 3 3 3 3 3 3 3 3 3 3 3 3 3 3 3 3 3 3 3 3 3 3 3 3 3 3 3 3 3 3 3 3 3 3 3 3 3 3 3 3 3 3 3 3 3 3 3 3 3 3 3 3 3 3 3 3 3 3 3 3 3 3 3 3 3 3 3 3 3 3 3 3 3 3 3 3 3 3 3 3 3 3 3 3 3 3 3 3 3 3 3 3 3 3 3 3 3 3 3 3 3 3 3 3 3 3 3 3 3 3 3 3 3 3 3 3 3 3 3 3 3 3 3 3 3 3 3 3 3 3 3 3 3 3 3 3 3 3 3 3 3 3 3 3 3 3 3 3 3 3 3 3 3 3 3 3 3 3 3 3 3 3 3 3 3 3 3 3 3 3 3 3 3 3 3 3 3 3 3 3 3 3 3 3 3 3 3 3 3 3 3 3 3 3 3 3 3 3 3 3 3 3 3 3 3 3 3 3 3 3 3 3 3 3 3 3 3 3 3 3 3 3 3 3 3 3 3 3 3 3 3 3 3 3 3 3 3 3 3 3 3 3 3 3 3 3 3 3 3 3 3 3 3 3 3 3 3 3 3 3 3 3 3 3 3 3 3 3 3 3 3 3 3 3 3 3 3 3 3 3 3 3 3 3 3 3 3 3 3 3 3 3 3 3 3 3 3 3 3 3 3 3 3 3 3 3 3 3 3 3 3 3 3 3 3 3 3 3 3 3 3 3 3 3 3 3 3 3 3 3 3 3 3 3 3 3 3 3 3 3 3 3 3 3 3 3 3 3 3 3 3 3 3 3 3 3 3 3 3 3 3 3 3 3 3 3 3 3 3 3 3 3 3 3 3 3 </vcount>
          <p>3 0 1 1 2 3 7 4 5 5 6 7 11 8 9 9 10 11 15 12 13 13 14 15 19 16 17 17 18 19 23 20 21 21 22 23 27 24 25 25 26 27 31 28 29 29 30 31 35 32 33 33 34 35 20 23 36 36 37 20 41 38 39 39 40 41 45 42 43 43 44 45 47 46 22 22 21 47 18 17 48 48 49 18 51 50 32 32 35 51 26 25 52 52 53 26 55 54 28 28 31 55 57 56 24 24 27 57 34 33 58 58 59 34 6 5 60 60 61 6 10 9 62 62 63 10 65 64 4 4 7 65 67 66 42 42 45 67 71 68 69 69 70 71 75 72 73 73 74 75 8 76 77 77 9 8 9 77 78 78 62 9 64 79 80 80 4 64 4 80 81 81 5 4 5 81 82 82 60 5 76 83 84 84 77 76 77 84 85 85 78 77 79 86 87 87 80 79 80 87 88 88 81 80 81 88 89 89 82 81 83 90 91 91 84 83 84 91 92 92 85 84 86 93 94 94 87 86 87 94 95 95 88 87 88 95 96 96 89 88 90 97 98 98 91 90 91 98 99 99 92 91 93 100 101 101 94 93 94 101 102 102 95 94 95 102 103 103 96 95 97 104 105 105 98 97 98 105 106 106 99 98 100 107 108 108 101 100 101 108 109 109 102 101 102 109 110 110 103 102 104 111 112 112 105 104 105 112 113 113 106 105 107 114 115 115 108 107 108 115 116 116 109 108 109 116 117 117 110 109 119 118 112 112 111 119 112 118 120 120 113 112 114 121 122 122 115 114 122 123 116 116 115 122 116 123 124 124 117 116 128 125 126 126 127 128 125 129 130 130 126 125 129 131 132 132 130 129 131 133 134 134 132 131 133 135 136 136 134 133 135 137 138 138 136 135 137 71 70 70 138 137 142 139 140 140 141 142 139 143 144 144 140 139 143 145 146 146 144 143 145 147 148 148 146 145 147 149 150 150 148 147 149 151 152 152 150 149 151 75 74 74 152 151 154 14 13 13 153 154 156 154 153 153 155 156 158 156 155 155 157 158 160 158 157 157 159 160 162 160 159 159 161 162 164 162 161 161 163 164 166 164 163 163 165 166 170 167 168 168 169 170 174 171 172 172 173 174 171 174 175 175 176 171 178 177 176 176 175 178 182 179 180 180 181 182 184 183 179 179 182 184 188 185 186 186 187 188 190 189 185 185 188 190 194 191 192 192 193 194 196 195 191 191 194 196 198 197 195 195 196 198 202 199 200 200 201 202 204 203 199 199 202 204 206 205 203 203 204 206 210 207 208 208 209 210 212 211 207 207 210 212 167 213 214 214 168 167 171 215 216 216 172 171 215 171 176 176 217 215 177 218 217 217 176 177 179 219 220 220 180 179 183 221 219 219 179 183 185 222 223 223 186 185 189 224 222 222 185 189 191 225 226 226 192 191 195 227 225 225 191 195 197 228 227 227 195 197 199 229 230 230 200 199 203 231 229 229 199 203 205 232 231 231 203 205 207 233 234 234 208 207 211 235 233 233 207 211 213 236 237 237 214 213 215 238 239 239 216 215 238 215 217 217 240 238 218 241 240 240 217 218 219 242 243 243 220 219 221 244 242 242 219 221 222 245 246 246 223 222 224 247 245 245 222 224 225 248 249 249 226 225 227 250 248 248 225 227 228 251 250 250 227 228 229 252 253 253 230 229 231 254 252 252 229 231 232 255 254 254 231 232 233 256 257 257 234 233 235 258 256 256 233 235 236 259 260 260 237 236 238 261 262 262 239 238 261 238 240 240 263 261 241 264 263 263 240 241 242 265 266 266 243 242 244 267 265 265 242 244 245 268 269 269 246 245 247 270 268 268 245 247 248 271 272 272 249 248 250 273 271 271 248 250 251 274 273 273 250 251 252 275 276 276 253 252 254 277 275 275 252 254 255 278 277 277 254 255 256 279 280 280 257 256 258 281 279 279 256 258 259 282 283 283 260 259 261 284 285 285 262 261 284 261 263 263 286 284 264 287 286 286 263 264 265 288 289 289 266 265 267 290 288 288 265 267 268 291 292 292 269 268 270 293 291 291 268 270 271 294 295 295 272 271 273 296 294 294 271 273 274 297 296 296 273 274 275 298 299 299 276 275 277 300 298 298 275 277 278 301 300 300 277 278 279 302 303 303 280 279 281 304 302 302 279 281 282 305 306 306 283 282 284 307 308 308 285 284 307 284 286 286 309 307 287 310 309 309 286 287 288 311 312 312 289 288 290 313 311 311 288 290 291 314 315 315 292 291 293 316 314 314 291 293 294 317 318 318 295 294 296 319 317 317 294 296 297 320 319 319 296 297 298 321 322 322 299 298 300 323 321 321 298 300 301 324 323 323 300 301 302 325 326 326 303 302 304 327 325 325 302 304 305 41 40 40 306 305 307 20 37 37 308 307 20 307 309 309 21 20 310 47 21 21 309 310 311 45 44 44 312 311 313 67 45 45 311 313 314 31 30 30 315 314 316 55 31 31 314 316 317 26 53 53 318 317 319 27 26 26 317 319 320 57 27 27 319 320 321 34 59 59 322 321 323 35 34 34 321 323 324 51 35 35 323 324 325 18 49 49 326 325 327 19 18 18 325 327 0 328 329 329 1 0 328 330 331 331 329 328 330 332 333 333 331 330 332 334 335 335 333 332 334 336 337 337 335 334 336 338 339 339 337 336 341 340 339 339 338 341 </p>
        </polylist>
      </mesh>
    </geometry>
    <geometry id="meshId21" name="meshId21_name" >
      <mesh>
        <source id="meshId21-positions" name="meshId21-positions">
          <float_array id="meshId21-positions-array" count="1146"> -0.344303 0.187789 -0.53746 -0.344641 0.186696 -0.53746 -0.341338 0.186696 -0.570993 -0.341007 0.187789 -0.570927 -0.344471 0.189723 -0.53746 -0.344304 0.189182 -0.53746 -0.341008 0.189182 -0.570928 -0.341172 0.189723 -0.57096 -0.340883 0.158076 -0.570903 -0.344177 0.158076 -0.53746 -0.345509 0.156441 -0.53746 -0.342189 0.156441 -0.571163 -0.344178 0.159522 -0.53746 -0.340884 0.159522 -0.570903 -0.341583 0.161157 -0.571042 -0.344891 0.161157 -0.53746 -0.383024 0.190265 -0.53746 -0.345406 0.190265 -0.53746 -0.342089 0.190265 -0.571143 -0.378984 0.190265 -0.578482 -0.448113 -0.190265 -0.53746 -0.448113 -0.190265 -0.53746 -0.172755 -0.190265 -0.812818 -0.172755 -0.190265 -0.812818 -0.635295 0.157408 -0.53746 -0.626407 0.157408 -0.627697 -0.624582 0.155245 -0.627334 -0.633433 0.155245 -0.53746 -0.634131 0.161081 -0.53746 -0.625266 0.161081 -0.62747 -0.626407 0.158929 -0.627697 -0.635295 0.158929 -0.53746 -0.172755 0.187131 -0.99985 -0.172755 0.185487 -0.999136 -0.262823 0.185487 -0.990265 -0.262963 0.187131 -0.990966 -0.172755 0.189395 -0.999493 -0.172755 0.188577 -0.99985 -0.262963 0.188577 -0.990965 -0.262893 0.189395 -0.990615 -0.172755 0.190212 -0.980816 -0.172755 0.190212 -0.998245 -0.262649 0.190212 -0.989391 -0.259249 0.190212 -0.972297 -0.341733 0.190146 -0.571072 -0.345044 0.190146 -0.53746 -0.262795 0.18999 -0.990123 -0.172755 0.18999 -0.998991 -0.37959 0.190009 -0.578602 -0.383643 0.190009 -0.53746 -0.379842 0.18939 -0.578652 -0.383899 0.18939 -0.53746 -0.259129 0.189956 -0.971691 -0.172755 0.189956 -0.980198 -0.259079 0.189338 -0.97144 -0.172755 0.189338 -0.979942 -0.172755 -0.0523446 -0.807991 -0.172755 -0.0545076 -0.806828 -0.225306 -0.0545076 -0.801652 -0.225533 -0.0523446 -0.802793 -0.172755 -0.0486709 -0.806828 -0.172755 -0.0508233 -0.807991 -0.225533 -0.0508233 -0.802793 -0.225306 -0.0486709 -0.801652 -0.172755 -0.022621 -0.807842 -0.172755 -0.0242658 -0.807127 -0.225364 -0.0242658 -0.801945 -0.225504 -0.022621 -0.802647 -0.172755 -0.0195401 -0.807128 -0.172755 -0.0211752 -0.807841 -0.225504 -0.0211752 -0.802646 -0.225364 -0.0195401 -0.801947 -0.172755 0.0525262 -0.807991 -0.172755 0.0503632 -0.806828 -0.225306 0.0503632 -0.801652 -0.225533 0.0525262 -0.802793 -0.172755 0.0561999 -0.806828 -0.172755 0.0540475 -0.807991 -0.225533 0.0540475 -0.802793 -0.225306 0.0561999 -0.801652 -0.172755 0.0822498 -0.807842 -0.172755 0.080605 -0.807127 -0.225364 0.080605 -0.801945 -0.225504 0.0822498 -0.802647 -0.172755 0.0853307 -0.807128 -0.172755 0.0836956 -0.807841 -0.225504 0.0836955 -0.802646 -0.225364 0.0853307 -0.801947 -0.599011 0.161081 -0.714021 -0.600086 0.158929 -0.714466 -0.600086 0.157408 -0.714466 -0.598366 0.155245 -0.713754 -0.556375 0.161081 -0.793787 -0.557343 0.158929 -0.794434 -0.557343 0.157408 -0.794434 -0.555795 0.155245 -0.7934 -0.498997 0.161081 -0.863703 -0.49982 0.158929 -0.864525 -0.49982 0.157408 -0.864525 -0.498504 0.155245 -0.863209 -0.429082 0.161081 -0.921081 -0.429728 0.158929 -0.922048 -0.429728 0.157408 -0.922048 -0.428694 0.155245 -0.9205 -0.349316 0.161081 -0.963716 -0.349761 0.158929 -0.964791 -0.349761 0.157408 -0.964791 -0.349049 0.155245 -0.963072 -0.262765 0.161081 -0.989971 -0.262992 0.158929 -0.991112 -0.262992 0.157408 -0.991112 -0.262629 0.155245 -0.989287 -0.172755 0.161081 -0.998837 -0.172755 0.158929 -1 -0.172755 0.157408 -1 -0.172755 0.155245 -0.998139 -0.443286 -0.0523446 -0.53746 -0.438088 -0.0523446 -0.590238 -0.436947 -0.0545076 -0.590011 -0.442123 -0.0545076 -0.53746 -0.443286 -0.0508233 -0.53746 -0.438088 -0.0508233 -0.590238 -0.442123 -0.0486709 -0.53746 -0.436947 -0.0486709 -0.590011 -0.422693 -0.0523446 -0.640988 -0.421618 -0.0545076 -0.640543 -0.422693 -0.0508233 -0.640988 -0.421618 -0.0486709 -0.640543 -0.397693 -0.0523446 -0.687759 -0.396726 -0.0545076 -0.687113 -0.397693 -0.0508233 -0.687759 -0.396726 -0.0486709 -0.687113 -0.364049 -0.0523446 -0.728755 -0.363227 -0.0545076 -0.727932 -0.364049 -0.0508233 -0.728755 -0.363227 -0.0486709 -0.727932 -0.323054 -0.0523446 -0.762399 -0.322408 -0.0545076 -0.761431 -0.323054 -0.0508233 -0.762399 -0.322408 -0.0486709 -0.761431 -0.276283 -0.0523446 -0.787399 -0.275838 -0.0545076 -0.786324 -0.276283 -0.0508233 -0.787399 -0.275838 -0.0486709 -0.786324 -0.443137 -0.022621 -0.53746 -0.437941 -0.022621 -0.590209 -0.43724 -0.0242658 -0.590069 -0.442422 -0.0242658 -0.53746 -0.443136 -0.0211753 -0.53746 -0.437941 -0.0211753 -0.590209 -0.442423 -0.0195401 -0.53746 -0.437241 -0.0195401 -0.59007 -0.422555 -0.022621 -0.640931 -0.421895 -0.0242658 -0.640657 -0.422555 -0.0211753 -0.64093 -0.421896 -0.0195401 -0.640658 -0.397569 -0.022621 -0.687676 -0.396975 -0.0242658 -0.687279 -0.397569 -0.0211753 -0.687676 -0.396976 -0.0195401 -0.68728 -0.363944 -0.022621 -0.728649 -0.363438 -0.0242658 -0.728143 -0.363943 -0.0211753 -0.728649 -0.363439 -0.0195401 -0.728144 -0.322971 -0.022621 -0.762274 -0.322574 -0.0242658 -0.76168 -0.322971 -0.0211753 -0.762274 -0.322574 -0.0195401 -0.761681 -0.276225 -0.022621 -0.78726 -0.275952 -0.0242658 -0.7866 -0.276225 -0.0211753 -0.78726 -0.275952 -0.0195401 -0.786601 -0.443286 0.0525262 -0.53746 -0.438088 0.0525262 -0.590238 -0.436947 0.0503632 -0.590011 -0.442123 0.0503632 -0.53746 -0.443286 0.0540475 -0.53746 -0.438088 0.0540475 -0.590238 -0.442123 0.0561999 -0.53746 -0.436947 0.0561999 -0.590011 -0.422693 0.0525262 -0.640988 -0.421618 0.0503632 -0.640543 -0.422693 0.0540475 -0.640988 -0.421618 0.0561999 -0.640543 -0.397693 0.0525262 -0.687759 -0.396726 0.0503632 -0.687113 -0.397693 0.0540475 -0.687759 -0.396726 0.0561999 -0.687113 -0.364049 0.0525262 -0.728755 -0.363227 0.0503632 -0.727932 -0.364049 0.0540475 -0.728755 -0.363227 0.0561999 -0.727932 -0.323054 0.0525262 -0.762399 -0.322408 0.0503632 -0.761431 -0.323054 0.0540475 -0.762399 -0.322408 0.0561999 -0.761431 -0.276283 0.0525262 -0.787399 -0.275838 0.0503632 -0.786324 -0.276283 0.0540475 -0.787399 -0.275838 0.0561999 -0.786324 -0.443137 0.0822498 -0.53746 -0.437941 0.0822498 -0.590209 -0.43724 0.080605 -0.590069 -0.442422 0.080605 -0.53746 -0.443136 0.0836955 -0.53746 -0.437941 0.0836955 -0.590209 -0.442423 0.0853307 -0.53746 -0.437241 0.0853307 -0.59007 -0.422555 0.0822498 -0.640931 -0.421895 0.080605 -0.640657 -0.422555 0.0836955 -0.64093 -0.421896 0.0853307 -0.640658 -0.397569 0.0822498 -0.687676 -0.396975 0.080605 -0.687279 -0.397569 0.0836955 -0.687676 -0.396976 0.0853307 -0.68728 -0.363944 0.0822498 -0.728649 -0.363438 0.080605 -0.728143 -0.363943 0.0836955 -0.728649 -0.363439 0.0853307 -0.728144 -0.322971 0.0822498 -0.762274 -0.322574 0.080605 -0.76168 -0.322971 0.0836955 -0.762274 -0.322574 0.0853307 -0.761681 -0.276225 0.0822498 -0.78726 -0.275952 0.080605 -0.7866 -0.276225 0.0836955 -0.78726 -0.275952 0.0853307 -0.786601 -0.635145 0.187131 -0.53746 -0.626261 0.187131 -0.627668 -0.625559 0.185487 -0.627528 -0.63443 0.185487 -0.53746 -0.635145 0.188577 -0.53746 -0.62626 0.188577 -0.627668 -0.634788 0.189395 -0.53746 -0.62591 0.189395 -0.627598 -0.634286 0.18999 -0.53746 -0.625417 0.18999 -0.6275 -0.633539 0.190212 -0.53746 -0.624686 0.190212 -0.627355 -0.616111 0.190212 -0.53746 -0.607592 0.190212 -0.623955 -0.615493 0.189956 -0.53746 -0.606986 0.189956 -0.623834 -0.615236 0.189338 -0.53746 -0.606734 0.189338 -0.623784 -0.599948 0.187131 -0.714409 -0.599287 0.185487 -0.714136 -0.599947 0.188577 -0.714409 -0.599618 0.189395 -0.714272 -0.599154 0.18999 -0.71408 -0.598464 0.190212 -0.713795 -0.582362 0.190212 -0.707125 -0.581791 0.189956 -0.706888 -0.581555 0.189338 -0.70679 -0.557218 0.187131 -0.794351 -0.556624 0.185487 -0.793953 -0.557218 0.188577 -0.79435 -0.556921 0.189395 -0.794152 -0.556504 0.18999 -0.793873 -0.555883 0.190212 -0.793458 -0.541392 0.190212 -0.783776 -0.540878 0.189956 -0.783432 -0.540665 0.189338 -0.78329 -0.499714 0.187131 -0.86442 -0.499209 0.185487 -0.863914 -0.499714 0.188577 -0.864419 -0.499462 0.189395 -0.864167 -0.499106 0.18999 -0.863812 -0.498579 0.190212 -0.863284 -0.486255 0.190212 -0.85096 -0.485818 0.189956 -0.850523 -0.485637 0.189338 -0.850342 -0.429645 0.187131 -0.921924 -0.429248 0.185487 -0.921329 -0.429645 0.188577 -0.921923 -0.429447 0.189395 -0.921627 -0.429167 0.18999 -0.921209 -0.428753 0.190212 -0.920589 -0.41907 0.190212 -0.906097 -0.418727 0.189956 -0.905583 -0.418584 0.189338 -0.90537 -0.349704 0.187131 -0.964653 -0.34943 0.185486 -0.963993 -0.349704 0.188577 -0.964653 -0.349567 0.189395 -0.964323 -0.349375 0.18999 -0.963859 -0.34909 0.190212 -0.96317 -0.34242 0.190212 -0.947068 -0.342183 0.189956 -0.946496 -0.342085 0.189338 -0.94626 -0.172755 0.187789 -0.709008 -0.206222 0.187789 -0.705712 -0.206288 0.186696 -0.706043 -0.172755 0.186696 -0.709346 -0.172755 0.189182 -0.709009 -0.206222 0.189182 -0.705713 -0.172755 0.189723 -0.709176 -0.206255 0.189723 -0.705877 -0.172755 0.190146 -0.709749 -0.206367 0.190146 -0.706439 -0.172755 0.190265 -0.710111 -0.206437 0.190265 -0.706794 -0.172755 0.190265 -0.74773 -0.213776 0.190265 -0.743689 -0.172755 0.190009 -0.748348 -0.213897 0.190009 -0.744296 -0.172755 0.18939 -0.748604 -0.213947 0.18939 -0.744547 -0.238403 0.187789 -0.69595 -0.238533 0.186696 -0.696262 -0.238404 0.189182 -0.695951 -0.238468 0.189723 -0.696105 -0.238687 0.190146 -0.696634 -0.238826 0.190265 -0.696969 -0.253221 0.190265 -0.731724 -0.253458 0.190009 -0.732295 -0.253556 0.18939 -0.732532 -0.268062 0.187789 -0.680097 -0.268249 0.186696 -0.680378 -0.268062 0.189182 -0.680098 -0.268155 0.189723 -0.680237 -0.268474 0.190146 -0.680713 -0.268675 0.190265 -0.681014 -0.289574 0.190265 -0.712293 -0.289918 0.190009 -0.712807 -0.29006 0.18939 -0.71302 -0.294058 0.187789 -0.658763 -0.294296 0.186696 -0.659002 -0.294058 0.189182 -0.658763 -0.294177 0.189723 -0.658882 -0.294582 0.190146 -0.659287 -0.294838 0.190265 -0.659543 -0.321438 0.190265 -0.686143 -0.321875 0.190009 -0.68658 -0.322056 0.18939 -0.686761 -0.315392 0.187789 -0.632767 -0.315673 0.186696 -0.632955 -0.315393 0.189182 -0.632768 -0.315532 0.189723 -0.632861 -0.316008 0.190146 -0.633179 -0.316309 0.190265 -0.63338 -0.347587 0.190265 -0.654279 -0.348102 0.190009 -0.654623 -0.348315 0.18939 -0.654765 -0.331245 0.187789 -0.603109 -0.331557 0.186696 -0.603238 -0.331245 0.189182 -0.603109 -0.3314 0.189723 -0.603173 -0.331929 0.190146 -0.603392 -0.332264 0.190265 -0.603531 -0.367018 0.190265 -0.617927 -0.36759 0.190009 -0.618163 -0.367826 0.18939 -0.618261 -0.172755 0.158076 -0.708882 -0.206198 0.158076 -0.705589 -0.206457 0.156441 -0.706895 -0.172755 0.156441 -0.710214 -0.172755 0.159522 -0.708883 -0.206198 0.159522 -0.705589 -0.172755 0.161157 -0.709596 -0.206337 0.161157 -0.706289 -0.238355 0.158076 -0.695834 -0.238865 0.156441 -0.697064 -0.238355 0.159522 -0.695834 -0.238628 0.161157 -0.696493 -0.267992 0.158076 -0.679993 -0.268732 0.156441 -0.6811 -0.267992 0.159522 -0.679993 -0.268389 0.161157 -0.680586 -0.293969 0.158077 -0.658674 -0.29491 0.156441 -0.659616 -0.293969 0.159522 -0.658674 -0.294473 0.161157 -0.659179 -0.315287 0.158077 -0.632697 -0.316395 0.156441 -0.633437 -0.315288 0.159522 -0.632698 -0.315881 0.161157 -0.633094 -0.331128 0.158076 -0.603061 -0.332359 0.156441 -0.60357 -0.331129 0.159522 -0.603061 -0.331788 0.161157 -0.603334 </float_array>
          <technique_common>
            <accessor count="382" offset="0" source="#meshId21-positions-array" stride="3">
              <param name="X" type="float" />
              <param name="Y" type="float" />
              <param name="Z" type="float" />
            </accessor>
          </technique_common>
        </source>
        <source id="meshId21-normals" name="meshId21-normals">
          <float_array id="meshId21-normals-array" count="1146"> 0.978121 -0.184389 0.0963357 0.951222 -0.293938 0.0936884 0.937081 -0.295188 0.186397 0.977124 -0.086321 0.194362 0.790541 0.60744 0.0778614 0.993919 0.050418 0.0978921 0.971896 0.134334 0.193322 0.73588 0.657936 0.16 0.900577 -0.396976 0.177118 0.955166 -0.280726 0.0940761 0.773227 -0.62954 0.0761565 0.75539 -0.631177 0.176072 0.952867 0.288509 0.093848 0.955042 0.225863 0.192046 0.904433 0.399631 0.149319 0.912888 0.398185 0.0899101 -0.00735553 0.999973 -0.000724463 0.00313555 0.999995 0.000308821 0.00209882 0.999998 0.000346425 -0.00972082 0.99995 -0.0022682 0 -1 0 0 -1 0 0 -1 0 0 -1 0 -0.840786 -0.534996 -0.0828109 -0.874516 -0.45072 -0.17909 -0.748058 -0.652066 -0.123366 -0.755884 -0.650458 -0.0744487 -0.876438 0.473714 -0.0863214 -0.856828 0.475267 -0.199918 -0.93608 0.301795 -0.18076 -0.971351 0.217543 -0.0956705 -0.0938755 -0.287613 -0.953135 -0.0899637 -0.396972 -0.913411 -0.178919 -0.398632 -0.899489 -0.192719 -0.155437 -0.968865 -0.0838604 0.517683 -0.851453 -0.0975686 0.0955666 -0.99063 -0.190058 0.225663 -0.955486 -0.177699 0.544427 -0.819769 0.00137069 0.999902 0.0139168 -0.00120602 0.999924 -0.0122449 -0.00154018 0.999955 -0.00933624 0.00475326 0.999781 0.0203798 0.493235 0.865355 0.0887625 0.453301 0.890239 0.0446458 -0.0988307 0.836513 -0.538961 -0.0455008 0.885723 -0.461979 -0.691802 0.706871 -0.147456 -0.794791 0.601813 -0.0782805 -0.911603 0.382553 -0.150444 -0.920105 0.381044 -0.0906212 0.147337 0.707167 0.691525 0.0782692 0.601958 0.794683 0.15041 0.382525 0.91162 0.0906173 0.381158 0.920058 -0.0911385 -0.368006 -0.925346 -0.0864164 -0.471911 -0.877401 -0.171814 -0.47369 -0.86377 -0.190393 -0.218105 -0.957173 -0.0863218 0.47371 -0.87644 -0.09567 0.217523 -0.971355 -0.18119 0.370702 -0.910906 -0.171625 0.475486 -0.86282 -0.0938762 -0.287589 -0.953142 -0.0899602 -0.39703 -0.913386 -0.178919 -0.398638 -0.899487 -0.192718 -0.155449 -0.968863 -0.0899119 0.398186 -0.912888 -0.0968306 0.155143 -0.983135 -0.186735 0.289517 -0.938781 -0.17882 0.399807 -0.898987 -0.0911386 -0.368005 -0.925346 -0.0864163 -0.471912 -0.8774 -0.171814 -0.473688 -0.86377 -0.190393 -0.218104 -0.957173 -0.0863217 0.473712 -0.876439 -0.09567 0.217523 -0.971355 -0.18119 0.370702 -0.910906 -0.171625 0.475488 -0.862818 -0.093876 -0.287591 -0.953142 -0.0899602 -0.397031 -0.913386 -0.178918 -0.398643 -0.899484 -0.192718 -0.15545 -0.968863 -0.0899121 0.398183 -0.912889 -0.0968307 0.155142 -0.983135 -0.186736 0.289515 -0.938782 -0.178821 0.399801 -0.89899 -0.801353 0.475285 -0.363233 -0.882831 0.301787 -0.359908 -0.822775 -0.450717 -0.346258 -0.709611 -0.652073 -0.266931 -0.715085 0.475302 -0.512584 -0.795648 0.301807 -0.52522 -0.73942 -0.450704 -0.500125 -0.643913 -0.652057 -0.400248 -0.601348 0.475294 -0.642244 -0.677894 0.301809 -0.670351 -0.627639 -0.450714 -0.634765 -0.553455 -0.652058 -0.518178 -0.464498 0.47529 -0.747222 -0.53409 0.301805 -0.789722 -0.491743 -0.45071 -0.745016 -0.441729 -0.652056 -0.616197 -0.309799 0.475281 -0.823488 -0.369761 0.301796 -0.878747 -0.336949 -0.450712 -0.826634 -0.313027 -0.65206 -0.690531 -0.171626 0.475484 -0.862821 -0.181185 0.370776 -0.910877 -0.183702 -0.336671 -0.923529 -0.147878 -0.652259 -0.743432 -0.0863218 0.473719 -0.876435 -0.0956707 0.217534 -0.971353 -0.0828113 -0.534986 -0.840793 -0.0744487 -0.650453 -0.755889 -0.925339 -0.368024 -0.0911376 -0.934246 -0.30097 -0.191316 -0.86905 -0.473513 -0.143313 -0.877398 -0.471916 -0.086417 -0.971356 0.217522 -0.095669 -0.93609 0.301744 -0.180793 -0.876432 0.473725 -0.0863209 -0.856794 0.475317 -0.199946 -0.878972 -0.300966 -0.369903 -0.824386 -0.473524 -0.3101 -0.88283 0.301753 -0.359941 -0.801326 0.475312 -0.363257 -0.789919 -0.30096 -0.534275 -0.748053 -0.473513 -0.464974 -0.795648 0.301745 -0.525257 -0.715064 0.475304 -0.512611 -0.670509 -0.300962 -0.678115 -0.642967 -0.473517 -0.601977 -0.677886 0.301747 -0.670388 -0.601317 0.475306 -0.642263 -0.525333 -0.300951 -0.795898 -0.513175 -0.473507 -0.715851 -0.534076 0.30174 -0.789757 -0.464469 0.475292 -0.747239 -0.359968 -0.30095 -0.883093 -0.363661 -0.4735 -0.802215 -0.369741 0.301735 -0.878776 -0.309765 0.475291 -0.823495 -0.953148 -0.28757 -0.0938785 -0.955214 -0.225122 -0.19206 -0.904953 -0.398471 -0.149268 -0.913372 -0.397064 -0.0899598 -0.98313 0.155173 -0.0968293 -0.955874 0.225602 -0.188173 -0.912885 0.398193 -0.0899094 -0.892696 0.399636 -0.208289 -0.899387 -0.225141 -0.37472 -0.858451 -0.398455 -0.322949 -0.900792 0.22562 -0.371039 -0.834905 0.399642 -0.378444 -0.809001 -0.225138 -0.542983 -0.778951 -0.398456 -0.48422 -0.811095 0.22563 -0.539644 -0.745036 0.399632 -0.534056 -0.687526 -0.225134 -0.690378 -0.669509 -0.398482 -0.626873 -0.690229 0.22564 -0.68751 -0.626528 0.399643 -0.66914 -0.53963 -0.225126 -0.811244 -0.53435 -0.398471 -0.745446 -0.542843 0.225623 -0.80896 -0.483948 0.399637 -0.778514 -0.370995 -0.225129 -0.900932 -0.378656 -0.398459 -0.835375 -0.37459 0.225629 -0.899318 -0.322767 0.399644 -0.857966 -0.925339 -0.368024 -0.0911376 -0.934246 -0.30097 -0.191316 -0.869049 -0.473513 -0.143313 -0.877397 -0.471917 -0.086417 -0.971356 0.217522 -0.095669 -0.93609 0.301744 -0.180793 -0.876433 0.473724 -0.086321 -0.856794 0.475316 -0.199946 -0.878972 -0.300967 -0.369903 -0.824386 -0.473525 -0.3101 -0.88283 0.301752 -0.359941 -0.801326 0.475312 -0.363257 -0.78992 -0.300959 -0.534276 -0.748053 -0.473514 -0.464974 -0.795648 0.301745 -0.525257 -0.715063 0.475306 -0.51261 -0.670509 -0.300961 -0.678115 -0.642967 -0.473515 -0.601977 -0.677886 0.301748 -0.670387 -0.601317 0.475308 -0.642262 -0.525333 -0.30095 -0.795898 -0.513176 -0.473504 -0.715852 -0.534076 0.301742 -0.789756 -0.464468 0.475294 -0.747239 -0.359967 -0.300949 -0.883093 -0.363662 -0.473496 -0.802217 -0.36974 0.301736 -0.878776 -0.309764 0.475293 -0.823494 -0.953147 -0.28757 -0.0938785 -0.955214 -0.225122 -0.192059 -0.904953 -0.398471 -0.149268 -0.913371 -0.397065 -0.0899598 -0.98313 0.155173 -0.0968293 -0.955874 0.225602 -0.188173 -0.912885 0.398193 -0.0899094 -0.892696 0.399636 -0.208289 -0.899386 -0.225142 -0.37472 -0.85845 -0.398458 -0.322949 -0.900792 0.22562 -0.371039 -0.834905 0.399642 -0.378444 -0.809001 -0.225139 -0.542982 -0.77895 -0.398459 -0.484219 -0.811095 0.225629 -0.539644 -0.745036 0.399631 -0.534057 -0.687527 -0.225135 -0.690378 -0.669507 -0.398488 -0.626871 -0.69023 0.225638 -0.687511 -0.626529 0.39964 -0.669141 -0.539631 -0.225127 -0.811244 -0.534349 -0.398478 -0.745444 -0.542843 0.22562 -0.80896 -0.483948 0.399634 -0.778515 -0.370996 -0.225131 -0.900932 -0.378655 -0.398465 -0.835372 -0.374591 0.225627 -0.899319 -0.322767 0.39964 -0.857968 -0.953131 -0.287624 -0.0938749 -0.955201 -0.225163 -0.192076 -0.904958 -0.398451 -0.149291 -0.913373 -0.397062 -0.089958 -0.990631 0.0955501 -0.0975686 -0.966998 0.155887 -0.201531 -0.87478 0.476798 -0.0861588 -0.837148 0.519541 -0.171056 -0.626729 0.776789 -0.0617278 -0.535758 0.836512 -0.114944 -0.0235366 0.99972 -0.00231816 -0.0120838 0.999923 -0.00281912 0.00708269 0.999975 0.000697586 0.013828 0.999902 0.00228229 0.602622 0.795816 0.0593525 0.69529 0.707146 0.128517 0.92008 0.381105 0.0906194 0.899761 0.382588 0.209896 -0.899371 -0.22518 -0.374734 -0.858426 -0.398497 -0.322964 -0.909096 0.155914 -0.38631 -0.787716 0.519497 -0.331099 -0.503043 0.836509 -0.217257 -0.0113017 0.999923 -0.00512241 0.0131175 0.999902 0.0049363 0.656817 0.707189 0.261678 0.841543 0.382537 0.381406 -0.808987 -0.225159 -0.542995 -0.778926 -0.398492 -0.48423 -0.816269 0.155865 -0.556247 -0.707983 0.519503 -0.47841 -0.450984 0.836516 -0.311215 -0.0100856 0.999923 -0.00722919 0.0119024 0.999902 0.00740055 0.593153 0.70718 0.384793 0.750971 0.382517 0.538259 -0.68751 -0.225158 -0.690387 -0.669493 -0.398484 -0.626888 -0.692068 0.155848 -0.704807 -0.601039 0.51952 -0.607332 -0.381612 0.836507 -0.393228 -0.00848141 0.999923 -0.00905797 0.0102306 0.999902 0.00958051 0.506697 0.707167 0.493126 0.631532 0.382517 0.674424 -0.53961 -0.225172 -0.811245 -0.534331 -0.398477 -0.745458 -0.541269 0.155861 -0.826278 -0.471002 0.519529 -0.712914 -0.297563 0.836508 -0.460121 -0.00655064 0.999923 -0.0105377 0.00816427 0.999902 0.0113915 0.400747 0.707184 0.582488 0.487825 0.38251 0.784674 -0.370976 -0.22517 -0.90093 -0.378632 -0.398477 -0.835376 -0.369667 0.15588 -0.915995 -0.322873 0.519516 -0.791111 -0.202079 0.836511 -0.509326 -0.00436917 0.999923 -0.0116131 0.00578466 0.999902 0.0127649 0.279414 0.70717 0.64949 0.325372 0.382495 0.864772 0.0963359 -0.184399 0.978119 0.189484 -0.13431 0.972655 0.155594 -0.295077 0.942719 0.0936871 -0.293897 0.951234 0.0978923 0.0504335 0.993918 0.208445 0.0866137 0.974191 0.0840456 0.514532 0.853342 0.157815 0.609201 0.777154 0.0529696 0.841395 0.537819 0.106751 0.865346 0.489673 0.000611331 0.999981 0.00620696 0.000664429 0.999996 0.00284896 -0.000364947 0.999993 -0.00370539 -0.00115981 0.999975 -0.00703175 -0.0593801 0.795607 -0.602896 -0.128509 0.706877 -0.695564 -0.0906199 0.381103 -0.920081 -0.20987 0.38249 -0.899809 0.375599 -0.134299 0.917 0.336521 -0.29507 0.894252 0.394496 0.0865977 0.914808 0.306407 0.609173 0.731453 0.200224 0.865355 0.459424 0.00120746 0.999996 0.00266459 -0.00250934 0.999975 -0.00667036 -0.261736 0.706879 -0.657128 -0.38139 0.382444 -0.841593 0.54728 -0.134303 0.826104 0.504517 -0.295054 0.811422 0.565387 0.0865819 0.820269 0.443214 0.609184 0.657614 0.286002 0.865359 0.41153 0.0017041 0.999996 0.00237782 -0.00376214 0.999975 -0.00605219 -0.384917 0.706859 -0.593456 -0.53824 0.382476 -0.751006 0.697928 -0.13431 0.703461 0.653125 -0.295049 0.697405 0.71455 0.0865807 0.694206 0.562986 0.609192 0.558508 0.36079 0.865361 0.347824 0.00213524 0.999996 0.00199968 -0.00487042 0.999975 -0.00520173 -0.493295 0.706864 -0.506955 -0.674401 0.382512 -0.63156 0.821757 -0.134307 0.553785 0.776636 -0.295032 0.55659 0.836253 0.086581 0.541465 0.661127 0.609195 0.437942 0.421709 0.865364 0.270752 0.00248455 0.999996 0.00154481 -0.00579163 0.999975 -0.00415161 -0.582715 0.706869 -0.400974 -0.784644 0.382539 -0.487851 0.914003 -0.13432 0.382826 0.870297 -0.29504 0.394379 0.925819 0.0865865 0.367916 0.733851 0.609209 0.300543 0.466444 0.865354 0.183283 0.00273841 0.999996 0.00103053 -0.00649079 0.999975 -0.00294215 -0.64976 0.706851 -0.279594 -0.864733 0.382563 -0.325396 0.0854298 -0.49025 0.867385 0.180998 -0.396986 0.899801 0.126404 -0.631188 0.765261 0.0761547 -0.629565 0.773206 0.0955066 0.224901 0.96969 0.209746 0.184489 0.960193 0.0899115 0.398207 0.912878 0.178818 0.399827 0.898979 0.353064 -0.396982 0.847202 0.273271 -0.631185 0.725898 0.370911 0.225866 0.900783 0.37832 0.39964 0.834962 0.511563 -0.396974 0.762047 0.409643 -0.631169 0.658649 0.539522 0.225847 0.811116 0.533946 0.39963 0.745116 0.650399 -0.396984 0.647599 0.530274 -0.631157 0.566083 0.687396 0.225842 0.690276 0.669049 0.399636 0.626629 0.764241 -0.396986 0.508269 0.630523 -0.631158 0.451754 0.808852 0.225854 0.542907 0.778439 0.399645 0.484061 0.848712 -0.396993 0.349405 0.706531 -0.63117 0.320061 0.899225 0.225862 0.374675 0.857916 0.399649 0.322894 </float_array>
          <technique_common>
            <accessor count="382" offset="0" source="#meshId21-normals-array" stride="3">
              <param name="X" type="float" />
              <param name="Y" type="float" />
              <param name="Z" type="float" />
            </accessor>
          </technique_common>
        </source>
        <source id="meshId21-tangents" name="meshId21-tangents">
          <float_array id="meshId21-tangents-array" count="1146"> -0.0980164 -9.98114e-08 0.995185 -0.0980184 -2.19001e-09 0.995185 -0.195091 -3.3106e-07 0.980785 -0.19509 1.99096e-07 0.980785 -0.0980175 5.75739e-07 0.995185 -0.0980167 -6.74049e-09 0.995185 -0.195091 6.73777e-07 0.980785 -0.205017 -0.00870423 0.97872 -0.193305 -0.000776183 0.981139 -0.0980176 -2.10198e-07 0.995185 -0.0980178 -3.27219e-07 0.995185 -0.214214 0.0160751 0.976654 -0.0980158 -3.44978e-07 0.995185 -0.197036 -0.000458416 0.980396 -0.168077 0.0120871 0.9857 -0.0980155 -2.96671e-09 0.995185 -0.0980178 1.44163e-09 0.995185 -0.0980161 -6.18433e-11 0.995185 -0.195098 6.97076e-05 0.980784 -0.195091 0.000328182 0.980785 1 0 0 1 0 0 1 0 0 1 0 0 -0.098018 9.56032e-08 0.995185 -0.199467 -0.00233633 0.979902 -0.176565 0.0163644 0.984153 -0.0980181 1.87131e-07 0.995185 -0.0980172 -3.88931e-07 0.995185 -0.219904 0.0138561 0.975423 -0.190112 -0.0016483 0.981761 -0.0980179 2.44393e-09 0.995185 -0.995185 -2.09856e-07 0.0980171 -0.995185 2.95767e-09 0.0980177 -0.980785 5.85767e-07 0.19509 -0.980785 -4.58776e-07 0.19509 -0.995185 6.6365e-08 0.0980168 -0.995185 -3.37781e-07 0.0980172 -0.980785 -5.38375e-08 0.19509 -0.978349 -0.00793048 0.206808 -0.995185 1.54796e-09 0.0980171 -0.995185 -1.16407e-10 0.0980171 -0.980785 0.000310839 0.195091 -0.98078 0.000685653 0.195115 -0.190535 0.00791035 0.981649 -0.0980169 3.69873e-07 0.995185 -0.981603 0.00696169 0.190804 -0.995185 3.88576e-08 0.098017 -0.201625 0.00698757 0.979438 -0.0980173 3.81083e-07 0.995185 -0.167592 -0.0116883 0.985787 -0.0980156 5.09059e-07 0.995185 -0.979399 0.0066953 0.201825 -0.995185 -2.19229e-07 0.098017 -0.985793 -0.0117049 0.16756 -0.995185 -5.90243e-07 0.0980168 0.995185 -2.14743e-07 -0.0980169 0.995185 -3.61562e-07 -0.0980169 0.980785 -1.43352e-07 -0.195089 0.980785 3.48807e-07 -0.19509 0.995185 6.11533e-07 -0.0980168 0.995185 2.82013e-07 -0.098017 0.980785 1.34715e-07 -0.19509 0.980785 2.90494e-07 -0.19509 -0.995185 -3.61072e-07 0.0980171 -0.995185 -3.78183e-07 0.0980168 -0.980785 -2.47006e-07 0.19509 -0.980785 -1.29689e-07 0.19509 -0.995185 3.66055e-07 0.0980176 -0.995185 -6.89227e-09 0.0980174 -0.980785 -2.42816e-09 0.19509 -0.980785 -6.22847e-07 0.19509 0.995185 -1.82368e-07 -0.098017 0.995185 -3.6764e-07 -0.0980169 0.980785 -3.29721e-07 -0.19509 0.980785 1.00204e-07 -0.19509 0.995185 -3.41346e-07 -0.0980172 0.995185 -1.92592e-07 -0.098017 0.980785 -2.19185e-07 -0.19509 0.980785 1.29108e-07 -0.19509 -0.995185 -2.74542e-07 0.098017 -0.995185 3.78736e-07 0.0980165 -0.980785 -6.11203e-07 0.19509 -0.980785 -6.28565e-07 0.19509 -0.995185 -1.2534e-06 0.098017 -0.995185 -1.16508e-06 0.0980173 -0.980785 -4.3972e-07 0.195091 -0.980785 -6.12428e-07 0.19509 -0.405975 0.0138561 0.913779 -0.377992 -0.00164835 0.925808 -0.386803 -0.00233659 0.922159 -0.365171 0.0163645 0.930797 -0.576443 0.013856 0.81702 -0.551345 -0.00164869 0.834276 -0.559276 -0.00233652 0.828978 -0.539743 0.0163645 0.841671 -0.724759 0.0138557 0.688863 -0.70351 -0.00164866 0.710683 -0.710255 -0.00233663 0.70394 -0.693574 0.0163638 0.720199 -0.845224 0.0138561 0.534233 -0.82864 -0.00164849 0.55978 -0.83394 -0.00233644 0.55185 -0.820751 0.0163641 0.571051 -0.933207 0.0138563 0.359073 -0.921925 -0.00164818 0.387364 -0.925577 -0.00233647 0.378553 -0.916387 0.0163645 0.399958 -0.980785 -4.61102e-08 0.19509 -0.980785 -1.70275e-07 0.19509 -0.980785 -1.0856e-07 0.195091 -0.980785 4.08698e-07 0.19509 -0.995185 1.18877e-07 0.0980177 -0.995185 2.44382e-09 0.0980179 -0.995185 1.28699e-07 0.0980176 -0.995185 1.89613e-07 0.0980172 0.0980168 -7.91221e-08 -0.995185 0.200105 0.0016576 -0.979773 0.170029 -0.0138368 -0.985342 0.0980181 3.51605e-09 -0.995185 0.0980159 -1.62067e-09 -0.995185 0.190141 0.00163822 -0.981755 0.0980168 -4.32854e-07 -0.995185 0.219933 -0.0138725 -0.975416 0.387405 0.00165719 -0.921908 0.358993 -0.0138367 -0.933238 0.378019 0.00163854 -0.925797 0.406001 -0.0138731 -0.913767 0.559816 0.00165721 -0.828615 0.534161 -0.0138365 -0.84527 0.551369 0.00163831 -0.83426 0.576467 -0.0138731 -0.817003 0.710715 0.0016571 -0.703479 0.688801 -0.013836 -0.724819 0.703531 0.00163866 -0.710663 0.72478 -0.0138735 -0.688841 0.8343 0.00165745 -0.551308 0.816971 -0.0138361 -0.576513 0.828656 0.00163854 -0.559756 0.84524 -0.0138726 -0.534208 0.925824 0.00165738 -0.377951 0.913745 -0.0138355 -0.406053 0.921937 0.00163863 -0.387337 0.933217 -0.013873 -0.359045 -0.0980188 -6.15302e-08 0.995184 -0.197014 -0.000463766 0.980401 -0.167927 0.0121192 0.985725 -0.0980178 0 0.995185 -0.0980166 -1.14236e-07 0.995185 -0.193253 -0.000443042 0.981149 -0.0980152 -2.26797e-08 0.995185 -0.222046 0.0121476 0.974961 -0.384495 -0.000463772 0.923127 -0.357005 0.0121186 0.934024 -0.380954 -0.00044285 0.924594 -0.407986 0.0121474 0.912907 -0.557201 -0.000464044 0.830378 -0.532364 0.0121183 0.846429 -0.554013 -0.000443566 0.832508 -0.578246 0.0121474 0.815772 -0.708493 -0.000464164 0.705718 -0.687266 0.0121197 0.726305 -0.705782 -0.000443485 0.708429 -0.726284 0.0121479 0.687288 -0.832558 -0.000464147 0.553937 -0.815755 0.0121199 0.57827 -0.830428 -0.000443514 0.557125 -0.846411 0.0121488 0.532391 -0.924629 -0.000463274 0.380869 -0.912895 0.0121184 0.408014 -0.923162 -0.000442813 0.384411 -0.934013 0.0121474 0.357034 0.0980168 -7.6421e-08 -0.995185 0.200105 0.0016578 -0.979773 0.170029 -0.0138366 -0.985342 0.0980181 0 -0.995185 0.0980159 -8.2302e-10 -0.995185 0.190141 0.00163833 -0.981755 0.0980168 -4.25794e-07 -0.995185 0.219933 -0.0138725 -0.975416 0.387405 0.00165755 -0.921908 0.358993 -0.0138359 -0.933238 0.378019 0.00163839 -0.925796 0.406 -0.0138733 -0.913767 0.559816 0.00165735 -0.828615 0.53416 -0.0138366 -0.84527 0.551369 0.0016383 -0.83426 0.576467 -0.0138735 -0.817003 0.710715 0.00165736 -0.703479 0.688801 -0.0138354 -0.724819 0.703531 0.00163867 -0.710663 0.72478 -0.0138735 -0.688841 0.8343 0.00165759 -0.551308 0.816971 -0.0138359 -0.576513 0.828656 0.00163859 -0.559756 0.84524 -0.0138726 -0.534208 0.925824 0.00165743 -0.377951 0.913745 -0.0138354 -0.406053 0.921937 0.00163876 -0.387337 0.933217 -0.0138729 -0.359045 -0.0980188 -6.0515e-08 0.995184 -0.197014 -0.000463784 0.980401 -0.167927 0.0121193 0.985725 -0.0980177 5.91672e-09 0.995185 -0.0980166 -3.12787e-07 0.995185 -0.193253 -0.000443236 0.981149 -0.0980153 -3.94694e-07 0.995185 -0.222046 0.0121474 0.974961 -0.384495 -0.000463668 0.923127 -0.357005 0.0121189 0.934024 -0.380954 -0.000442953 0.924594 -0.407986 0.0121472 0.912907 -0.557201 -0.000463818 0.830378 -0.532365 0.0121187 0.846428 -0.554014 -0.000443591 0.832508 -0.578246 0.0121474 0.815772 -0.708493 -0.000464048 0.705718 -0.687266 0.01212 0.726305 -0.705783 -0.000443547 0.708428 -0.726284 0.0121476 0.687288 -0.832558 -0.000464121 0.553937 -0.815755 0.0121201 0.57827 -0.830428 -0.000443676 0.557125 -0.846412 0.0121486 0.532391 -0.924629 -0.000463253 0.380869 -0.912895 0.0121186 0.408014 -0.923162 -0.000442878 0.384411 -0.934013 0.0121475 0.357033 -0.0980168 -6.27779e-08 0.995185 -0.197032 -0.000467969 0.980397 -0.167946 0.0121099 0.985722 -0.0980157 -5.91668e-09 0.995185 -0.0980171 -5.06544e-09 0.995185 -0.203804 0.00143581 0.979011 -0.0980176 1.91772e-07 0.995185 -0.198797 0.0023467 0.980038 -0.0980177 4.58468e-08 0.995185 -0.199362 0.00696224 0.979901 -0.0980177 -1.30688e-10 0.995185 -0.195093 0.000407516 0.980785 -0.0980176 1.17562e-09 0.995185 -0.195079 0.000459161 0.980787 -0.0980164 2.58261e-07 0.995185 -0.188336 0.00669427 0.982082 -0.0980164 -3.1615e-07 0.995185 -0.222441 -0.0117076 0.974876 -0.384512 -0.000468152 0.92312 -0.357025 0.0121107 0.934016 -0.390884 0.00143611 0.920439 -0.386173 0.0023454 0.922423 -0.386699 0.00696243 0.92218 -0.382686 0.000407514 0.923878 -0.382675 0.000459232 0.923883 -0.376312 0.00669072 0.926469 -0.408358 -0.011704 0.912747 -0.557216 -0.000467853 0.830368 -0.532382 0.0121101 0.846418 -0.562941 0.00143526 0.826496 -0.558708 0.00234579 0.829361 -0.559177 0.00696194 0.829019 -0.555573 0.000407562 0.831468 -0.555559 0.000459173 0.831477 -0.549829 0.00669492 0.83525 -0.578578 -0.0117059 0.815543 -0.708505 -0.000468804 0.705705 -0.687281 0.0121117 0.726291 -0.713366 0.00143497 0.70079 -0.709773 0.00234811 0.704427 -0.710168 0.00696084 0.703997 -0.707109 0.00040768 0.707104 -0.707099 0.000459592 0.707114 -0.702212 0.00669428 0.711936 -0.726566 -0.0117058 0.686997 -0.832568 -0.00046761 0.553923 -0.815767 0.0121098 0.578254 -0.836376 0.00143642 0.548154 -0.833562 0.00234503 0.55242 -0.833867 0.00696058 0.551922 -0.831469 0.000407837 0.555571 -0.831465 0.000459517 0.555577 -0.82761 0.00669206 0.561264 -0.846633 -0.0117042 0.532049 -0.924635 -0.000468328 0.380854 -0.912904 0.0121109 0.407995 -0.927245 0.00143586 0.374452 -0.925317 0.00234575 0.379186 -0.925518 0.00696126 0.378639 -0.92388 0.000407602 0.382683 -0.923874 0.000459284 0.382696 -0.921206 0.00669382 0.389019 -0.934162 -0.0117033 0.356657 -0.995185 -4.85762e-08 0.0980168 -0.981534 0.000525753 0.191286 -0.986136 0.00932434 0.165679 -0.995185 0 0.0980158 -0.995185 3.39383e-07 0.098017 -0.977888 0.00124651 0.209125 -0.995185 1.79335e-07 0.0980156 -0.980287 0.00190974 0.197568 -0.995185 1.34184e-09 0.0980155 -0.979841 0.00791394 0.199624 -0.995185 -4.48241e-10 0.098017 -0.980785 9.58523e-05 0.195093 -0.995185 1.24294e-09 0.0980168 -0.980785 0.00023431 0.19509 -0.995185 -1.04288e-07 0.098017 -0.982041 0.00698716 0.188537 -0.995185 1.39007e-07 0.098017 -0.974883 -0.0116863 0.222412 -0.925356 0.000525287 0.379098 -0.934865 0.00932411 0.354881 -0.9183 0.00124608 0.395884 -0.922907 0.00190923 0.385018 -0.922069 0.0079134 0.386946 -0.923879 9.58547e-05 0.382684 -0.923879 0.000234324 0.382685 -0.926391 0.00698513 0.376499 -0.912759 -0.0116825 0.408332 -0.833617 0.00052586 0.552343 -0.847668 0.00932324 0.530444 -0.823422 0.00124581 0.567428 -0.830062 0.00191138 0.557668 -0.82886 0.00791109 0.5594 -0.83147 9.58621e-05 0.555569 -0.831469 0.000234324 0.555571 -0.835138 0.0069879 0.549996 -0.81556 -0.0116861 0.578554 -0.709842 0.000525577 0.70436 -0.727895 0.00932338 0.685625 -0.6969 0.00124606 0.717167 -0.705316 0.0019074 0.708891 -0.703804 0.00791429 0.71035 -0.707106 9.58533e-05 0.707108 -0.707104 0.000234302 0.707109 -0.711793 0.00698699 0.702355 -0.68702 -0.0116869 0.726544 -0.558789 0.000525569 0.82931 -0.580152 0.00932196 0.814455 -0.543597 0.00124629 0.839346 -0.553467 0.00191018 0.832869 -0.551697 0.00791197 0.834007 -0.555569 9.58756e-05 0.83147 -0.555569 0.0002343 0.831471 -0.561094 0.00698602 0.827723 -0.532079 -0.0116874 0.846614 -0.386261 0.000525798 0.922389 -0.41011 0.00932373 0.911988 -0.369403 0.00124623 0.929268 -0.380346 0.00190792 0.924842 -0.378391 0.0079147 0.925612 -0.382681 9.58534e-05 0.92388 -0.382682 0.000234293 0.92388 -0.388831 0.00698629 0.921283 -0.356689 -0.0116881 0.93415 -0.995185 7.89421e-08 0.0980171 -0.980428 -0.000775641 0.196875 -0.984287 0.0160752 0.175841 -0.995185 0 0.0980179 -0.995185 5.61083e-08 0.0980177 -0.977092 0.00338176 0.212788 -0.995185 2.96687e-09 0.0980181 -0.980785 -6.2386e-07 0.19509 -0.923181 -0.000775575 0.384364 -0.931069 0.016076 0.364488 -0.924637 -0.000458171 0.380849 -0.912958 0.0120881 0.407874 -0.830457 -0.00077626 0.557082 -0.842071 0.0160763 0.539127 -0.83257 -0.000458624 0.553919 -0.815844 0.0120884 0.578146 -0.705818 -0.000777262 0.708393 -0.720713 0.0160765 0.693047 -0.708508 -0.000459071 0.705702 -0.687377 0.0120879 0.7262 -0.554055 -0.000776941 0.83248 -0.571658 0.0160755 0.820335 -0.557219 -0.000458439 0.830366 -0.532495 0.0120878 0.846347 -0.381 -0.000775774 0.924575 -0.400635 0.0160747 0.916097 -0.384515 -0.000458231 0.923118 -0.357149 0.0120874 0.933969 </float_array>
          <technique_common>
            <accessor count="382" offset="0" source="#meshId21-tangents-array" stride="3">
              <param name="X" type="float" />
              <param name="Y" type="float" />
              <param name="Z" type="float" />
            </accessor>
          </technique_common>
        </source>
        <source id="meshId21-bitangents" name="meshId21-bitangents">
          <float_array id="meshId21-bitangents-array" count="1146"> -0.183501 -0.982853 -0.0180732 -0.292522 -0.955825 -0.0288113 -0.289516 -0.955439 -0.0575888 -0.0846624 -0.996267 -0.0168402 0.604515 -0.794366 0.0595402 0.0501753 -0.998728 0.0049418 0.131752 -0.990936 0.0262079 0.645328 -0.753023 0.128483 -0.389351 -0.917829 -0.0774363 -0.279374 -0.959788 -0.0275163 -0.626509 -0.776968 -0.0617064 -0.619272 -0.775472 -0.123064 0.28712 -0.957477 0.0282782 0.221523 -0.974159 0.0440653 0.392111 -0.916596 0.0781006 0.396268 -0.917305 0.0390283 0.995157 0.00739112 0.0980151 0.99518 -0.00315072 0.0980156 0.980782 -0.00212608 0.195097 0.980737 0.00997654 0.195079 0 -0 -1 0 -0 -1 0 -0 -1 0 -0 -1 -0.53242 0.844855 -0.0524393 -0.442079 0.892662 -0.0878606 -0.639714 0.757986 -0.127374 -0.647326 0.759542 -0.0637568 0.471433 0.880679 0.0464325 0.466357 0.879733 0.0926406 0.295993 0.953371 0.0589179 0.216496 0.976051 0.0213232 -0.0281912 0.957747 -0.286228 -0.0389103 0.917831 -0.39506 -0.0777685 0.917111 -0.390972 -0.0303247 0.987846 -0.152451 0.0507417 0.855573 0.51519 0.00936684 0.995423 0.0951065 0.0440247 0.974205 0.221327 0.106091 0.838771 0.534049 0.0980075 -0.0139841 0.995087 0.0980097 0.0123042 0.995109 0.195085 0.00945732 0.980741 0.195058 -0.0209155 0.980569 0.848773 -0.501096 0.168783 0.885952 -0.455494 0.0872586 0.163362 0.547903 0.820436 0.0868159 0.464214 0.881458 0.693366 0.707308 0.137689 0.598915 0.798637 0.0589878 0.375357 0.92386 0.0747677 0.379209 0.924557 0.0373477 0.138094 -0.707015 0.693585 0.0590023 -0.798528 0.599059 0.074766 -0.923871 0.375329 0.0373604 -0.92451 0.379322 0.0360706 -0.929823 0.366234 0.046255 -0.881646 0.469639 0.0924118 -0.880692 0.464588 0.0425504 -0.975925 0.213914 -0.046431 -0.880681 -0.471429 -0.0213207 -0.976055 -0.216476 -0.0723201 -0.928752 -0.363579 -0.0927622 -0.879723 -0.466349 -0.028189 0.957754 -0.286204 -0.038916 0.917806 -0.395118 -0.0777704 0.917108 -0.390978 -0.0303267 0.987844 -0.152462 0.0390296 0.917305 0.396269 0.0152067 0.987892 0.154396 0.056482 0.957173 0.283954 0.0779979 0.9166 0.392125 0.0360706 -0.929824 0.366233 0.046255 -0.881646 0.46964 0.0924114 -0.880693 0.464586 0.04255 -0.975925 0.213914 -0.0464322 -0.88068 -0.471431 -0.0213212 -0.976055 -0.216476 -0.0723206 -0.928752 -0.36358 -0.0927629 -0.879722 -0.466352 -0.028189 0.957753 -0.286206 -0.0389152 0.917805 -0.395119 -0.0777716 0.917106 -0.390983 -0.0303273 0.987844 -0.152463 0.0390276 0.917306 0.396266 0.0152055 0.987892 0.154395 0.0564812 0.957174 0.283952 0.0779967 0.916602 0.392119 0.439339 0.879723 0.18185 0.278804 0.953374 0.115528 -0.416442 0.892664 -0.172416 -0.602579 0.757979 -0.249731 0.395433 0.879714 0.264076 0.250924 0.953368 0.167711 -0.374792 0.892671 -0.25034 -0.542267 0.757994 -0.362481 0.336311 0.879718 0.336141 0.213386 0.953367 0.213443 -0.318759 0.892665 -0.318655 -0.461132 0.757993 -0.461307 0.264269 0.87972 0.395291 0.167642 0.953368 0.250968 -0.250465 0.892668 -0.374716 -0.362274 0.757994 -0.542404 0.182071 0.879725 0.439243 0.115457 0.953371 0.278843 -0.17255 0.892667 -0.416381 -0.249496 0.757991 -0.602662 0.0927622 0.879724 0.466348 0.0723347 0.928722 0.363652 -0.0656814 0.941622 -0.330201 -0.127249 0.757997 -0.639726 0.046433 0.880676 0.471438 0.0213222 0.976053 0.216487 -0.052438 0.844861 -0.53241 -0.0637555 0.759546 -0.647321 0.366251 -0.929816 0.0360726 0.295199 -0.953632 0.0586769 0.464589 -0.880678 0.0925358 0.469644 -0.881643 0.0462564 -0.216475 -0.976055 -0.0213206 -0.295943 -0.953387 -0.0589074 -0.471444 -0.880673 -0.0464326 -0.466406 -0.879705 -0.0926518 0.278076 -0.953633 0.115139 0.43762 -0.880672 0.181399 -0.278772 -0.953385 -0.115515 -0.439364 -0.879708 -0.18186 0.250266 -0.953635 0.167173 0.393813 -0.880678 0.263283 -0.250873 -0.953387 -0.167676 -0.395436 -0.879712 -0.264077 0.212844 -0.953635 0.212787 0.334885 -0.880676 0.335055 -0.213342 -0.953387 -0.213399 -0.336321 -0.879711 -0.33615 0.167236 -0.953638 0.250213 0.263079 -0.880681 0.393942 -0.167607 -0.953389 -0.250914 -0.264271 -0.879719 -0.395292 0.115208 -0.953639 0.27803 0.181167 -0.880685 0.43769 -0.115433 -0.95339 -0.278786 -0.182075 -0.879719 -0.439252 -0.286185 0.957759 -0.0281872 -0.220798 0.974331 -0.0439092 -0.390973 0.917101 -0.0778814 -0.395152 0.917791 -0.0389193 0.154426 0.987887 0.0152096 0.221266 0.97422 0.0440217 0.396276 0.917302 0.039029 0.39216 0.916593 0.0778933 -0.208007 0.974326 -0.0861486 -0.368253 0.917108 -0.152653 0.208443 0.974215 0.0863498 0.369433 0.916591 0.152906 -0.187202 0.974327 -0.125072 -0.331396 0.917108 -0.221563 0.187599 0.974213 0.125362 0.332496 0.916595 0.222035 -0.159201 0.974328 -0.159186 -0.281822 0.917096 -0.281977 0.159545 0.974211 0.159559 0.282799 0.91659 0.282643 -0.125082 0.97433 -0.18718 -0.22139 0.917101 -0.331531 0.125341 0.974215 0.187604 0.222221 0.916593 0.332378 -0.0861622 0.974329 -0.207989 -0.152453 0.917106 -0.36834 0.0863361 0.974213 0.208458 0.153108 0.91659 0.369351 0.366252 -0.929816 0.0360726 0.2952 -0.953632 0.0586768 0.464589 -0.880678 0.0925357 0.469645 -0.881643 0.0462564 -0.216475 -0.976055 -0.0213206 -0.295943 -0.953387 -0.0589075 -0.471443 -0.880673 -0.0464325 -0.466405 -0.879706 -0.0926517 0.278077 -0.953633 0.115139 0.437621 -0.880672 0.181398 -0.278771 -0.953385 -0.115514 -0.439364 -0.879708 -0.18186 0.250265 -0.953635 0.167173 0.393813 -0.880678 0.263283 -0.250873 -0.953387 -0.167676 -0.395438 -0.879711 -0.264078 0.212843 -0.953635 0.212786 0.334884 -0.880677 0.335053 -0.213343 -0.953386 -0.2134 -0.336322 -0.87971 -0.336151 0.167235 -0.953638 0.250212 0.263077 -0.880683 0.393939 -0.167608 -0.953388 -0.250915 -0.264272 -0.879718 -0.395293 0.115208 -0.953639 0.27803 0.181165 -0.880688 0.437685 -0.115434 -0.95339 -0.278788 -0.182076 -0.879718 -0.439254 -0.286186 0.957759 -0.0281873 -0.220799 0.97433 -0.0439092 -0.390974 0.917101 -0.0778816 -0.395153 0.917791 -0.0389194 0.154426 0.987887 0.0152098 0.221265 0.97422 0.0440219 0.396276 0.917302 0.0390294 0.39216 0.916593 0.0778935 -0.208009 0.974326 -0.0861491 -0.368255 0.917107 -0.152655 0.208442 0.974215 0.0863498 0.369433 0.916591 0.152907 -0.187202 0.974327 -0.125073 -0.331399 0.917106 -0.221566 0.187598 0.974213 0.125361 0.332495 0.916596 0.222035 -0.159202 0.974328 -0.159187 -0.281826 0.917094 -0.281981 0.159543 0.974211 0.159557 0.282796 0.916592 0.282642 -0.125083 0.974329 -0.187181 -0.221393 0.917098 -0.331537 0.12534 0.974215 0.187602 0.222219 0.916594 0.332376 -0.0861627 0.974328 -0.20799 -0.152456 0.917103 -0.368346 0.0863353 0.974214 0.208456 0.153107 0.916592 0.369348 -0.286239 0.957743 -0.028192 -0.220839 0.974321 -0.0439173 -0.390954 0.91711 -0.0778772 -0.39515 0.917792 -0.0389183 0.09509 0.995425 0.00936555 0.152904 0.987774 0.0303819 0.474502 0.879013 0.0467344 0.509572 0.854442 0.101319 0.773048 0.629761 0.076139 0.820499 0.547905 0.163039 0.994906 0.0236504 0.0979902 0.98071 0.0124016 0.195073 0.995159 -0.00711696 0.0980151 0.98069 -0.0140075 0.195066 0.791984 -0.605538 0.0780032 0.693614 -0.707036 0.137836 0.37927 -0.924531 0.0373543 0.375433 -0.923845 0.074569 -0.208044 0.974317 -0.0861634 -0.368291 0.91709 -0.15267 0.144064 0.98777 0.0596388 0.479972 0.854469 0.198768 0.772924 0.547909 0.319975 0.923809 0.0124017 0.382652 0.92379 -0.0140081 0.382643 0.653438 -0.706993 0.270518 0.353623 -0.923866 0.146362 -0.187219 0.974322 -0.125084 -0.331426 0.917092 -0.221583 0.12962 0.987777 0.0865714 0.431978 0.854465 0.28859 0.695654 0.547899 0.46462 0.831407 0.0124022 0.555526 0.831392 -0.014008 0.55551 0.588096 -0.707002 0.392799 0.31826 -0.923874 0.212525 -0.159219 0.974322 -0.159204 -0.281823 0.917095 -0.281979 0.110228 0.98778 0.110184 0.36739 0.854455 0.36733 0.591636 0.547911 0.591405 0.707053 0.0124022 0.707051 0.70704 -0.0140086 0.707034 0.500157 -0.707015 0.499973 0.270683 -0.923874 0.270531 -0.125107 0.974319 -0.187219 -0.221393 0.917099 -0.331535 0.0866228 0.987778 0.129581 0.28867 0.85445 0.431955 0.46489 0.547911 0.695464 0.555533 0.0124011 0.831402 0.555517 -0.0140075 0.831387 0.393019 -0.706997 0.587955 0.212698 -0.923877 0.318136 -0.0861787 0.974319 -0.208026 -0.152459 0.917098 -0.368357 0.0596847 0.987775 0.144008 0.198849 0.854457 0.47996 0.320282 0.547906 0.7728 0.382658 0.0124012 0.923807 0.382652 -0.0140069 0.923786 0.270755 -0.707012 0.65332 0.14654 -0.923883 0.353504 -0.0180742 -0.982851 -0.183511 -0.026203 -0.990939 -0.13173 -0.0576782 -0.955428 -0.289536 -0.0288066 -0.955837 -0.292482 0.004943 -0.998727 0.0501907 0.0168988 -0.996241 0.0849584 0.0504321 -0.857471 0.512055 0.118874 -0.793014 0.597493 0.0824697 -0.540421 0.837343 0.168869 -0.501112 0.848746 0.0980151 -0.00623699 0.995166 0.195091 -0.00292384 0.980781 0.0980162 0.00372332 0.995178 0.195087 0.0071229 0.98076 0.077983 0.605813 0.791776 0.138133 0.707302 0.693285 0.0373547 0.924533 0.379267 0.074555 0.923886 0.375336 -0.0513943 -0.990941 -0.124077 -0.113053 -0.95543 -0.272713 0.0331427 -0.996243 0.0800142 0.233146 -0.793036 0.562795 0.33121 -0.501096 0.799501 0.382682 -0.00292384 0.923875 0.382677 0.00712289 0.923855 0.270729 0.7073 0.653018 0.146332 0.923905 0.353535 -0.0746157 -0.99094 -0.11167 -0.164075 -0.955435 -0.245405 0.0481071 -0.996244 0.0719978 0.338466 -0.793026 0.506508 0.480826 -0.50109 0.719524 0.555566 -0.00292383 0.831467 0.555558 0.00712235 0.831447 0.392917 0.707321 0.587635 0.212507 0.923892 0.318222 -0.0949723 -0.990939 -0.094972 -0.208795 -0.955437 -0.208675 0.0612278 -0.996244 0.0612285 0.430786 -0.79302 0.430747 0.611956 -0.501087 0.6119 0.707104 -0.00292383 0.707103 0.707092 0.00712208 0.707085 0.500011 0.707315 0.499694 0.270531 0.923877 0.270675 -0.111673 -0.99094 -0.0746172 -0.245479 -0.955442 -0.163923 0.0719965 -0.996244 0.0481074 0.506543 -0.793018 0.338432 0.719577 -0.501082 0.480755 0.831467 -0.00292408 0.555567 0.831451 0.00712208 0.555553 0.587892 0.70731 0.392549 0.318161 0.923865 0.212711 -0.124097 -0.990938 -0.0514021 -0.27275 -0.955439 -0.112885 0.0800036 -0.996244 0.0331391 0.562849 -0.793007 0.23311 0.799531 -0.501099 0.331134 0.923876 -0.00292432 0.38268 0.923857 0.00712262 0.382671 0.653163 0.707328 0.270306 0.353568 0.923855 0.146563 -0.048053 -0.871582 -0.48789 -0.0774586 -0.917824 -0.389357 -0.12329 -0.775463 -0.619238 -0.0617087 -0.776947 -0.626534 0.0220442 -0.974382 0.223818 0.0360101 -0.982829 0.180973 0.0390315 -0.917295 0.39629 0.0780029 -0.916591 0.392144 -0.151929 -0.917826 -0.36676 -0.241729 -0.775466 -0.583284 0.0864336 -0.974158 0.208674 0.15291 -0.916592 0.369428 -0.220556 -0.91783 -0.330067 -0.350868 -0.775479 -0.524903 0.125473 -0.974163 0.187786 0.222037 -0.916597 0.33249 -0.280717 -0.917825 -0.280704 -0.446522 -0.775488 -0.446359 0.159694 -0.974164 0.159696 0.282641 -0.916594 0.282788 -0.330088 -0.917824 -0.220546 -0.525023 -0.775488 -0.35067 0.18779 -0.974161 0.125479 0.332387 -0.91659 0.222219 -0.366779 -0.917821 -0.151913 -0.583358 -0.775478 -0.241511 0.208669 -0.974159 0.0864355 0.369357 -0.916588 0.153104 </float_array>
          <technique_common>
            <accessor count="382" offset="0" source="#meshId21-bitangents-array" stride="3">
              <param name="X" type="float" />
              <param name="Y" type="float" />
              <param name="Z" type="float" />
            </accessor>
          </technique_common>
        </source>
        <source id="meshId21-tex0" name="meshId21-tex0">
          <float_array id="meshId21-tex0-array" count="764"> 1.3785 -0.642501 1.37859 -0.639514 1.28705 -0.639514 1.28705 -0.642501 1.37857 -0.647624 1.37852 -0.646143 1.28706 -0.646143 1.28706 -0.647624 1.26243 -0.598539 1.35012 -0.598539 1.35046 -0.59304 1.26243 -0.59304 1.35012 -0.602309 1.26243 -0.602309 1.26243 -0.60696 1.3503 -0.60696 1.39292 -0.748794 1.37885 -0.65048 1.28708 -0.65048 1.28967 -0.748794 0 0 0 0 0 0 0 0 1.94214 -0.855991 1.70628 -0.855991 1.70629 -0.863427 1.94166 -0.863427 1.94184 -0.84565 1.70629 -0.84565 1.70629 -0.852026 1.94214 -0.852026 0.0738308 -0.826296 0.0740116 -0.830965 0.307676 -0.830965 0.307678 -0.826296 0.0739254 -0.820209 0.0738329 -0.822531 0.307679 -0.822531 0.307679 -0.820209 0.0788217 -0.770776 0.0742467 -0.816154 0.30768 -0.816154 0.307739 -0.770776 1.28708 -0.649484 1.37874 -0.649484 0.307679 -0.818181 0.0740551 -0.818181 1.28967 -0.750543 1.39307 -0.750543 1.28967 -0.752293 1.39314 -0.752293 0.30774 -0.769034 0.0789819 -0.769034 0.30774 -0.767291 0.0790485 -0.767291 1.52513 -0.972116 1.52483 -0.965399 1.39372 -0.965399 1.39372 -0.972116 1.52483 -0.982968 1.52513 -0.976276 1.39372 -0.976276 1.39372 -0.982968 0.474822 -0.901964 0.475005 -0.90687 0.606193 -0.90687 0.606193 -0.901964 0.475005 -0.89313 0.474822 -0.898009 0.606193 -0.898009 0.606193 -0.89313 1.52512 -0.972116 1.52483 -0.965399 1.39372 -0.965399 1.39372 -0.972116 1.52483 -0.982968 1.52512 -0.976276 1.39372 -0.976276 1.39372 -0.982968 0.47482 -0.901964 0.475003 -0.90687 0.606192 -0.90687 0.606192 -0.901964 0.475003 -0.89313 0.47482 -0.89801 0.606192 -0.89801 0.606192 -0.89313 1.47053 -0.84565 1.47053 -0.852026 1.47053 -0.855991 1.47053 -0.863427 1.23521 -0.84565 1.23521 -0.852026 1.23521 -0.855991 1.23521 -0.863427 1 -0.84565 1 -0.852026 1 -0.855991 1 -0.863427 0.764792 -0.84565 0.764791 -0.852027 0.764791 -0.855991 0.764791 -0.863427 0.529471 -0.84565 0.529471 -0.852027 0.529471 -0.855991 0.529471 -0.863427 0.29371 -0.845651 0.29371 -0.852027 0.29371 -0.855991 0.29371 -0.863427 0.0581582 -0.845651 0.0578606 -0.852027 0.0578614 -0.855991 0.0583366 -0.863427 0.474873 -0.972116 0.60628 -0.972116 0.60628 -0.965399 0.475169 -0.965399 0.474872 -0.976276 0.60628 -0.976276 0.47517 -0.982968 0.60628 -0.982968 0.73752 -0.972116 0.73752 -0.965399 0.73752 -0.976276 0.73752 -0.982968 0.86876 -0.972116 0.86876 -0.965399 0.86876 -0.976276 0.86876 -0.982968 1 -0.972116 1 -0.965399 1 -0.976276 1 -0.982968 1.13124 -0.972116 1.13124 -0.965399 1.13124 -0.976276 1.13124 -0.982968 1.26248 -0.972116 1.26248 -0.965399 1.26248 -0.976276 1.26248 -0.982968 1.52518 -0.901964 1.39381 -0.901964 1.39381 -0.90687 1.52499 -0.90687 1.52518 -0.89801 1.39381 -0.89801 1.52499 -0.89313 1.39381 -0.89313 1.26254 -0.901964 1.26254 -0.90687 1.26254 -0.89801 1.26254 -0.89313 1.13127 -0.901964 1.13127 -0.90687 1.13127 -0.89801 1.13127 -0.89313 1 -0.901964 0.999999 -0.90687 0.999999 -0.89801 1 -0.89313 0.868731 -0.901964 0.868731 -0.90687 0.868731 -0.89801 0.868731 -0.89313 0.737462 -0.901964 0.737462 -0.90687 0.737462 -0.898009 0.737462 -0.89313 0.474877 -0.972116 0.606283 -0.972116 0.606283 -0.965399 0.475174 -0.965399 0.474877 -0.976276 0.606283 -0.976276 0.475174 -0.982968 0.606283 -0.982968 0.737522 -0.972116 0.737522 -0.965399 0.737522 -0.976276 0.737522 -0.982968 0.868761 -0.972116 0.868761 -0.965399 0.868761 -0.976276 0.868761 -0.982968 1 -0.972116 1 -0.965399 1 -0.976276 1 -0.982968 1.13124 -0.972116 1.13124 -0.965399 1.13124 -0.976276 1.13124 -0.982968 1.26248 -0.972116 1.26248 -0.965399 1.26248 -0.976276 1.26248 -0.982968 1.52518 -0.901964 1.39381 -0.901964 1.39381 -0.90687 1.525 -0.90687 1.52518 -0.89801 1.39381 -0.89801 1.525 -0.89313 1.39381 -0.89313 1.26254 -0.901964 1.26254 -0.90687 1.26254 -0.89801 1.26254 -0.89313 1.13127 -0.901964 1.13127 -0.90687 1.13127 -0.89801 1.13127 -0.89313 1 -0.901964 1 -0.90687 1 -0.89801 1 -0.89313 0.86873 -0.901964 0.86873 -0.90687 0.86873 -0.89801 0.86873 -0.89313 0.737461 -0.901964 0.737461 -0.90687 0.737461 -0.89801 0.737461 -0.89313 1.92617 -0.826296 1.69232 -0.826296 1.69232 -0.830965 1.92599 -0.830965 1.92617 -0.822531 1.69232 -0.822531 1.92607 -0.820209 1.69232 -0.820209 1.92594 -0.818181 1.69232 -0.818181 1.92575 -0.816154 1.69232 -0.816154 1.92118 -0.770776 1.69226 -0.770776 1.92102 -0.769034 1.69226 -0.769034 1.92095 -0.767292 1.69226 -0.767291 1.46159 -0.826295 1.46159 -0.830965 1.46159 -0.822531 1.46159 -0.820209 1.46159 -0.818181 1.46159 -0.816154 1.46158 -0.770776 1.46158 -0.769034 1.46158 -0.767291 1.23067 -0.826295 1.23067 -0.830965 1.23067 -0.822531 1.23067 -0.820209 1.23067 -0.818181 1.23067 -0.816154 1.23068 -0.770776 1.23068 -0.769034 1.23068 -0.767291 1 -0.826296 1 -0.830965 1 -0.822531 1 -0.820209 1 -0.818181 1 -0.816154 1 -0.770776 1 -0.769034 1 -0.767291 0.769326 -0.826296 0.769326 -0.830965 0.769326 -0.822531 0.769325 -0.820209 0.769325 -0.818181 0.769325 -0.816154 0.769321 -0.770776 0.769321 -0.769034 0.769321 -0.767291 0.538413 -0.826296 0.538413 -0.830965 0.538413 -0.822531 0.538413 -0.820209 0.538414 -0.818181 0.538414 -0.816154 0.538418 -0.770776 0.538418 -0.769034 0.538418 -0.767291 0.621496 -0.642501 0.712952 -0.642501 0.712953 -0.639514 0.62141 -0.639514 0.621481 -0.646143 0.712942 -0.646143 0.621426 -0.647624 0.712935 -0.647624 0.621257 -0.649484 0.712923 -0.649484 0.621151 -0.65048 0.712915 -0.65048 0.60708 -0.748794 0.710327 -0.748794 0.606925 -0.750543 0.710329 -0.750543 0.606861 -0.752293 0.71033 -0.752293 0.80815 -0.642501 0.808148 -0.639514 0.808153 -0.646143 0.808153 -0.647624 0.808153 -0.649484 0.808152 -0.65048 0.807674 -0.748794 0.807675 -0.750543 0.807675 -0.752293 0.904021 -0.642501 0.904022 -0.639514 0.904018 -0.646143 0.904017 -0.647624 0.904016 -0.649484 0.904015 -0.65048 0.903934 -0.748794 0.903934 -0.750543 0.903934 -0.752293 1 -0.642501 1 -0.639514 1 -0.646143 1 -0.647624 1 -0.649484 1 -0.65048 1 -0.748794 1 -0.750543 1 -0.752293 1.09598 -0.642501 1.09598 -0.639514 1.09598 -0.646143 1.09598 -0.647624 1.09598 -0.649484 1.09598 -0.65048 1.09607 -0.748794 1.09607 -0.750543 1.09607 -0.752293 1.19185 -0.642501 1.19185 -0.639514 1.19185 -0.646143 1.19185 -0.647624 1.19185 -0.649484 1.19185 -0.65048 1.19233 -0.748794 1.19232 -0.750543 1.19232 -0.752293 0.649875 -0.598539 0.737567 -0.598539 0.737566 -0.59304 0.649533 -0.59304 0.649875 -0.602309 0.737567 -0.602309 0.649694 -0.60696 0.737568 -0.60696 0.825245 -0.598539 0.825247 -0.59304 0.825245 -0.602309 0.825246 -0.60696 0.912282 -0.598539 0.912282 -0.59304 0.91228 -0.602309 0.912277 -0.60696 1 -0.598539 1 -0.59304 1 -0.602309 0.999999 -0.60696 1.08772 -0.598539 1.08772 -0.59304 1.08772 -0.602309 1.08772 -0.60696 1.17475 -0.598539 1.17475 -0.59304 1.17475 -0.602309 1.17475 -0.60696 </float_array>
          <technique_common>
            <accessor count="382" offset="0" source="#meshId21-tex0-array" stride="2">
              <param name="S" type="float" />
              <param name="T" type="float" />
            </accessor>
          </technique_common>
        </source>
        <vertices id="meshId21-vertices">
          <input semantic="POSITION" source="#meshId21-positions" />
        </vertices>
        <polylist count="546" material="defaultMaterial">
          <input offset="0" semantic="VERTEX" source="#meshId21-vertices" />
          <input offset="0" semantic="NORMAL" source="#meshId21-normals" />
          <input offset="0" semantic="TANGENT" source="#meshId21-tangents" />
          <input offset="0" semantic="BINORMAL" source="#meshId21-bitangents" />
          <input offset="0" semantic="TEXCOORD" source="#meshId21-tex0" set="0" />
          <vcount>3 3 3 3 3 3 3 3 3 3 3 3 3 3 3 3 3 3 3 3 3 3 3 3 3 3 3 3 3 3 3 3 3 3 3 3 3 3 3 3 3 3 3 3 3 3 3 3 3 3 3 3 3 3 3 3 3 3 3 3 3 3 3 3 3 3 3 3 3 3 3 3 3 3 3 3 3 3 3 3 3 3 3 3 3 3 3 3 3 3 3 3 3 3 3 3 3 3 3 3 3 3 3 3 3 3 3 3 3 3 3 3 3 3 3 3 3 3 3 3 3 3 3 3 3 3 3 3 3 3 3 3 3 3 3 3 3 3 3 3 3 3 3 3 3 3 3 3 3 3 3 3 3 3 3 3 3 3 3 3 3 3 3 3 3 3 3 3 3 3 3 3 3 3 3 3 3 3 3 3 3 3 3 3 3 3 3 3 3 3 3 3 3 3 3 3 3 3 3 3 3 3 3 3 3 3 3 3 3 3 3 3 3 3 3 3 3 3 3 3 3 3 3 3 3 3 3 3 3 3 3 3 3 3 3 3 3 3 3 3 3 3 3 3 3 3 3 3 3 3 3 3 3 3 3 3 3 3 3 3 3 3 3 3 3 3 3 3 3 3 3 3 3 3 3 3 3 3 3 3 3 3 3 3 3 3 3 3 3 3 3 3 3 3 3 3 3 3 3 3 3 3 3 3 3 3 3 3 3 3 3 3 3 3 3 3 3 3 3 3 3 3 3 3 3 3 3 3 3 3 3 3 3 3 3 3 3 3 3 3 3 3 3 3 3 3 3 3 3 3 3 3 3 3 3 3 3 3 3 3 3 3 3 3 3 3 3 3 3 3 3 3 3 3 3 3 3 3 3 3 3 3 3 3 3 3 3 3 3 3 3 3 3 3 3 3 3 3 3 3 3 3 3 3 3 3 3 3 3 3 3 3 3 3 3 3 3 3 3 3 3 3 3 3 3 3 3 3 3 3 3 3 3 3 3 3 3 3 3 3 3 3 3 3 3 3 3 3 3 3 3 3 3 3 3 3 3 3 3 3 3 3 3 3 3 3 3 3 3 3 3 3 3 3 3 3 3 3 3 3 3 3 3 3 3 3 3 3 3 3 3 3 3 3 3 3 3 3 3 3 3 3 3 3 3 3 3 3 3 3 3 3 3 3 3 3 3 3 3 3 3 3 3 3 3 3 3 3 3 3 3 3 3 3 3 3 3 3 3 3 3 3 3 3 3 3 </vcount>
          <p>0 1 2 2 3 0 4 5 6 6 7 4 5 0 3 3 6 5 8 9 10 10 11 8 12 13 14 14 15 12 13 12 9 9 8 13 16 17 18 18 19 16 20 21 22 22 23 20 24 25 26 26 27 24 28 29 30 30 31 28 31 30 25 25 24 31 32 33 34 34 35 32 36 37 38 38 39 36 37 32 35 35 38 37 40 41 42 42 43 40 4 7 44 44 45 4 45 44 18 18 17 45 36 39 46 46 47 36 47 46 42 42 41 47 16 19 48 48 49 16 49 48 50 50 51 49 40 43 52 52 53 40 53 52 54 54 55 53 56 57 58 58 59 56 60 61 62 62 63 60 61 56 59 59 62 61 64 65 66 66 67 64 68 69 70 70 71 68 69 64 67 67 70 69 72 73 74 74 75 72 76 77 78 78 79 76 77 72 75 75 78 77 80 81 82 82 83 80 84 85 86 86 87 84 85 80 83 83 86 85 29 88 89 89 30 29 30 89 90 90 25 30 25 90 91 91 26 25 88 92 93 93 89 88 89 93 94 94 90 89 90 94 95 95 91 90 92 96 97 97 93 92 93 97 98 98 94 93 94 98 99 99 95 94 96 100 101 101 97 96 97 101 102 102 98 97 98 102 103 103 99 98 100 104 105 105 101 100 101 105 106 106 102 101 102 106 107 107 103 102 104 108 109 109 105 104 105 109 110 110 106 105 106 110 111 111 107 106 112 113 109 109 108 112 113 114 110 110 109 113 114 115 111 111 110 114 116 117 118 118 119 116 120 121 117 117 116 120 122 123 121 121 120 122 117 124 125 125 118 117 121 126 124 124 117 121 123 127 126 126 121 123 124 128 129 129 125 124 126 130 128 128 124 126 127 131 130 130 126 127 128 132 133 133 129 128 130 134 132 132 128 130 131 135 134 134 130 131 132 136 137 137 133 132 134 138 136 136 132 134 135 139 138 138 134 135 136 140 141 141 137 136 138 142 140 140 136 138 139 143 142 142 138 139 140 59 58 58 141 140 142 62 59 59 140 142 143 63 62 62 142 143 144 145 146 146 147 144 148 149 145 145 144 148 150 151 149 149 148 150 145 152 153 153 146 145 149 154 152 152 145 149 151 155 154 154 149 151 152 156 157 157 153 152 154 158 156 156 152 154 155 159 158 158 154 155 156 160 161 161 157 156 158 162 160 160 156 158 159 163 162 162 158 159 160 164 165 165 161 160 162 166 164 164 160 162 163 167 166 166 162 163 164 168 169 169 165 164 166 170 168 168 164 166 167 171 170 170 166 167 168 67 66 66 169 168 170 70 67 67 168 170 171 71 70 70 170 171 172 173 174 174 175 172 176 177 173 173 172 176 178 179 177 177 176 178 173 180 181 181 174 173 177 182 180 180 173 177 179 183 182 182 177 179 180 184 185 185 181 180 182 186 184 184 180 182 183 187 186 186 182 183 184 188 189 189 185 184 186 190 188 188 184 186 187 191 190 190 186 187 188 192 193 193 189 188 190 194 192 192 188 190 191 195 194 194 190 191 192 196 197 197 193 192 194 198 196 196 192 194 195 199 198 198 194 195 196 75 74 74 197 196 198 78 75 75 196 198 199 79 78 78 198 199 200 201 202 202 203 200 204 205 201 201 200 204 206 207 205 205 204 206 201 208 209 209 202 201 205 210 208 208 201 205 207 211 210 210 205 207 208 212 213 213 209 208 210 214 212 212 208 210 211 215 214 214 210 211 212 216 217 217 213 212 214 218 216 216 212 214 215 219 218 218 214 215 216 220 221 221 217 216 218 222 220 220 216 218 219 223 222 222 218 219 220 224 225 225 221 220 222 226 224 224 220 222 223 227 226 226 222 223 224 83 82 82 225 224 226 86 83 83 224 226 227 87 86 86 226 227 228 229 230 230 231 228 232 233 229 229 228 232 234 235 233 233 232 234 235 234 236 236 237 235 237 236 238 238 239 237 240 241 239 239 238 240 241 240 242 242 243 241 243 242 244 244 245 243 229 246 247 247 230 229 233 248 246 246 229 233 235 249 248 248 233 235 249 235 237 237 250 249 250 237 239 239 251 250 241 252 251 251 239 241 252 241 243 243 253 252 253 243 245 245 254 253 246 255 256 256 247 246 248 257 255 255 246 248 249 258 257 257 248 249 258 249 250 250 259 258 259 250 251 251 260 259 252 261 260 260 251 252 261 252 253 253 262 261 262 253 254 254 263 262 255 264 265 265 256 255 257 266 264 264 255 257 258 267 266 266 257 258 267 258 259 259 268 267 268 259 260 260 269 268 261 270 269 269 260 261 270 261 262 262 271 270 271 262 263 263 272 271 264 273 274 274 265 264 266 275 273 273 264 266 267 276 275 275 266 267 276 267 268 268 277 276 277 268 269 269 278 277 270 279 278 278 269 270 279 270 271 271 280 279 280 271 272 272 281 280 273 282 283 283 274 273 275 284 282 282 273 275 276 285 284 284 275 276 285 276 277 277 286 285 286 277 278 278 287 286 279 288 287 287 278 279 288 279 280 280 289 288 289 280 281 281 290 289 282 35 34 34 283 282 284 38 35 35 282 284 285 39 38 38 284 285 39 285 286 286 46 39 46 286 287 287 42 46 288 43 42 42 287 288 43 288 289 289 52 43 52 289 290 290 54 52 291 292 293 293 294 291 295 296 292 292 291 295 297 298 296 296 295 297 298 297 299 299 300 298 300 299 301 301 302 300 303 304 302 302 301 303 304 303 305 305 306 304 306 305 307 307 308 306 292 309 310 310 293 292 296 311 309 309 292 296 298 312 311 311 296 298 312 298 300 300 313 312 313 300 302 302 314 313 304 315 314 314 302 304 315 304 306 306 316 315 316 306 308 308 317 316 309 318 319 319 310 309 311 320 318 318 309 311 312 321 320 320 311 312 321 312 313 313 322 321 322 313 314 314 323 322 315 324 323 323 314 315 324 315 316 316 325 324 325 316 317 317 326 325 318 327 328 328 319 318 320 329 327 327 318 320 321 330 329 329 320 321 330 321 322 322 331 330 331 322 323 323 332 331 324 333 332 332 323 324 333 324 325 325 334 333 334 325 326 326 335 334 327 336 337 337 328 327 329 338 336 336 327 329 330 339 338 338 329 330 339 330 331 331 340 339 340 331 332 332 341 340 333 342 341 341 332 333 342 333 334 334 343 342 343 334 335 335 344 343 336 345 346 346 337 336 338 347 345 345 336 338 339 348 347 347 338 339 348 339 340 340 349 348 349 340 341 341 350 349 342 351 350 350 341 342 351 342 343 343 352 351 352 343 344 344 353 352 345 3 2 2 346 345 347 6 3 3 345 347 348 7 6 6 347 348 7 348 349 349 44 7 44 349 350 350 18 44 351 19 18 18 350 351 19 351 352 352 48 19 48 352 353 353 50 48 354 355 356 356 357 354 358 359 355 355 354 358 358 360 361 361 359 358 355 362 363 363 356 355 359 364 362 362 355 359 364 359 361 361 365 364 362 366 367 367 363 362 364 368 366 366 362 364 368 364 365 365 369 368 366 370 371 371 367 366 368 372 370 370 366 368 372 368 369 369 373 372 370 374 375 375 371 370 372 376 374 374 370 372 376 372 373 373 377 376 374 378 379 379 375 374 376 380 378 378 374 376 380 376 377 377 381 380 378 8 11 11 379 378 380 13 8 8 378 380 13 380 381 381 14 13 </p>
        </polylist>
      </mesh>
    </geometry>
    <geometry id="meshId22" name="meshId22_name" >
      <mesh>
        <source id="meshId22-positions" name="meshId22-positions">
          <float_array id="meshId22-positions-array" count="81"> -0.441484 0.143728 -0.53746 -0.43632 0.143728 -0.589886 -0.43632 -0.113683 -0.589886 -0.441484 -0.113683 -0.53746 -0.437423 0.146442 -0.590106 -0.442608 0.146442 -0.53746 -0.422067 0.146442 -0.640728 -0.421028 0.143728 -0.640298 -0.421028 -0.113683 -0.640298 -0.397129 0.146442 -0.687383 -0.396195 0.143728 -0.686758 -0.396195 -0.113683 -0.686758 -0.36357 0.146442 -0.728275 -0.362775 0.143728 -0.72748 -0.362775 -0.113683 -0.72748 -0.322677 0.146442 -0.761835 -0.322053 0.143728 -0.7609 -0.322053 -0.113683 -0.7609 -0.276023 0.146442 -0.786772 -0.275593 0.143728 -0.785733 -0.275593 -0.113683 -0.785733 -0.225401 0.146442 -0.802128 -0.225181 0.143728 -0.801025 -0.225181 -0.113683 -0.801025 -0.172755 0.146442 -0.807313 -0.172755 0.143728 -0.806189 -0.172755 -0.113683 -0.806189 </float_array>
          <technique_common>
            <accessor count="27" offset="0" source="#meshId22-positions-array" stride="3">
              <param name="X" type="float" />
              <param name="Y" type="float" />
              <param name="Z" type="float" />
            </accessor>
          </technique_common>
        </source>
        <source id="meshId22-normals" name="meshId22-normals">
          <float_array id="meshId22-normals-array" count="81"> -0.995175 -0.00441189 -0.0980174 -0.980775 -0.0044333 -0.195089 -0.980785 0 -0.195091 -0.995185 0 -0.0980184 -0.906131 -0.382674 -0.180241 -0.920083 -0.381098 -0.0906205 -0.853556 -0.382677 -0.353554 -0.92387 -0.00443333 -0.38268 -0.923879 0 -0.382684 -0.768176 -0.382683 -0.513284 -0.831461 -0.00443336 -0.555566 -0.831469 0 -0.555571 -0.65328 -0.382686 -0.653282 -0.7071 -0.00443342 -0.7071 -0.707107 0 -0.707106 -0.51328 -0.382684 -0.768178 -0.555565 -0.00443341 -0.831461 -0.555571 0 -0.831469 -0.353553 -0.382683 -0.853554 -0.382679 -0.00443341 -0.923871 -0.382683 0 -0.92388 -0.180242 -0.382683 -0.906127 -0.195088 -0.00443342 -0.980776 -0.19509 0 -0.980785 -0.0906203 -0.381108 -0.920079 -0.0980162 -0.00441206 -0.995175 -0.0980172 0 -0.995185 </float_array>
          <technique_common>
            <accessor count="27" offset="0" source="#meshId22-normals-array" stride="3">
              <param name="X" type="float" />
              <param name="Y" type="float" />
              <param name="Z" type="float" />
            </accessor>
          </technique_common>
        </source>
        <source id="meshId22-tangents" name="meshId22-tangents">
          <float_array id="meshId22-tangents-array" count="81"> -0.0980184 -3.07325e-09 0.995185 -0.195091 -3.31652e-09 0.980785 -0.195091 0 0.980785 -0.0980184 0 0.995185 -0.195091 -5.59267e-08 0.980785 -0.0980175 7.44411e-08 0.995185 -0.382683 -4.89966e-07 0.92388 -0.382684 -3.91155e-07 0.923879 -0.382684 0 0.923879 -0.555573 -1.89421e-06 0.831468 -0.555571 -8.88977e-07 0.831469 -0.555571 -5.58278e-08 0.831469 -0.707108 -4.31608e-07 0.707106 -0.707106 -1.00135e-07 0.707107 -0.707106 -9.21836e-08 0.707107 -0.83147 2.4316e-09 0.55557 -0.831469 1.48252e-07 0.555571 -0.831469 3.63557e-08 0.555571 -0.92388 -3.22186e-07 0.382683 -0.92388 1.94545e-10 0.382683 -0.92388 0 0.382683 -0.980785 3.2097e-07 0.195092 -0.980785 8.05972e-10 0.19509 -0.980785 0 0.19509 -0.995185 -3.69132e-08 0.0980177 -0.995185 -1.20907e-09 0.0980172 -0.995185 0 0.0980172 </float_array>
          <technique_common>
            <accessor count="27" offset="0" source="#meshId22-tangents-array" stride="3">
              <param name="X" type="float" />
              <param name="Y" type="float" />
              <param name="Z" type="float" />
            </accessor>
          </technique_common>
        </source>
        <source id="meshId22-bitangents" name="meshId22-bitangents">
          <float_array id="meshId22-bitangents-array" count="81"> -0.00439065 0.99999 -0.000432444 -0.00434811 0.99999 -0.000864894 0 1 0 0 1 0 -0.375321 0.923883 -0.0746562 -0.379263 0.924534 -0.0373544 -0.353548 0.923882 -0.146444 -0.00409601 0.99999 -0.0016962 0 1 0 -0.318189 0.92388 -0.212607 -0.00368669 0.99999 -0.00246231 -3.10163e-08 1 4.64191e-08 -0.2706 0.923879 -0.2706 -0.00313497 0.99999 -0.00313483 -6.51836e-08 1 6.51837e-08 -0.212608 0.923879 -0.31819 -0.00246295 0.99999 -0.00368633 3.02287e-08 1 -2.01982e-08 -0.146447 0.92388 -0.353553 -0.00169659 0.99999 -0.00409594 0 1 0 -0.0746583 0.92388 -0.37533 -0.000864917 0.99999 -0.00434823 0 1 0 -0.0373554 0.924531 -0.379273 -0.000432459 0.99999 -0.00439082 0 1 0 </float_array>
          <technique_common>
            <accessor count="27" offset="0" source="#meshId22-bitangents-array" stride="3">
              <param name="X" type="float" />
              <param name="Y" type="float" />
              <param name="Z" type="float" />
            </accessor>
          </technique_common>
        </source>
        <source id="meshId22-tex0" name="meshId22-tex0">
          <float_array id="meshId22-tex0-array" count="54"> 1.54891 -1.31857 1.41168 -1.31857 1.41167 -1.98908 1.5489 -1.98908 1.41168 -1.31092 1.54919 -1.31092 1.27445 -1.31092 1.27445 -1.31857 1.27445 -1.98908 1.13723 -1.31092 1.13723 -1.31857 1.13723 -1.98908 1 -1.31092 0.999999 -1.31857 1 -1.98908 0.862775 -1.31092 0.862772 -1.31857 0.86277 -1.98908 0.725546 -1.31092 0.725547 -1.31857 0.725557 -1.98908 0.58832 -1.31092 0.58832 -1.31857 0.588322 -1.98908 0.450806 -1.31092 0.451094 -1.31857 0.451104 -1.98908 </float_array>
          <technique_common>
            <accessor count="27" offset="0" source="#meshId22-tex0-array" stride="2">
              <param name="S" type="float" />
              <param name="T" type="float" />
            </accessor>
          </technique_common>
        </source>
        <vertices id="meshId22-vertices">
          <input semantic="POSITION" source="#meshId22-positions" />
        </vertices>
        <polylist count="32" material="defaultMaterial">
          <input offset="0" semantic="VERTEX" source="#meshId22-vertices" />
          <input offset="0" semantic="NORMAL" source="#meshId22-normals" />
          <input offset="0" semantic="TANGENT" source="#meshId22-tangents" />
          <input offset="0" semantic="BINORMAL" source="#meshId22-bitangents" />
          <input offset="0" semantic="TEXCOORD" source="#meshId22-tex0" set="0" />
          <vcount>3 3 3 3 3 3 3 3 3 3 3 3 3 3 3 3 3 3 3 3 3 3 3 3 3 3 3 3 3 3 3 3 </vcount>
          <p>3 0 1 1 2 3 5 4 1 1 0 5 4 6 7 7 1 4 8 2 1 1 7 8 6 9 10 10 7 6 11 8 7 7 10 11 9 12 13 13 10 9 14 11 10 10 13 14 12 15 16 16 13 12 17 14 13 13 16 17 15 18 19 19 16 15 20 17 16 16 19 20 18 21 22 22 19 18 23 20 19 19 22 23 21 24 25 25 22 21 26 23 22 22 25 26 </p>
        </polylist>
      </mesh>
    </geometry>
    <geometry id="meshId23" name="meshId23_name" >
      <mesh>
        <source id="meshId23-positions" name="meshId23-positions">
          <float_array id="meshId23-positions-array" count="189"> -0.444705 -0.12452 -0.591554 -0.444705 -0.188346 -0.591554 -0.450032 -0.188346 -0.53746 -0.450032 -0.12452 -0.53746 -0.443621 -0.117676 -0.53746 -0.438416 -0.117676 -0.590303 -0.442609 -0.120527 -0.591137 -0.447895 -0.120527 -0.53746 -0.448113 -0.190265 -0.53746 -0.44947 -0.189703 -0.53746 -0.444153 -0.189703 -0.591445 -0.442822 -0.190265 -0.59118 -0.43632 -0.113683 -0.589886 -0.441484 -0.113683 -0.53746 -0.421028 -0.113683 -0.640298 -0.423002 -0.117676 -0.641116 -0.426952 -0.120527 -0.642752 -0.428926 -0.12452 -0.64357 -0.428926 -0.188346 -0.64357 -0.428407 -0.189703 -0.643354 -0.427153 -0.190265 -0.642835 -0.396195 -0.113683 -0.686758 -0.397971 -0.117676 -0.687945 -0.401526 -0.120527 -0.69032 -0.403303 -0.12452 -0.691507 -0.403303 -0.188346 -0.691507 -0.402835 -0.189703 -0.691195 -0.401707 -0.190265 -0.690441 -0.362775 -0.113683 -0.72748 -0.364286 -0.117676 -0.728991 -0.367309 -0.120527 -0.732014 -0.36882 -0.12452 -0.733525 -0.36882 -0.188346 -0.733525 -0.368422 -0.189703 -0.733127 -0.367463 -0.190265 -0.732168 -0.322053 -0.113683 -0.7609 -0.32324 -0.117676 -0.762677 -0.325615 -0.120527 -0.766231 -0.326802 -0.12452 -0.768008 -0.326802 -0.188346 -0.768008 -0.32649 -0.189703 -0.767541 -0.325736 -0.190265 -0.766412 -0.275593 -0.113683 -0.785733 -0.276411 -0.117676 -0.787707 -0.278047 -0.120527 -0.791657 -0.278864 -0.12452 -0.793631 -0.278864 -0.188346 -0.793631 -0.278649 -0.189703 -0.793112 -0.27813 -0.190265 -0.791858 -0.225181 -0.113683 -0.801025 -0.225598 -0.117676 -0.803121 -0.226432 -0.120527 -0.807314 -0.226849 -0.12452 -0.80941 -0.226849 -0.188346 -0.80941 -0.226739 -0.189703 -0.808859 -0.226475 -0.190265 -0.807527 -0.172755 -0.113683 -0.806189 -0.172755 -0.117676 -0.808326 -0.172755 -0.120527 -0.812601 -0.172755 -0.12452 -0.814738 -0.172755 -0.188346 -0.814738 -0.172755 -0.189703 -0.814176 -0.172755 -0.190265 -0.812818 </float_array>
          <technique_common>
            <accessor count="63" offset="0" source="#meshId23-positions-array" stride="3">
              <param name="X" type="float" />
              <param name="Y" type="float" />
              <param name="Z" type="float" />
            </accessor>
          </technique_common>
        </source>
        <source id="meshId23-normals" name="meshId23-normals">
          <float_array id="meshId23-normals-array" count="189"> -0.980329 0.0305099 -0.195 -0.98075 -0.00841362 -0.195084 -0.99515 -0.00837298 -0.0980145 -0.994726 0.0303629 -0.0979728 -0.720057 0.690281 -0.0709197 -0.708004 0.692024 -0.140831 -0.723597 0.675049 -0.143933 -0.735833 0.673273 -0.0724739 -0.382403 -0.923228 -0.037664 -0.717856 -0.692592 -0.0707035 -0.705828 -0.694331 -0.140398 -0.375323 -0.923882 -0.0746569 -0.864757 0.471812 -0.172011 -0.878394 0.470041 -0.0865147 -0.814583 0.471813 -0.337412 -0.666924 0.692025 -0.276249 -0.681613 0.67505 -0.282333 -0.92345 0.0305099 -0.382505 -0.923847 -0.00841391 -0.382669 -0.664879 -0.694327 -0.275402 -0.353556 -0.923878 -0.146448 -0.733106 0.47181 -0.489847 -0.600214 0.692027 -0.401051 -0.613434 0.675051 -0.409883 -0.831083 0.0305097 -0.555311 -0.831441 -0.00841406 -0.55555 -0.598377 -0.694324 -0.399825 -0.318198 -0.923876 -0.212612 -0.623456 0.47181 -0.623456 -0.51044 0.692027 -0.51044 -0.521682 0.675052 -0.521682 -0.706778 0.0305098 -0.706778 -0.707082 -0.00841404 -0.707082 -0.508874 -0.694329 -0.508875 -0.2706 -0.923879 -0.2706 -0.489847 0.47181 -0.733107 -0.401051 0.692026 -0.600215 -0.409883 0.675052 -0.613434 -0.555311 0.0305099 -0.831083 -0.55555 -0.00841399 -0.83144 -0.399818 -0.694334 -0.59837 -0.212605 -0.923881 -0.318186 -0.337412 0.471811 -0.814585 -0.276249 0.692026 -0.666923 -0.282332 0.675051 -0.681612 -0.382505 0.0305098 -0.92345 -0.38267 -0.0084139 -0.923847 -0.275399 -0.694332 -0.664874 -0.146445 -0.923881 -0.353549 -0.172011 0.471811 -0.864758 -0.14083 0.692026 -0.708002 -0.143932 0.675051 -0.723595 -0.195 0.0305097 -0.980329 -0.195083 -0.00841381 -0.980751 -0.140398 -0.694331 -0.705828 -0.0746571 -0.923881 -0.375327 -0.0865142 0.470041 -0.878394 -0.0709191 0.690284 -0.720055 -0.072473 0.673276 -0.735831 -0.097972 0.0303629 -0.994726 -0.0980138 -0.00837327 -0.99515 -0.0707026 -0.692592 -0.717856 -0.0376639 -0.923225 -0.382408 </float_array>
          <technique_common>
            <accessor count="63" offset="0" source="#meshId23-normals-array" stride="3">
              <param name="X" type="float" />
              <param name="Y" type="float" />
              <param name="Z" type="float" />
            </accessor>
          </technique_common>
        </source>
        <source id="meshId23-tangents" name="meshId23-tangents">
          <float_array id="meshId23-tangents-array" count="189"> -0.195091 -6.33663e-09 0.980785 -0.195091 -1.26793e-08 0.980785 -0.0980179 -2.7971e-09 0.995185 -0.098018 2.06974e-08 0.995185 -0.0980169 7.20019e-07 0.995185 -0.195091 -4.80396e-07 0.980785 -0.195091 2.07973e-09 0.980785 -0.0980175 5.80493e-07 0.995185 -0.0980191 2.4075e-07 0.995185 -0.0980184 1.10409e-07 0.995185 -0.195092 9.7169e-07 0.980785 -0.195089 -1.20671e-06 0.980786 -0.19509 -9.22394e-08 0.980785 -0.0980173 6.09083e-07 0.995185 -0.382684 -1.49889e-07 0.923879 -0.382684 -2.02796e-08 0.923879 -0.382683 2.45185e-07 0.92388 -0.382683 -4.37265e-09 0.92388 -0.382683 4.28259e-09 0.92388 -0.382683 -1.16052e-07 0.92388 -0.382684 3.377e-07 0.923879 -0.555571 2.05232e-07 0.831469 -0.555571 -1.22569e-08 0.831469 -0.55557 -1.11414e-07 0.83147 -0.55557 -2.11221e-09 0.83147 -0.55557 -3.93657e-07 0.83147 -0.555572 -2.32811e-07 0.831469 -0.555568 -7.20426e-08 0.831471 -0.707107 3.68957e-08 0.707106 -0.707107 1.53768e-07 0.707107 -0.707107 -2.80912e-07 0.707106 -0.707107 1.09316e-08 0.707107 -0.707107 -1.38671e-09 0.707107 -0.707107 -1.90988e-07 0.707106 -0.707105 -9.03911e-07 0.707108 -0.831469 8.14012e-07 0.555571 -0.831469 3.45273e-07 0.55557 -0.83147 1.93712e-07 0.55557 -0.83147 6.13208e-07 0.55557 -0.83147 3.79293e-07 0.55557 -0.83147 4.01587e-07 0.555569 -0.83147 -1.82358e-07 0.55557 -0.92388 -2.72106e-07 0.382683 -0.923879 5.57132e-07 0.382684 -0.92388 3.50657e-07 0.382683 -0.92388 4.38599e-07 0.382683 -0.92388 1.85353e-07 0.382683 -0.92388 2.20442e-08 0.382682 -0.92388 4.91916e-07 0.382683 -0.980785 -6.80265e-07 0.19509 -0.980785 -3.114e-07 0.19509 -0.980785 -1.48923e-07 0.19509 -0.980785 -7.68918e-07 0.19509 -0.980785 -1.86175e-07 0.19509 -0.980785 2.80465e-07 0.195091 -0.980785 1.57593e-07 0.19509 -0.995185 3.85229e-08 0.0980171 -0.995185 -5.24056e-07 0.0980165 -0.995185 -4.97841e-07 0.0980167 -0.995185 -4.78308e-07 0.0980172 -0.995185 -1.00749e-08 0.0980172 -0.995185 -4.24224e-07 0.0980175 -0.995185 -1.26822e-07 0.0980175 </float_array>
          <technique_common>
            <accessor count="63" offset="0" source="#meshId23-tangents-array" stride="3">
              <param name="X" type="float" />
              <param name="Y" type="float" />
              <param name="Z" type="float" />
            </accessor>
          </technique_common>
        </source>
        <source id="meshId23-bitangents" name="meshId23-bitangents">
          <float_array id="meshId23-bitangents-array" count="189"> 0.0299237 0.999534 0.00595221 -0.00825196 0.999965 -0.00164141 -0.00833266 0.999965 -0.000820699 0.0302167 0.999539 0.00297609 0.686957 0.723541 0.0676587 0.678727 0.721875 0.135008 0.662078 0.737773 0.131696 0.670031 0.739394 0.0659921 -0.918782 0.384254 -0.090494 -0.689257 0.721329 -0.0678869 -0.680989 0.719656 -0.135459 -0.906131 0.382677 -0.180239 0.462746 0.881699 0.0920461 0.467778 0.882644 0.0460716 0.435898 0.881699 0.180555 0.639348 0.721873 0.264827 0.623665 0.737772 0.25833 0.0281875 0.999534 0.0116756 -0.00777344 0.999965 -0.00321986 -0.641474 0.71966 -0.265707 -0.853552 0.382687 -0.353553 0.392296 0.8817 0.262124 0.575399 0.721872 0.38447 0.561285 0.737771 0.375038 0.0253679 0.999534 0.0169503 -0.00699625 0.999965 -0.00467427 -0.577308 0.719663 -0.385746 -0.768176 0.382693 -0.513276 0.33362 0.8817 0.333621 0.489337 0.721871 0.489337 0.477334 0.73777 0.477334 0.0215737 0.999534 0.0215737 -0.00594962 0.999965 -0.00594962 -0.490965 0.719658 -0.490965 -0.653282 0.382686 -0.653279 0.262125 0.8817 0.392295 0.38447 0.721872 0.575399 0.375039 0.73777 0.561285 0.0169509 0.999535 0.0253677 -0.00467424 0.999965 -0.00699619 -0.38575 0.719653 -0.577318 -0.513281 0.382679 -0.76818 0.180554 0.8817 0.435896 0.264828 0.721872 0.639348 0.258331 0.737771 0.623666 0.011676 0.999534 0.0281872 -0.00321969 0.999965 -0.0077735 -0.265709 0.719655 -0.64148 -0.353553 0.382679 -0.853555 0.0920449 0.8817 0.462745 0.135007 0.721872 0.678729 0.131696 0.737771 0.66208 0.0059514 0.999534 0.0299236 -0.00164163 0.999965 -0.0082521 -0.135457 0.719656 -0.680989 -0.18024 0.38268 -0.906129 0.0460721 0.882644 0.467778 0.0676588 0.723539 0.68696 0.0659919 0.739392 0.670034 0.00297561 0.999539 0.0302168 -0.000820735 0.999965 -0.00833295 -0.0678865 0.721329 -0.689257 -0.0904923 0.384259 -0.91878 </float_array>
          <technique_common>
            <accessor count="63" offset="0" source="#meshId23-bitangents-array" stride="3">
              <param name="X" type="float" />
              <param name="Y" type="float" />
              <param name="Z" type="float" />
            </accessor>
          </technique_common>
        </source>
        <source id="meshId23-tex0" name="meshId23-tex0">
          <float_array id="meshId23-tex0-array" count="126"> 1.42331 -2.36393 1.42346 -2.53017 1.56487 -2.53017 1.5647 -2.36393 1.56296 -2.33875 1.42325 -2.33875 1.42328 -2.35213 1.5641 -2.35213 1.56438 -2.53783 1.56472 -2.534 1.42346 -2.534 1.42346 -2.53783 1.42324 -2.32695 1.56238 -2.32695 1.28222 -2.32695 1.28222 -2.33875 1.28222 -2.35213 1.28222 -2.36393 1.28228 -2.53017 1.28228 -2.534 1.28228 -2.53783 1.14111 -2.32695 1.14111 -2.33875 1.14111 -2.35213 1.14111 -2.36393 1.14114 -2.53017 1.14114 -2.534 1.14114 -2.53783 1 -2.32695 0.999999 -2.33875 0.999999 -2.35213 1 -2.36393 1 -2.53017 1 -2.534 1 -2.53783 0.858886 -2.32695 0.858887 -2.33875 0.858889 -2.35213 0.858889 -2.36393 0.85886 -2.53017 0.85886 -2.534 0.858859 -2.53783 0.717783 -2.32695 0.717781 -2.33875 0.717779 -2.35213 0.717778 -2.36393 0.717717 -2.53017 0.717717 -2.534 0.717716 -2.53783 0.576758 -2.32695 0.576748 -2.33875 0.576721 -2.35213 0.576694 -2.36393 0.576543 -2.53017 0.576544 -2.534 0.576544 -2.53783 0.437616 -2.32695 0.437044 -2.33875 0.435894 -2.35213 0.435303 -2.36393 0.435131 -2.53017 0.435276 -2.534 0.435623 -2.53783 </float_array>
          <technique_common>
            <accessor count="63" offset="0" source="#meshId23-tex0-array" stride="2">
              <param name="S" type="float" />
              <param name="T" type="float" />
            </accessor>
          </technique_common>
        </source>
        <vertices id="meshId23-vertices">
          <input semantic="POSITION" source="#meshId23-positions" />
        </vertices>
        <polylist count="96" material="defaultMaterial">
          <input offset="0" semantic="VERTEX" source="#meshId23-vertices" />
          <input offset="0" semantic="NORMAL" source="#meshId23-normals" />
          <input offset="0" semantic="TANGENT" source="#meshId23-tangents" />
          <input offset="0" semantic="BINORMAL" source="#meshId23-bitangents" />
          <input offset="0" semantic="TEXCOORD" source="#meshId23-tex0" set="0" />
          <vcount>3 3 3 3 3 3 3 3 3 3 3 3 3 3 3 3 3 3 3 3 3 3 3 3 3 3 3 3 3 3 3 3 3 3 3 3 3 3 3 3 3 3 3 3 3 3 3 3 3 3 3 3 3 3 3 3 3 3 3 3 3 3 3 3 3 3 3 3 3 3 3 3 3 3 3 3 3 3 3 3 3 3 3 3 3 3 3 3 3 3 3 3 3 3 3 3 </vcount>
          <p>3 0 1 1 2 3 7 4 5 5 6 7 11 8 9 9 10 11 10 9 2 2 1 10 13 12 5 5 4 13 0 3 7 7 6 0 12 14 15 15 5 12 16 6 5 5 15 16 17 0 6 6 16 17 0 17 18 18 1 0 19 10 1 1 18 19 20 11 10 10 19 20 14 21 22 22 15 14 23 16 15 15 22 23 24 17 16 16 23 24 17 24 25 25 18 17 26 19 18 18 25 26 27 20 19 19 26 27 21 28 29 29 22 21 30 23 22 22 29 30 31 24 23 23 30 31 24 31 32 32 25 24 33 26 25 25 32 33 34 27 26 26 33 34 28 35 36 36 29 28 37 30 29 29 36 37 38 31 30 30 37 38 31 38 39 39 32 31 40 33 32 32 39 40 41 34 33 33 40 41 35 42 43 43 36 35 44 37 36 36 43 44 45 38 37 37 44 45 38 45 46 46 39 38 47 40 39 39 46 47 48 41 40 40 47 48 42 49 50 50 43 42 51 44 43 43 50 51 52 45 44 44 51 52 45 52 53 53 46 45 54 47 46 46 53 54 55 48 47 47 54 55 49 56 57 57 50 49 58 51 50 50 57 58 59 52 51 51 58 59 59 60 53 53 52 59 61 54 53 53 60 61 62 55 54 54 61 62 </p>
        </polylist>
      </mesh>
    </geometry>
    <geometry id="meshId24" name="meshId24_name" >
      <mesh>
        <source id="meshId24-positions" name="meshId24-positions">
          <float_array id="meshId24-positions-array" count="54"> -0.381998 0.0978823 -0.53746 -0.290825 0.0978823 -0.53746 -0.288557 0.0978823 -0.560494 -0.377977 0.0978823 -0.578281 -0.213576 0.0978823 -0.742682 -0.195789 0.0978823 -0.653262 -0.172755 0.0978823 -0.655531 -0.172755 0.0978823 -0.746703 -0.252829 0.0978823 -0.730775 -0.217938 0.0978823 -0.646543 -0.289004 0.0978823 -0.711439 -0.238351 0.0978823 -0.635632 -0.320712 0.0978823 -0.685417 -0.256243 0.0978823 -0.620949 -0.346734 0.0978823 -0.653709 -0.270927 0.0978823 -0.603057 -0.36607 0.0978823 -0.617534 -0.281838 0.0978823 -0.582644 </float_array>
          <technique_common>
            <accessor count="18" offset="0" source="#meshId24-positions-array" stride="3">
              <param name="X" type="float" />
              <param name="Y" type="float" />
              <param name="Z" type="float" />
            </accessor>
          </technique_common>
        </source>
        <source id="meshId24-normals" name="meshId24-normals">
          <float_array id="meshId24-normals-array" count="54"> 0 1 0 -1.2678e-07 1 -1.48518e-22 -6.33904e-08 1 -7.42591e-23 0 1 0 -2.25238e-08 1 -2.63856e-23 1.00368e-08 1 1.17577e-23 -1.23611e-07 1 -1.44805e-22 -1.06692e-07 1 -1.24985e-22 3.15334e-07 1 3.694e-22 3.59212e-07 1 4.208e-22 1.42256e-07 1 1.66647e-22 1.43685e-07 1 1.6832e-22 -1.42256e-07 1 -1.66647e-22 -1.43685e-07 1 -1.6832e-22 0 1 0 0 1 0 0 1 0 0 1 0 </float_array>
          <technique_common>
            <accessor count="18" offset="0" source="#meshId24-normals-array" stride="3">
              <param name="X" type="float" />
              <param name="Y" type="float" />
              <param name="Z" type="float" />
            </accessor>
          </technique_common>
        </source>
        <source id="meshId24-tangents" name="meshId24-tangents">
          <float_array id="meshId24-tangents-array" count="54"> -0.0978786 0 0.995198 -0.0978029 -1.23995e-08 0.995206 -0.194865 -1.23526e-08 0.98083 -0.194946 0 0.980814 -0.980757 -2.20903e-08 0.195233 -0.98074 9.84353e-09 0.195315 -0.995161 -1.23013e-07 0.0982587 -0.99517 -1.06177e-07 0.0981706 -0.923824 2.91313e-07 0.382818 -0.923792 3.31837e-07 0.382895 -0.831388 1.1827e-07 0.555692 -0.831342 1.19451e-07 0.555762 -0.707003 -1.00576e-07 0.707211 -0.706944 -1.01577e-07 0.707269 -0.555449 0 0.831551 -0.555379 0 0.831597 -0.382548 0 0.923935 -0.38247 0 0.923968 </float_array>
          <technique_common>
            <accessor count="18" offset="0" source="#meshId24-tangents-array" stride="3">
              <param name="X" type="float" />
              <param name="Y" type="float" />
              <param name="Z" type="float" />
            </accessor>
          </technique_common>
        </source>
        <source id="meshId24-bitangents" name="meshId24-bitangents">
          <float_array id="meshId24-bitangents-array" count="54"> 0.995198 -0 0.0978786 0.995206 1.26173e-07 0.0978029 0.98083 6.21753e-08 0.194865 0.980814 -0 0.194946 0.195233 4.39739e-09 0.980757 0.195315 -1.96035e-09 0.98074 0.0982587 1.21459e-08 0.995161 0.0981706 1.0474e-08 0.99517 0.382818 -1.20716e-07 0.923824 0.382895 -1.3754e-07 0.923792 0.555692 -7.90507e-08 0.831388 0.555762 -7.98545e-08 0.831342 0.707211 1.00605e-07 0.707003 0.707269 1.01624e-07 0.706944 0.831551 -0 0.555449 0.831597 -0 0.555379 0.923935 -0 0.382548 0.923968 -0 0.38247 </float_array>
          <technique_common>
            <accessor count="18" offset="0" source="#meshId24-bitangents-array" stride="3">
              <param name="X" type="float" />
              <param name="Y" type="float" />
              <param name="Z" type="float" />
            </accessor>
          </technique_common>
        </source>
        <source id="meshId24-tex0" name="meshId24-tex0">
          <float_array id="meshId24-tex0-array" count="36"> -0.639505 0.0284123 -0.710386 0.271467 -0.776482 0.271482 -0.741604 0.0284274 -1.25844 0.0285182 -1.22347 0.271573 -1.28957 0.271588 -1.36054 0.0285333 -1.16791 0.028503 -1.15128 0.271557 -1.08287 0.0284879 -1.07621 0.271542 -1.00002 0.0284728 -0.999975 0.271527 -0.917173 0.0284577 -0.923747 0.271512 -0.832134 0.0284425 -0.84867 0.271497 </float_array>
          <technique_common>
            <accessor count="18" offset="0" source="#meshId24-tex0-array" stride="2">
              <param name="S" type="float" />
              <param name="T" type="float" />
            </accessor>
          </technique_common>
        </source>
        <vertices id="meshId24-vertices">
          <input semantic="POSITION" source="#meshId24-positions" />
        </vertices>
        <polylist count="16" material="defaultMaterial">
          <input offset="0" semantic="VERTEX" source="#meshId24-vertices" />
          <input offset="0" semantic="NORMAL" source="#meshId24-normals" />
          <input offset="0" semantic="TANGENT" source="#meshId24-tangents" />
          <input offset="0" semantic="BINORMAL" source="#meshId24-bitangents" />
          <input offset="0" semantic="TEXCOORD" source="#meshId24-tex0" set="0" />
          <vcount>3 3 3 3 3 3 3 3 3 3 3 3 3 3 3 3 </vcount>
          <p>3 0 1 1 2 3 7 4 5 5 6 7 4 8 9 9 5 4 8 10 11 11 9 8 10 12 13 13 11 10 12 14 15 15 13 12 14 16 17 17 15 14 16 3 2 2 17 16 </p>
        </polylist>
      </mesh>
    </geometry>
    <geometry id="meshId25" name="meshId25_name" >
      <mesh>
        <source id="meshId25-positions" name="meshId25-positions">
          <float_array id="meshId25-positions-array" count="162"> -0.381318 0.190265 -0.578946 -0.605258 0.190265 -0.62349 -0.613731 0.190265 -0.53746 -0.385404 0.190265 -0.53746 -0.613731 0.190265 -0.53746 -0.605258 0.190265 -0.62349 -0.607942 0.189598 -0.624024 -0.616468 0.189598 -0.53746 -0.378634 0.189598 -0.578412 -0.381318 0.190265 -0.578946 -0.385404 0.190265 -0.53746 -0.382667 0.189598 -0.53746 -0.366689 0.189598 -0.61779 -0.369218 0.190265 -0.618838 -0.369218 0.190265 -0.618838 -0.580164 0.190265 -0.706214 -0.580164 0.190265 -0.706214 -0.582692 0.189598 -0.707262 -0.347291 0.189598 -0.654081 -0.349566 0.190265 -0.655602 -0.349566 0.190265 -0.655602 -0.539413 0.190265 -0.782453 -0.539413 0.190265 -0.782453 -0.541689 0.189598 -0.783974 -0.321185 0.189598 -0.685891 -0.323121 0.190265 -0.687826 -0.323121 0.190265 -0.687826 -0.484572 0.190265 -0.849277 -0.484572 0.190265 -0.849277 -0.486507 0.189598 -0.851213 -0.289376 0.189598 -0.711996 -0.290897 0.190265 -0.714272 -0.290897 0.190265 -0.714272 -0.417748 0.190265 -0.904118 -0.417748 0.190265 -0.904118 -0.419269 0.189598 -0.906394 -0.253085 0.189598 -0.731394 -0.254132 0.190265 -0.733923 -0.254132 0.190265 -0.733923 -0.341509 0.190265 -0.944869 -0.341509 0.190265 -0.944869 -0.342557 0.189598 -0.947398 -0.213707 0.189598 -0.743339 -0.214241 0.190265 -0.746024 -0.214241 0.190265 -0.746024 -0.258785 0.190265 -0.969963 -0.258785 0.190265 -0.969963 -0.259319 0.189598 -0.972647 -0.172755 0.190265 -0.75011 -0.172755 0.189598 -0.747373 -0.172755 0.190265 -0.978436 -0.172755 0.190265 -0.75011 -0.172755 0.190265 -0.978436 -0.172755 0.189598 -0.981173 </float_array>
          <technique_common>
            <accessor count="54" offset="0" source="#meshId25-positions-array" stride="3">
              <param name="X" type="float" />
              <param name="Y" type="float" />
              <param name="Z" type="float" />
            </accessor>
          </technique_common>
        </source>
        <source id="meshId25-normals" name="meshId25-normals">
          <float_array id="meshId25-normals-array" count="162"> -6.17909e-08 1 -7.23853e-23 -6.17909e-08 1 -7.23853e-23 -1.23582e-07 1 -1.4477e-22 -1.23582e-07 1 -1.4477e-22 -0.236568 0.971336 -0.0233008 -0.232097 0.971597 -0.0461665 -0.232097 0.971597 -0.0461664 -0.236568 0.971336 -0.0233008 0.232106 0.971594 0.0461674 0.232106 0.971594 0.0461677 0.236588 0.971331 0.0233011 0.236588 0.971331 0.0233011 0.218635 0.971595 0.0905611 0.218635 0.971595 0.0905612 -6.17908e-08 1 -7.23852e-23 -6.17908e-08 1 -7.23852e-23 -0.218634 0.971596 -0.09056 -0.218634 0.971596 -0.09056 0.196762 0.971596 0.131473 0.196762 0.971596 0.131473 3.08955e-08 1 3.61927e-23 3.08954e-08 1 3.61926e-23 -0.196762 0.971596 -0.131474 -0.196762 0.971596 -0.131474 0.167333 0.971596 0.167333 0.167333 0.971596 0.167333 1.54477e-07 1 1.80963e-22 1.54477e-07 1 1.80963e-22 -0.167329 0.971597 -0.167335 -0.167329 0.971597 -0.167335 0.131472 0.971597 0.196762 0.131473 0.971597 0.196761 7.72387e-08 1 9.04816e-23 7.72387e-08 1 9.04816e-23 -0.131468 0.971597 -0.196764 -0.131468 0.971597 -0.196764 0.0905585 0.971597 0.218631 0.0905587 0.971597 0.218631 6.17909e-08 1 7.23853e-23 6.17909e-08 1 7.23853e-23 -0.0905604 0.971596 -0.218632 -0.0905606 0.971596 -0.218632 0.0461658 0.971596 0.232098 0.0461658 0.971596 0.232098 4.63431e-08 1 5.42889e-23 4.63432e-08 1 5.42889e-23 -0.0461668 0.971596 -0.232098 -0.0461668 0.971596 -0.232098 0.0233014 0.971333 0.236579 0.0233014 0.971333 0.236579 0 1 0 0 1 0 -0.0233006 0.971333 -0.23658 -0.0233006 0.971333 -0.23658 </float_array>
          <technique_common>
            <accessor count="54" offset="0" source="#meshId25-normals-array" stride="3">
              <param name="X" type="float" />
              <param name="Y" type="float" />
              <param name="Z" type="float" />
            </accessor>
          </technique_common>
        </source>
        <source id="meshId25-tangents" name="meshId25-tangents">
          <float_array id="meshId25-tangents-array" count="162"> -0.19509 -1.20548e-08 0.980785 -0.19509 -1.20548e-08 0.980785 -0.098017 -1.21131e-08 0.995185 -0.0980184 -1.21133e-08 0.995185 -0.0980172 9.66141e-07 0.995185 -0.19509 -4.13968e-07 0.980785 -0.19509 -3.81741e-07 0.980785 -0.0980172 9.62271e-07 0.995185 -0.195088 9.36588e-07 0.980786 -0.195089 7.53334e-07 0.980786 -0.0980186 1.14706e-06 0.995185 -0.0980185 1.11684e-06 0.995185 -0.382683 5.88455e-07 0.92388 -0.382684 7.06411e-07 0.923879 -0.382683 -2.36463e-08 0.92388 -0.382683 -2.36463e-08 0.92388 -0.382683 -1.28591e-06 0.92388 -0.382682 -7.53334e-07 0.92388 -0.555571 -8.25411e-07 0.831469 -0.555572 -4.33738e-07 0.831468 -0.555571 1.71646e-08 0.831469 -0.55557 1.71646e-08 0.83147 -0.55557 1.66487e-06 0.83147 -0.555572 1.21498e-06 0.831469 -0.707107 -8.98406e-08 0.707107 -0.707106 -3.41157e-07 0.707107 -0.707107 1.09232e-07 0.707107 -0.707107 1.09232e-07 0.707107 -0.707107 4.00769e-06 0.707107 -0.707108 4.04442e-06 0.707105 -0.83147 3.807e-07 0.55557 -0.831469 2.61257e-07 0.555572 -0.831469 6.42216e-08 0.555571 -0.83147 6.42216e-08 0.55557 -0.83147 4.42007e-06 0.555569 -0.83147 4.49084e-06 0.555569 -0.92388 -8.73699e-07 0.382682 -0.92388 -8.3704e-07 0.382683 -0.923879 5.70873e-08 0.382684 -0.923879 5.70873e-08 0.382684 -0.92388 -3.80191e-07 0.382683 -0.923879 -1.59798e-07 0.382684 -0.980785 -1.1814e-06 0.19509 -0.980785 -1.18327e-06 0.19509 -0.980785 4.54527e-08 0.19509 -0.980785 4.54527e-08 0.19509 -0.980785 2.7361e-07 0.19509 -0.980785 3.20865e-07 0.19509 -0.995185 2.80433e-07 0.0980176 -0.995185 2.86993e-07 0.0980176 -0.995185 0 0.0980168 -0.995185 0 0.0980174 -0.995185 4.23364e-07 0.0980168 -0.995185 4.20167e-07 0.0980168 </float_array>
          <technique_common>
            <accessor count="54" offset="0" source="#meshId25-tangents-array" stride="3">
              <param name="X" type="float" />
              <param name="Y" type="float" />
              <param name="Z" type="float" />
            </accessor>
          </technique_common>
        </source>
        <source id="meshId25-bitangents" name="meshId25-bitangents">
          <float_array id="meshId25-bitangents-array" count="162"> 0.980785 6.06036e-08 0.19509 0.980785 6.06036e-08 0.19509 0.995185 1.22987e-07 0.098017 0.995185 1.22987e-07 0.0980184 0.966658 0.237712 0.0952073 0.952928 0.236644 0.189549 0.952928 0.236644 0.189549 0.966658 0.237712 0.0952074 0.952926 -0.236653 0.189547 0.952926 -0.236653 0.189547 0.966653 -0.237733 0.0952087 0.966653 -0.237733 0.0952086 0.897637 -0.236649 0.371814 0.897637 -0.236649 0.371814 0.92388 5.70873e-08 0.382683 0.92388 5.70873e-08 0.382683 0.897637 0.236648 0.371814 0.897638 0.236648 0.371812 0.807853 -0.236644 0.53979 0.807852 -0.236644 0.539792 0.831469 -2.56886e-08 0.555571 0.83147 -2.56886e-08 0.55557 0.807853 0.236645 0.53979 0.807852 0.236645 0.539791 0.687022 -0.236644 0.687023 0.687023 -0.236644 0.687022 0.707107 -1.09232e-07 0.707107 0.707107 -1.09232e-07 0.707107 0.687023 0.236643 0.687022 0.687022 0.236643 0.687023 0.53979 -0.236643 0.807853 0.539792 -0.236643 0.807852 0.555571 -4.29115e-08 0.831469 0.55557 -4.29115e-08 0.83147 0.53979 0.236643 0.807853 0.53979 0.236643 0.807853 0.371813 -0.236644 0.897639 0.371814 -0.236644 0.897638 0.382684 -2.36464e-08 0.923879 0.382684 -2.36464e-08 0.923879 0.371813 0.236645 0.897638 0.371815 0.236645 0.897637 0.189549 -0.236644 0.952927 0.189549 -0.236644 0.952927 0.19509 -9.04107e-09 0.980785 0.19509 -9.0411e-09 0.980785 0.189549 0.236645 0.952927 0.189549 0.236645 0.952927 0.0952076 -0.237724 0.966655 0.0952076 -0.237724 0.966656 0.0980168 -0 0.995185 0.0980174 -0 0.995185 0.095207 0.237725 0.966655 0.095207 0.237725 0.966655 </float_array>
          <technique_common>
            <accessor count="54" offset="0" source="#meshId25-bitangents-array" stride="3">
              <param name="X" type="float" />
              <param name="Y" type="float" />
              <param name="Z" type="float" />
            </accessor>
          </technique_common>
        </source>
        <source id="meshId25-tex0" name="meshId25-tex0">
          <float_array id="meshId25-tex0-array" count="108"> -0.586795 0.957132 -0.46382 0.342868 -0.247212 0.342868 -0.466332 0.957132 -0.247212 0.342868 -0.46382 0.342868 -0.463847 0.335289 -0.246523 0.335289 -0.586866 0.964711 -0.586795 0.957132 -0.466332 0.957132 -0.467151 0.964711 -0.719359 0.964711 -0.719322 0.957132 -0.719322 0.957132 -0.653949 0.342868 -0.653949 0.342868 -0.653964 0.335289 -0.858286 0.964711 -0.858271 0.957132 -0.858271 0.957132 -0.830015 0.342868 -0.830015 0.342868 -0.83002 0.335289 -1 0.964711 -1 0.957132 -1 0.957132 -0.999999 0.342868 -0.999999 0.342868 -0.999998 0.335289 -1.14171 0.964711 -1.14172 0.957132 -1.14172 0.957132 -1.16998 0.342868 -1.16998 0.342868 -1.16998 0.335289 -1.28064 0.964711 -1.28068 0.957132 -1.28068 0.957132 -1.34605 0.342868 -1.34605 0.342868 -1.34603 0.335289 -1.41313 0.964711 -1.4132 0.957132 -1.4132 0.957132 -1.53618 0.342868 -1.53618 0.342868 -1.53615 0.335289 -1.53367 0.957132 -1.53285 0.964711 -1.75279 0.342868 -1.53367 0.957132 -1.75279 0.342868 -1.75347 0.335289 </float_array>
          <technique_common>
            <accessor count="54" offset="0" source="#meshId25-tex0-array" stride="2">
              <param name="S" type="float" />
              <param name="T" type="float" />
            </accessor>
          </technique_common>
        </source>
        <vertices id="meshId25-vertices">
          <input semantic="POSITION" source="#meshId25-positions" />
        </vertices>
        <polylist count="48" material="defaultMaterial">
          <input offset="0" semantic="VERTEX" source="#meshId25-vertices" />
          <input offset="0" semantic="NORMAL" source="#meshId25-normals" />
          <input offset="0" semantic="TANGENT" source="#meshId25-tangents" />
          <input offset="0" semantic="BINORMAL" source="#meshId25-bitangents" />
          <input offset="0" semantic="TEXCOORD" source="#meshId25-tex0" set="0" />
          <vcount>3 3 3 3 3 3 3 3 3 3 3 3 3 3 3 3 3 3 3 3 3 3 3 3 3 3 3 3 3 3 3 3 3 3 3 3 3 3 3 3 3 3 3 3 3 3 3 3 </vcount>
          <p>3 0 1 1 2 3 7 4 5 5 6 7 11 8 9 9 10 11 8 12 13 13 9 8 0 14 15 15 1 0 17 6 5 5 16 17 12 18 19 19 13 12 14 20 21 21 15 14 23 17 16 16 22 23 18 24 25 25 19 18 20 26 27 27 21 20 29 23 22 22 28 29 24 30 31 31 25 24 26 32 33 33 27 26 35 29 28 28 34 35 30 36 37 37 31 30 32 38 39 39 33 32 41 35 34 34 40 41 36 42 43 43 37 36 38 44 45 45 39 38 47 41 40 40 46 47 49 48 43 43 42 49 51 50 45 45 44 51 53 47 46 46 52 53 </p>
        </polylist>
      </mesh>
    </geometry>
    <geometry id="meshId26" name="meshId26_name" >
      <mesh>
        <source id="meshId26-positions" name="meshId26-positions">
          <float_array id="meshId26-positions-array" count="228"> 0.345192 0.188081 0.3839 0.345192 0.188081 0 0.345192 0.160024 0 0.345192 0.160024 0.3839 0.445323 0.147567 0 0.632129 0.147567 0 0.632129 0.147567 0.3839 0.445323 0.147567 0.3839 0.633434 0.148872 0 0.633434 0.155245 0 0.633434 0.155245 0.3839 0.633434 0.148872 0.3839 0.634156 0.158009 0.3839 0.634156 0.158009 0 0.634405 0.187106 0 0.634405 0.187106 0.3839 0.34551 0.156441 0 0.34551 0.14814 0 0.34551 0.14814 0.3839 0.34551 0.156441 0.3839 0.277912 0.0963005 0 0.277912 -0.187962 0 0.277912 -0.187962 0.3839 0.277912 0.0963005 0.3839 0.388931 0.144977 0 0.388931 0.0994642 0 0.388931 0.0994642 0.3839 0.388931 0.144977 0.3839 0.387349 0.0978823 0 0.381998 0.0978823 0 0.381998 0.0978823 0.3839 0.387349 0.0978823 0.3839 0.347091 0.146558 0 0.387349 0.146558 0 0.387349 0.146558 0.3839 0.347091 0.146558 0.3839 0.278586 -0.18959 0 0.278586 -0.18959 0.3839 0.278586 -0.18959 0 0.280215 -0.190265 0 0.280215 -0.190265 0.3839 0.278586 -0.18959 0.3839 0.279493 0.0978823 0 0.278375 0.097419 0 0.278375 0.097419 0.3839 0.279493 0.0978823 0.3839 0.278375 0.097419 0 0.278375 0.097419 0.3839 0.345973 0.147022 0 0.345973 0.147022 0.3839 0.345973 0.147022 0 0.345973 0.147022 0.3839 0.388468 0.0983456 0 0.388468 0.0983456 0.3839 0.388468 0.0983456 0 0.388468 0.0983456 0.3839 0.388468 0.146095 0 0.388468 0.146095 0.3839 0.388468 0.146095 0 0.388468 0.146095 0.3839 0.442609 0.146442 0 0.442609 0.146442 0.3839 0.633052 0.147949 0 0.633052 0.147949 0.3839 0.633052 0.147949 0 0.633052 0.147949 0.3839 0.290826 0.0978823 0 0.290826 0.0978823 0.3839 0.442124 -0.0195401 0 0.442124 -0.0195401 0.3839 0.442124 -0.054497 0.3839 0.442124 -0.054497 0 0.442124 0.0853307 0 0.442124 0.0853307 0.3839 0.442124 0.0503738 0.3839 0.442124 0.0503738 0 </float_array>
          <technique_common>
            <accessor count="76" offset="0" source="#meshId26-positions-array" stride="3">
              <param name="X" type="float" />
              <param name="Y" type="float" />
              <param name="Z" type="float" />
            </accessor>
          </technique_common>
        </source>
        <source id="meshId26-normals" name="meshId26-normals">
          <float_array id="meshId26-normals-array" count="228"> -1 0 1.99112e-14 -1 0 1.99112e-14 -1 0 1.99112e-14 -1 0 1.99112e-14 0.00593222 -0.999982 0 0.0020362 -0.999998 0 0.0020362 -0.999998 0 0.00593222 -0.999982 0 0.99863 -0.0523244 0 1 0 0 1 0 0 0.99863 -0.0523244 0 0.999963 -0.0085848 -1.95026e-08 0.999963 -0.0085848 -1.95026e-08 0.999963 -0.0085848 -1.95026e-08 0.999963 -0.0085848 -1.95026e-08 -1 0 0 -0.998793 -0.0491278 0 -0.998793 -0.0491278 0 -1 0 0 -0.999999 0.00162339 0 -0.999997 -0.00235957 0 -0.999997 -0.00235957 0 -0.999999 0.00162339 0 -0.999951 -0.00993487 0 -0.999951 0.00993527 0 -0.999951 0.00993527 0 -0.999951 -0.00993487 0 -0.0714321 0.997446 0 0 1 0 0 1 0 -0.0714321 0.997446 0 -0.0111964 -0.999937 0 -0.0111964 -0.999937 0 -0.0111964 -0.999937 0 -0.0111964 -0.999937 0 -0.92388 -0.382683 0 -0.92388 -0.382683 0 -0.382682 -0.92388 0 -0.382682 -0.92388 0 -0.382682 -0.92388 0 -0.382682 -0.92388 0 -0.0371829 0.999308 0 -0.382677 0.923882 0 -0.382677 0.923882 0 -0.0371829 0.999308 0 -0.923886 0.382667 0 -0.923886 0.382667 0 -0.923881 -0.38268 0 -0.923881 -0.38268 0 -0.38268 -0.923881 0 -0.38268 -0.923881 0 -0.923881 0.38268 0 -0.923881 0.38268 0 -0.38268 0.923881 0 -0.38268 0.923881 0 -0.923881 -0.38268 0 -0.923881 -0.38268 0 -0.38268 -0.923881 0 -0.38268 -0.923881 0 0.382681 -0.92388 0 0.382681 -0.92388 0 0.923879 -0.382685 0 0.923879 -0.382685 0 0.382677 -0.923882 0 0.382677 -0.923882 0 0 1 0 0 1 0 1 0 0 1 0 0 1 0 0 1 0 0 1 0 0 1 0 0 1 0 0 1 0 0 </float_array>
          <technique_common>
            <accessor count="76" offset="0" source="#meshId26-normals-array" stride="3">
              <param name="X" type="float" />
              <param name="Y" type="float" />
              <param name="Z" type="float" />
            </accessor>
          </technique_common>
        </source>
        <source id="meshId26-tangents" name="meshId26-tangents">
          <float_array id="meshId26-tangents-array" count="228"> -1.99112e-14 -1.19498e-06 -1 -1.99112e-14 -1.35325e-06 -1 -1.99112e-14 -1.36096e-06 -1 -1.99112e-14 -1.20269e-06 -1 -1.19703e-07 -7.10119e-10 -1 -2.29434e-07 -4.67168e-10 -1 -1.19378e-07 -2.43077e-10 -1 -2.2961e-07 -1.36212e-09 -1 0 0 -1 0 2.5193e-09 -1 0 2.38418e-07 -1 6.16327e-09 1.17628e-07 -1 -2.3967e-08 -5.19938e-07 -1 -1.97169e-08 -2.48809e-08 -1 -1.95019e-08 1.67426e-10 -1 -2.3752e-08 -4.9489e-07 -1 0 0 -1 1.11878e-08 -2.27454e-07 -1 1.17197e-08 -2.38267e-07 -1 0 -4.70272e-07 -1 6.51759e-10 4.01486e-07 -1 -9.0067e-10 3.81713e-07 -1 -8.79777e-10 3.72859e-07 -1 6.37384e-10 3.92631e-07 -1 1.73463e-09 -1.74591e-07 -1 -2.28294e-09 -2.2977e-07 -1 -2.28294e-09 -2.2977e-07 -1 2.28289e-09 -2.29774e-07 -1 0 0 -1 0 0 -1 0 0 -1 0 0 -1 0 0 -1 0 0 -1 0 0 -1 0 0 -1 -1.48264e-07 3.57943e-07 -1 -1.48264e-07 3.57943e-07 -1 0 0 -1 0 0 -1 0 0 -1 0 0 -1 3.74564e-07 1.3937e-08 -1 3.85479e-07 1.59667e-07 -1 3.85479e-07 1.59667e-07 -1 4.03766e-07 1.50236e-08 -1 1.59665e-07 3.85486e-07 -1 1.59665e-07 3.85486e-07 -1 1.82084e-07 -4.39595e-07 -1 0 0 -1 0 0 -1 0 0 -1 -9.12335e-08 -2.2026e-07 -1 -9.12336e-08 -2.2026e-07 -1 0 0 -1 0 0 -1 4.56207e-08 -1.10139e-07 -1 9.11465e-08 -2.20049e-07 -1 0 0 -1 0 0 -1 0 0 -1 -2.19204e-07 -9.07965e-08 -1 0 0 -1 0 0 -1 -2.19898e-07 -9.10829e-08 -1 0 0 -1 3.57627e-07 0 -1 4.16112e-07 0 -1 0 0 -1 0 -2.25916e-07 -1 0 -2.39777e-07 -1 0 -1.38615e-08 -1 0 0 -1 0 -2.19641e-07 -1 0 -2.33117e-07 -1 0 -1.34765e-08 -1 </float_array>
          <technique_common>
            <accessor count="76" offset="0" source="#meshId26-tangents-array" stride="3">
              <param name="X" type="float" />
              <param name="Y" type="float" />
              <param name="Z" type="float" />
            </accessor>
          </technique_common>
        </source>
        <source id="meshId26-bitangents" name="meshId26-bitangents">
          <float_array id="meshId26-bitangents-array" count="228"> 2.37936e-20 -1 1.19498e-06 2.69449e-20 -1 1.35325e-06 2.70984e-20 -1 1.36096e-06 2.39471e-20 -1 1.20269e-06 0.999982 0.00593222 -1.19706e-07 0.999998 0.0020362 -2.29434e-07 0.999998 0.0020362 -1.19378e-07 0.999982 0.00593222 -2.29614e-07 0.0523244 0.99863 0 -0 1 2.5193e-09 -0 1 2.38418e-07 0.0523244 0.99863 1.1779e-07 0.0085848 0.999963 -5.20125e-07 0.0085848 0.999963 -2.50492e-08 0.0085848 0.999963 0 0.0085848 0.999963 -4.95075e-07 -0 -1 -0 0.0491278 -0.998793 2.27729e-07 0.0491278 -0.998793 2.38555e-07 0 -1 4.70272e-07 -0.00162339 -0.999999 -4.01487e-07 0.00235957 -0.999997 -3.81714e-07 0.00235957 -0.999997 -3.7286e-07 -0.00162339 -0.999999 -3.92632e-07 0.00993487 -0.999951 1.746e-07 -0.00993527 -0.999951 2.29781e-07 -0.00993527 -0.999951 2.29781e-07 0.00993487 -0.999951 2.29785e-07 -0.997446 -0.0714321 -0 -1 0 0 -1 0 0 -0.997446 -0.0714321 -0 0.999937 -0.0111964 0 0.999937 -0.0111964 0 0.999937 -0.0111964 0 0.999937 -0.0111964 0 0.382682 -0.92388 -3.87434e-07 0.382683 -0.92388 -3.87435e-07 0.92388 -0.382682 0 0.92388 -0.382682 0 0.92388 -0.382682 0 0.92388 -0.382682 0 -0.999308 -0.0371829 -3.74823e-07 -0.923882 -0.382677 -4.17238e-07 -0.923882 -0.382677 -4.17238e-07 -0.999308 -0.0371829 -4.04046e-07 -0.382667 -0.923886 -4.17244e-07 -0.382667 -0.923886 -4.17244e-07 0.38268 -0.923881 4.75813e-07 0.38268 -0.923881 0 0.923881 -0.38268 0 0.923881 -0.38268 0 -0.38268 -0.923881 2.38407e-07 -0.38268 -0.923881 2.38407e-07 -0.923881 -0.38268 -0 -0.923881 -0.38268 -0 0.38268 -0.923881 1.19214e-07 0.38268 -0.923881 2.38179e-07 0.923881 -0.38268 0 0.923881 -0.38268 0 0.92388 0.382681 0 0.92388 0.382681 -2.37264e-07 0.382685 0.923879 0 0.382685 0.923879 0 0.923882 0.382677 -2.38015e-07 0.923882 0.382677 0 -1 0 -3.57627e-07 -1 0 -4.16112e-07 -0 1 0 0 1 -2.25916e-07 0 1 -2.39777e-07 0 1 -1.38615e-08 -0 1 0 0 1 -2.19641e-07 0 1 -2.33117e-07 0 1 -1.34765e-08 </float_array>
          <technique_common>
            <accessor count="76" offset="0" source="#meshId26-bitangents-array" stride="3">
              <param name="X" type="float" />
              <param name="Y" type="float" />
              <param name="Z" type="float" />
            </accessor>
          </technique_common>
        </source>
        <source id="meshId26-tex0" name="meshId26-tex0">
          <float_array id="meshId26-tex0-array" count="152"> -1 -1.23394 -3.57628e-07 -1.23394 -3.57628e-07 -1.16086 -1 -1.16086 -2.08616e-07 -1.77038 -2.68221e-07 -1.28378 -1 -1.28378 -1 -1.77038 -4.17233e-07 -1.27858 0 -1.26198 -1 -1.26198 -1 -1.27858 -1 -1.9379 0 -1.9379 -1.19209e-07 -1.8621 -1 -1.8621 8.9407e-08 -1.15073 8.9407e-08 -1.1291 -1 -1.1291 -1 -1.15073 0.000160933 -0.781128 0.000160605 -0.0406677 -0.999839 -0.0406681 -0.999839 -0.781128 2.38419e-07 -0.983503 2.38419e-07 -0.86495 -1 -0.86495 -1 -0.983502 9.53674e-07 -0.843387 9.53674e-07 -0.82945 -1 -0.82945 -1 -0.843387 0 -1.1228 8.9407e-08 -1.01793 -1 -1.01793 -1 -1.1228 0.000160605 -0.036076 -0.999839 -0.0360764 -1.49012e-07 -0.0232736 0 -0.0186818 -1 -0.0186818 -1 -0.0232736 0.000160933 -0.787435 0.000160992 -0.784281 -0.999839 -0.784282 -0.999839 -0.787435 0.000160992 -0.784281 -0.999839 -0.784282 8.9407e-08 -1.12595 -1 -1.12595 8.9407e-08 -1.12595 -1 -1.12595 1.19209e-07 -0.861796 -1 -0.861796 9.53674e-07 -0.846541 -1 -0.846541 1.19209e-07 -0.986656 -1 -0.986656 0 -1.01478 -1 -1.01478 -2.08616e-07 -1.77804 -1 -1.77804 -4.17233e-07 -1.28118 -1 -1.28118 -4.17233e-07 -1.28118 -1 -1.28118 0.000160992 -0.816955 -0.999839 -0.816955 -2.08616e-07 -2.05447 -1 -2.05447 -1 -2.14553 -2.08616e-07 -2.14553 2.98023e-07 -2.20447 -1 -2.20447 -1 -2.29553 2.98023e-07 -2.29553 </float_array>
          <technique_common>
            <accessor count="76" offset="0" source="#meshId26-tex0-array" stride="2">
              <param name="S" type="float" />
              <param name="T" type="float" />
            </accessor>
          </technique_common>
        </source>
        <vertices id="meshId26-vertices">
          <input semantic="POSITION" source="#meshId26-positions" />
        </vertices>
        <polylist count="50" material="defaultMaterial">
          <input offset="0" semantic="VERTEX" source="#meshId26-vertices" />
          <input offset="0" semantic="NORMAL" source="#meshId26-normals" />
          <input offset="0" semantic="TANGENT" source="#meshId26-tangents" />
          <input offset="0" semantic="BINORMAL" source="#meshId26-bitangents" />
          <input offset="0" semantic="TEXCOORD" source="#meshId26-tex0" set="0" />
          <vcount>3 3 3 3 3 3 3 3 3 3 3 3 3 3 3 3 3 3 3 3 3 3 3 3 3 3 3 3 3 3 3 3 3 3 3 3 3 3 3 3 3 3 3 3 3 3 3 3 3 3 </vcount>
          <p>3 0 1 1 2 3 7 4 5 5 6 7 11 8 9 9 10 11 15 12 13 13 14 15 19 16 17 17 18 19 23 20 21 21 22 23 27 24 25 25 26 27 31 28 29 29 30 31 35 32 33 33 34 35 22 21 36 36 37 22 41 38 39 39 40 41 45 42 43 43 44 45 47 46 20 20 23 47 18 17 48 48 49 18 51 50 32 32 35 51 26 25 52 52 53 26 55 54 28 28 31 55 57 56 24 24 27 57 34 33 58 58 59 34 61 60 4 4 7 61 63 62 8 8 11 63 6 5 64 64 65 6 67 66 42 42 45 67 71 68 69 69 70 71 75 72 73 73 74 75 </p>
        </polylist>
      </mesh>
    </geometry>
    <geometry id="meshId27" name="meshId27_name" >
      <mesh>
        <source id="meshId27-positions" name="meshId27-positions">
          <float_array id="meshId27-positions-array" count="264"> 0.344304 0.187789 0.3839 0.344304 0.187789 0 0.344641 0.186696 0 0.344641 0.186696 0.3839 0.344472 0.189723 0.3839 0.344472 0.189723 0 0.344305 0.189182 0 0.344305 0.189182 0.3839 0.344178 0.158076 0.3839 0.344178 0.158076 0 0.34551 0.156441 0 0.34551 0.156441 0.3839 0.344178 0.159522 0.3839 0.344892 0.161157 0.3839 0.344892 0.161157 0 0.344178 0.159522 0 0.383025 0.190265 0.3839 0.383025 0.190265 0 0.345407 0.190265 0 0.345407 0.190265 0.3839 0.448114 -0.190265 0 0.448114 -0.190265 0 0.448114 -0.190265 0.3839 0.448114 -0.190265 0.3839 0.633434 0.155245 0.3839 0.633434 0.155245 0 0.635295 0.157408 0 0.635295 0.157408 0.3839 0.635295 0.158929 0.3839 0.635295 0.158929 0 0.634132 0.161081 0 0.634132 0.161081 0.3839 0.635146 0.187131 0 0.635146 0.187131 0.3839 0.634431 0.185487 0.3839 0.634431 0.185487 0 0.634789 0.189395 0 0.634789 0.189395 0.3839 0.635145 0.188577 0.3839 0.635145 0.188577 0 0.616112 0.190212 0 0.616112 0.190212 0.3839 0.63354 0.190212 0.3839 0.63354 0.190212 0 0.345045 0.190146 0.3839 0.345045 0.190146 0 0.634286 0.18999 0 0.634286 0.18999 0.3839 0.383643 0.190009 0.3839 0.383643 0.190009 0 0.3839 0.18939 0.3839 0.3839 0.18939 0 0.615493 0.189956 0 0.615493 0.189956 0.3839 0.615237 0.189338 0 0.615237 0.189338 0.3839 0.443287 -0.0523446 0 0.443287 -0.0523446 0.3839 0.442124 -0.0545076 0.3839 0.442124 -0.0545076 0 0.443287 -0.0508233 0 0.442124 -0.0486709 0 0.442124 -0.0486709 0.3839 0.443287 -0.0508233 0.3839 0.443137 -0.022621 0 0.443137 -0.022621 0.3839 0.442423 -0.0242658 0.3839 0.442423 -0.0242658 0 0.443137 -0.0211753 0 0.442424 -0.0195401 0 0.442424 -0.0195401 0.3839 0.443137 -0.0211752 0.3839 0.443287 0.0525262 0 0.443287 0.0525262 0.3839 0.442124 0.0503632 0.3839 0.442124 0.0503632 0 0.443287 0.0540475 0 0.442124 0.0561999 0 0.442124 0.0561999 0.3839 0.443287 0.0540475 0.3839 0.443137 0.0822498 0 0.443137 0.0822498 0.3839 0.442423 0.080605 0.3839 0.442423 0.080605 0 0.443137 0.0836955 0 0.442424 0.0853307 0 0.442424 0.0853307 0.3839 0.443137 0.0836956 0.3839 </float_array>
          <technique_common>
            <accessor count="88" offset="0" source="#meshId27-positions-array" stride="3">
              <param name="X" type="float" />
              <param name="Y" type="float" />
              <param name="Z" type="float" />
            </accessor>
          </technique_common>
        </source>
        <source id="meshId27-normals" name="meshId27-normals">
          <float_array id="meshId27-normals-array" count="264"> -0.982705 -0.185178 -7.18011e-09 -0.996269 -0.0863039 -6.69982e-09 -0.955438 -0.295192 -1.1458e-08 -0.955437 -0.295196 0 -0.856429 0.516265 4.99628e-08 -0.726104 0.687585 6.24791e-08 -0.990941 0.134295 2.20474e-08 -0.998715 0.0506823 3.93449e-09 -0.870818 -0.491606 -1.90778e-08 -0.959417 -0.281991 -2.18911e-08 -0.775468 -0.631387 -2.45075e-08 -0.775465 -0.63139 0 -0.974193 0.225715 8.76924e-09 -0.916597 0.399813 0 -0.916596 0.399816 1.55209e-08 -0.974193 0.225716 1.75247e-08 0.00337664 0.999994 0 0.0131831 0.999913 0 -0.00157529 0.999999 0 -0.00621255 0.999981 7.33291e-10 0 -1 0 0 -1 0 0 -1 0 0 -1 0 0.75799 -0.652266 2.53179e-08 0.757988 -0.652269 0 0.843558 -0.537038 2.08453e-08 0.941619 -0.336679 2.61366e-08 0.928682 0.370877 -1.43957e-08 0.975831 0.218525 -1.69642e-08 0.879726 0.475482 -1.8456e-08 0.879724 0.475484 0 0.957339 -0.288967 1.12117e-08 0.987846 -0.155435 1.20665e-08 0.917104 -0.398647 1.54736e-08 0.917103 -0.39865 0 0.878052 0.478566 -1.08991e-08 0.827652 0.561241 0 0.974196 0.225702 -8.76799e-09 0.995379 0.0960209 -7.45415e-09 -0.00721946 0.999974 0 -0.0274331 0.999624 0 0.00625109 0.99998 0 0.0235193 0.999723 0 -0.53867 0.842517 5.88842e-08 -0.453827 0.89109 4.98588e-08 0.627869 0.778319 0 0.462348 0.886699 0 0.707095 0.707119 0 0.707095 0.707119 0 0.923859 0.382732 0 0.923859 0.382732 0 -0.707077 0.707137 0 -0.707077 0.707137 0 -0.923859 0.382732 0 -0.923859 0.382732 0 0.929136 -0.369739 1.43515e-08 0.975923 -0.218113 1.69323e-08 0.880684 -0.473705 1.8387e-08 0.880682 -0.473707 0 0.953337 0.30191 -1.02976e-08 0.879716 0.4755 0 0.879714 0.475502 -1.62186e-08 0.953336 0.301911 -2.05953e-08 0.95734 -0.288962 1.12117e-08 0.987845 -0.155442 1.20676e-08 0.917109 -0.398635 1.54731e-08 0.917108 -0.398638 0 0.974195 0.225706 -8.25381e-09 0.916602 0.3998 0 0.916601 0.399803 -1.4608e-08 0.974195 0.225708 -1.64938e-08 0.929135 -0.36974 1.43515e-08 0.975923 -0.218113 1.69323e-08 0.880683 -0.473705 1.8387e-08 0.880682 -0.473708 0 0.953337 0.301909 -1.17577e-08 0.879716 0.475499 0 0.879715 0.475502 -1.85182e-08 0.953336 0.30191 -2.35155e-08 0.95734 -0.288963 1.12117e-08 0.987845 -0.155442 1.2067e-08 0.917109 -0.398636 1.54732e-08 0.917108 -0.398639 0 0.974195 0.225706 -8.76926e-09 0.916602 0.3998 0 0.916601 0.399803 -1.55211e-08 0.974195 0.225707 -1.75247e-08 </float_array>
          <technique_common>
            <accessor count="88" offset="0" source="#meshId27-normals-array" stride="3">
              <param name="X" type="float" />
              <param name="Y" type="float" />
              <param name="Z" type="float" />
            </accessor>
          </technique_common>
        </source>
        <source id="meshId27-tangents" name="meshId27-tangents">
          <float_array id="meshId27-tangents-array" count="264"> 5.41202e-09 1.00535e-08 -1 -3.67968e-11 7.80553e-08 -1 6.65517e-09 1.72747e-08 -1 0 0 -1 -2.10758e-08 6.1815e-08 -1 -4.43817e-08 4.39994e-08 -1 -1.34069e-08 6.52443e-08 -1 -3.76608e-11 7.68884e-08 -1 2.71359e-08 -9.26077e-09 -1 3.99396e-08 -5.82559e-08 -1 1.87625e-08 1.57712e-08 -1 3.76337e-08 -4.62211e-08 -1 -6.65962e-09 1.01078e-08 -1 0 0 -1 -8.08367e-08 -1.46502e-07 -1 -5.2651e-08 -1.49602e-07 -1 0 0 -1 -5.52906e-08 7.28965e-10 -1 0 0 -1 2.36439e-10 7.34777e-10 -1 1 0 0 1 0 0 1 0 0 1 0 0 5.94844e-08 3.03108e-08 -1 2.33269e-07 2.71077e-07 -1 1.21662e-07 1.52287e-07 -1 -1.89277e-08 -1.30567e-07 -1 1.06901e-07 -3.06497e-07 -1 1.2454e-08 -1.33244e-07 -1 1.29697e-07 -2.78777e-07 -1 1.70046e-07 -3.14613e-07 -1 -3.62125e-11 -3.8919e-08 -1 9.12961e-09 -1.96087e-08 -1 -1.41063e-08 -7.12674e-08 -1 0 0 -1 -4.96393e-08 6.83014e-08 -1 -3.2927e-08 4.85568e-08 -1 -2.63284e-08 7.47935e-08 -1 -5.4554e-09 -2.10784e-08 -1 0 0 -1 0 0 -1 0 0 -1 0 0 -1 -4.16024e-08 4.3292e-08 -1 -6.92089e-09 5.24279e-08 -1 -4.54862e-08 3.66937e-08 -1 0 0 -1 -8.21075e-11 8.21047e-11 -1 -7.78926e-08 7.78899e-08 -1 0 0 -1 -4.56091e-08 1.10094e-07 -1 -5.83327e-08 -5.83277e-08 -1 0 0 -1 -6.84105e-08 -1.65133e-07 -1 -7.36678e-11 -1.77823e-10 -1 -2.17505e-08 -1.58426e-08 1 -1.03024e-09 7.30208e-08 1 1.58309e-08 6.82471e-08 1 -5.64699e-08 -1.04985e-07 1 -1.9042e-08 9.4237e-08 1 -5.68212e-08 1.05124e-07 1 -1.41482e-08 6.02835e-08 1 1.22643e-10 6.78293e-08 1 -5.5444e-10 -4.06368e-08 -1 2.7621e-08 9.78992e-08 -1 3.31303e-08 3.7405e-08 -1 -4.75217e-08 -1.09328e-07 -1 -2.58971e-08 7.52083e-08 -1 -4.76941e-08 1.09346e-07 -1 -8.20016e-08 1.51462e-07 -1 -5.27393e-08 1.54557e-07 -1 5.33264e-08 1.72822e-07 1 -1.07249e-10 7.71507e-08 1 7.26469e-08 1.73876e-07 1 8.47064e-08 1.5748e-07 1 -8.20656e-09 6.48583e-08 1 2.83538e-08 -5.24571e-08 1 4.0476e-08 -3.59391e-08 1 3.48896e-08 -3.22812e-08 1 3.35567e-08 7.23742e-08 -1 -9.27291e-09 -1.36561e-07 -1 3.34148e-08 3.80595e-08 -1 4.75205e-08 1.09325e-07 -1 -2.60922e-08 7.37668e-08 -1 -4.75994e-08 1.09129e-07 -1 1.09021e-07 -2.88766e-07 -1 5.26667e-08 -3.04963e-07 -1 </float_array>
          <technique_common>
            <accessor count="88" offset="0" source="#meshId27-tangents-array" stride="3">
              <param name="X" type="float" />
              <param name="Y" type="float" />
              <param name="Z" type="float" />
            </accessor>
          </technique_common>
        </source>
        <source id="meshId27-bitangents" name="meshId27-bitangents">
          <float_array id="meshId27-bitangents-array" count="264"> 0.185178 -0.982705 -8.87748e-09 0.0863039 -0.996269 -7.77672e-08 0.295192 -0.955438 -1.45404e-08 0.295196 -0.955437 0 -0.516265 -0.856429 -4.20594e-08 -0.687585 -0.726104 -1.43189e-09 -0.134295 -0.990941 -6.28528e-08 -0.0506823 -0.998715 -7.67877e-08 0.491606 -0.870818 2.14046e-08 0.281991 -0.959417 6.71543e-08 0.631387 -0.775468 -3.83617e-10 0.63139 -0.775465 5.96044e-08 -0.225715 -0.974193 -8.3438e-09 -0.399813 -0.916597 -0 -0.399816 -0.916596 1.66603e-07 -0.225716 -0.974193 1.57625e-07 -0.999994 0.00337664 0 -0.999913 0.0131831 5.52954e-08 -0.999999 -0.00157529 -0 -0.999981 -0.00621255 -2.40999e-10 0 -0 -1 0 -0 -1 0 -0 -1 0 -0 -1 0.652266 0.75799 6.1775e-08 0.652269 0.757988 3.57627e-07 0.537038 0.843558 1.938e-07 0.336679 0.941619 -1.29317e-07 -0.370877 0.928682 -3.24285e-07 -0.218525 0.975831 -1.32746e-07 -0.475482 0.879726 -3.06916e-07 -0.475484 0.879724 -3.57626e-07 0.288967 0.957339 -3.72692e-08 0.155435 0.987846 -1.79513e-08 0.398647 0.917104 -7.0983e-08 0.39865 0.917103 0 -0.478566 0.878052 8.37279e-08 -0.561241 0.827652 5.86681e-08 -0.225702 0.974196 7.88059e-08 -0.0960209 0.995379 -2.04572e-08 -0.999974 -0.00721946 -0 -0.999624 -0.0274331 -0 -0.99998 0.00625109 0 -0.999723 0.0235193 0 -0.842517 -0.53867 1.17306e-08 -0.89109 -0.453827 -1.7626e-08 -0.778319 0.627869 5.84417e-08 -0.886699 0.462348 0 -0.707119 0.707095 1.16116e-10 -0.707119 0.707095 1.10155e-07 -0.382732 0.923859 0 -0.382732 0.923859 1.19167e-07 -0.707137 -0.707077 8.24913e-08 -0.707137 -0.707077 -0 -0.382732 -0.923859 1.78743e-07 -0.382732 -0.923859 1.92479e-10 -0.369739 -0.929136 -2.27619e-08 -0.218113 -0.975923 7.1038e-08 -0.473705 -0.880684 6.76032e-08 -0.473707 -0.880682 -1.19208e-07 0.30191 -0.953337 9.55885e-08 0.4755 -0.879716 1.19498e-07 0.475502 -0.879714 5.97598e-08 0.301911 -0.953336 6.46271e-08 0.288962 0.95734 -3.90634e-08 0.155442 0.987845 1.01003e-07 0.398635 0.917109 4.75114e-08 0.398638 0.917108 -1.1921e-07 -0.225706 0.974195 7.91127e-08 -0.3998 0.916602 1.19295e-07 -0.399803 0.916601 1.71614e-07 -0.225708 0.974195 1.62472e-07 -0.36974 -0.929135 1.80292e-07 -0.218113 -0.975923 7.52697e-08 -0.473705 -0.880683 1.87543e-07 -0.473708 -0.880682 1.78816e-07 0.301909 -0.953337 6.43094e-08 0.475499 -0.879716 -5.96296e-08 0.475502 -0.879715 -5.08626e-08 0.30191 -0.953336 -4.13084e-08 0.288963 0.95734 7.89834e-08 0.155442 0.987845 -1.36342e-07 0.398636 0.917109 4.82251e-08 0.398639 0.917108 1.19207e-07 -0.225706 0.974195 7.77525e-08 -0.3998 0.916602 1.19058e-07 -0.399803 0.916601 -3.0827e-07 -0.225707 0.974195 -3.08981e-07 </float_array>
          <technique_common>
            <accessor count="88" offset="0" source="#meshId27-bitangents-array" stride="3">
              <param name="X" type="float" />
              <param name="Y" type="float" />
              <param name="Z" type="float" />
            </accessor>
          </technique_common>
        </source>
        <source id="meshId27-tex0" name="meshId27-tex0">
          <float_array id="meshId27-tex0-array" count="176"> 1 -0.642677 2 -0.642678 2 -0.6397 1 -0.6397 1 -0.647783 2 -0.647783 2 -0.646307 1 -0.646307 1 -0.598541 2 -0.598541 2 -0.593047 1 -0.593046 1 -0.602306 1 -0.606954 2 -0.606954 2 -0.602307 1 -0.748619 2 -0.748619 2 -0.65063 1 -0.65063 0 0 0 0 0 0 0 0 0.999999 -0.863423 2 -0.863423 2 -0.85599 0.999999 -0.85599 0.999999 -0.852028 2 -0.852027 2 -0.845654 0.999999 -0.845654 2 -0.826308 1 -0.826308 1 -0.83098 2 -0.83098 2 -0.820219 1 -0.820219 1 -0.822542 2 -0.822542 2 -0.770763 0.999999 -0.770763 1 -0.816162 2 -0.816162 1 -0.649637 2 -0.649637 2 -0.81819 1 -0.81819 1 -0.750363 2 -0.750363 1 -0.752107 2 -0.752107 2 -0.76902 1 -0.76902 2 -0.767277 1 -0.767277 0.999998 -0.972214 2 -0.972214 2 -0.965817 0.999998 -0.965816 0.999998 -0.976177 0.999998 -0.98255 2 -0.98255 2 -0.976177 2 -0.901871 0.999999 -0.901871 0.999999 -0.906542 2 -0.906542 2 -0.898105 2 -0.893458 0.999999 -0.893458 0.999999 -0.898104 1 -0.972214 2 -0.972214 2 -0.965816 1 -0.965816 1 -0.976177 1 -0.98255 2 -0.98255 2 -0.976177 2 -0.901871 1 -0.901871 1 -0.906542 2 -0.906542 2 -0.898105 2 -0.893458 1 -0.893458 1 -0.898105 </float_array>
          <technique_common>
            <accessor count="88" offset="0" source="#meshId27-tex0-array" stride="2">
              <param name="S" type="float" />
              <param name="T" type="float" />
            </accessor>
          </technique_common>
        </source>
        <vertices id="meshId27-vertices">
          <input semantic="POSITION" source="#meshId27-positions" />
        </vertices>
        <polylist count="70" material="defaultMaterial">
          <input offset="0" semantic="VERTEX" source="#meshId27-vertices" />
          <input offset="0" semantic="NORMAL" source="#meshId27-normals" />
          <input offset="0" semantic="TANGENT" source="#meshId27-tangents" />
          <input offset="0" semantic="BINORMAL" source="#meshId27-bitangents" />
          <input offset="0" semantic="TEXCOORD" source="#meshId27-tex0" set="0" />
          <vcount>3 3 3 3 3 3 3 3 3 3 3 3 3 3 3 3 3 3 3 3 3 3 3 3 3 3 3 3 3 3 3 3 3 3 3 3 3 3 3 3 3 3 3 3 3 3 3 3 3 3 3 3 3 3 3 3 3 3 3 3 3 3 3 3 3 3 3 3 3 3 </vcount>
          <p>0 1 2 2 3 0 4 5 6 6 7 4 7 6 1 1 0 7 8 9 10 10 11 8 12 13 14 14 15 12 12 15 9 9 8 12 16 17 18 18 19 16 20 21 22 22 23 20 24 25 26 26 27 24 28 29 30 30 31 28 27 26 29 29 28 27 32 33 34 34 35 32 36 37 38 38 39 36 39 38 33 33 32 39 40 41 42 42 43 40 44 45 5 5 4 44 19 18 45 45 44 19 46 47 37 37 36 46 43 42 47 47 46 43 48 49 17 17 16 48 48 50 51 51 49 48 52 53 41 41 40 52 52 54 55 55 53 52 56 57 58 58 59 56 60 61 62 62 63 60 60 63 57 57 56 60 64 65 66 66 67 64 68 69 70 70 71 68 68 71 65 65 64 68 72 73 74 74 75 72 76 77 78 78 79 76 76 79 73 73 72 76 80 81 82 82 83 80 84 85 86 86 87 84 84 87 81 81 80 84 </p>
        </polylist>
      </mesh>
    </geometry>
    <geometry id="meshId28" name="meshId28_name" >
      <mesh>
        <source id="meshId28-positions" name="meshId28-positions">
          <float_array id="meshId28-positions-array" count="18"> 0.441484 -0.113683 0 0.441484 0.143728 0 0.441484 0.143728 0.3839 0.441484 -0.113683 0.3839 0.442609 0.146442 0 0.442609 0.146442 0.3839 </float_array>
          <technique_common>
            <accessor count="6" offset="0" source="#meshId28-positions-array" stride="3">
              <param name="X" type="float" />
              <param name="Y" type="float" />
              <param name="Z" type="float" />
            </accessor>
          </technique_common>
        </source>
        <source id="meshId28-normals" name="meshId28-normals">
          <float_array id="meshId28-normals-array" count="18"> 1 0 0 0.999991 -0.00432212 0 0.999991 -0.00432212 0 1 0 0 0.92388 -0.382682 0 0.92388 -0.382682 0 </float_array>
          <technique_common>
            <accessor count="6" offset="0" source="#meshId28-normals-array" stride="3">
              <param name="X" type="float" />
              <param name="Y" type="float" />
              <param name="Z" type="float" />
            </accessor>
          </technique_common>
        </source>
        <source id="meshId28-tangents" name="meshId28-tangents">
          <float_array id="meshId28-tangents-array" count="18"> 0 0 -1 -6.70593e-10 -1.55154e-07 -1 -5.17381e-10 -1.19704e-07 -1 0 -1.48767e-07 -1 -9.07929e-08 -2.19194e-07 -1 0 0 -1 </float_array>
          <technique_common>
            <accessor count="6" offset="0" source="#meshId28-tangents-array" stride="3">
              <param name="X" type="float" />
              <param name="Y" type="float" />
              <param name="Z" type="float" />
            </accessor>
          </technique_common>
        </source>
        <source id="meshId28-bitangents" name="meshId28-bitangents">
          <float_array id="meshId28-bitangents-array" count="18"> -0 1 0 0.00432212 0.999991 -1.55155e-07 0.00432212 0.999991 -1.19705e-07 0 1 -1.48767e-07 0.382682 0.92388 -2.37254e-07 0.382682 0.92388 0 </float_array>
          <technique_common>
            <accessor count="6" offset="0" source="#meshId28-bitangents-array" stride="3">
              <param name="X" type="float" />
              <param name="Y" type="float" />
              <param name="Z" type="float" />
            </accessor>
          </technique_common>
        </source>
        <source id="meshId28-tex0" name="meshId28-tex0">
          <float_array id="meshId28-tex0-array" count="12"> 1 -1.98908 1 -1.31857 -1.78814e-07 -1.31857 -5.96046e-08 -1.98908 1 -1.31091 -1.78814e-07 -1.31091 </float_array>
          <technique_common>
            <accessor count="6" offset="0" source="#meshId28-tex0-array" stride="2">
              <param name="S" type="float" />
              <param name="T" type="float" />
            </accessor>
          </technique_common>
        </source>
        <vertices id="meshId28-vertices">
          <input semantic="POSITION" source="#meshId28-positions" />
        </vertices>
        <polylist count="4" material="defaultMaterial">
          <input offset="0" semantic="VERTEX" source="#meshId28-vertices" />
          <input offset="0" semantic="NORMAL" source="#meshId28-normals" />
          <input offset="0" semantic="TANGENT" source="#meshId28-tangents" />
          <input offset="0" semantic="BINORMAL" source="#meshId28-bitangents" />
          <input offset="0" semantic="TEXCOORD" source="#meshId28-tex0" set="0" />
          <vcount>3 3 3 3 </vcount>
          <p>3 0 1 1 2 3 2 1 4 4 5 2 </p>
        </polylist>
      </mesh>
    </geometry>
    <geometry id="meshId29" name="meshId29_name" >
      <mesh>
        <source id="meshId29-positions" name="meshId29-positions">
          <float_array id="meshId29-positions-array" count="42"> 0.450033 -0.188346 0 0.450033 -0.12452 0 0.450033 -0.12452 0.3839 0.450033 -0.188346 0.3839 0.447896 -0.120527 0 0.443621 -0.117676 0 0.443621 -0.117676 0.3839 0.447896 -0.120527 0.3839 0.448114 -0.190265 0.3839 0.448114 -0.190265 0 0.449471 -0.189703 0 0.449471 -0.189703 0.3839 0.441484 -0.113683 0 0.441484 -0.113683 0.3839 </float_array>
          <technique_common>
            <accessor count="14" offset="0" source="#meshId29-positions-array" stride="3">
              <param name="X" type="float" />
              <param name="Y" type="float" />
              <param name="Z" type="float" />
            </accessor>
          </technique_common>
        </source>
        <source id="meshId29-normals" name="meshId29-normals">
          <float_array id="meshId29-normals-array" count="42"> 0.999963 -0.00862393 0 0.999504 0.0314945 0 0.999504 0.0314945 0 0.999963 -0.00862393 0 0.729774 0.683689 0 0.729774 0.683688 0 0.729774 0.683688 0 0.729774 0.683689 0 0.38268 -0.923881 0 0.38268 -0.923881 0 0.707107 -0.707107 0 0.707107 -0.707107 0 0.8817 0.471811 0 0.8817 0.471811 0 </float_array>
          <technique_common>
            <accessor count="14" offset="0" source="#meshId29-normals-array" stride="3">
              <param name="X" type="float" />
              <param name="Y" type="float" />
              <param name="Z" type="float" />
            </accessor>
          </technique_common>
        </source>
        <source id="meshId29-tangents" name="meshId29-tangents">
          <float_array id="meshId29-tangents-array" count="42"> 0 0 -1 0 0 -1 0 0 -1 0 0 -1 0 0 -1 0 0 -1 0 0 -1 0 0 -1 0 0 -1 0 0 -1 0 0 -1 0 0 -1 0 0 -1 0 0 -1 </float_array>
          <technique_common>
            <accessor count="14" offset="0" source="#meshId29-tangents-array" stride="3">
              <param name="X" type="float" />
              <param name="Y" type="float" />
              <param name="Z" type="float" />
            </accessor>
          </technique_common>
        </source>
        <source id="meshId29-bitangents" name="meshId29-bitangents">
          <float_array id="meshId29-bitangents-array" count="42"> 0.00862393 0.999963 0 -0.0314945 0.999504 0 -0.0314945 0.999504 0 0.00862393 0.999963 0 -0.683689 0.729774 0 -0.683688 0.729774 0 -0.683688 0.729774 0 -0.683689 0.729774 0 0.923881 0.38268 0 0.923881 0.38268 0 0.707107 0.707107 0 0.707107 0.707107 0 -0.471811 0.8817 0 -0.471811 0.8817 0 </float_array>
          <technique_common>
            <accessor count="14" offset="0" source="#meshId29-bitangents-array" stride="3">
              <param name="X" type="float" />
              <param name="Y" type="float" />
              <param name="Z" type="float" />
            </accessor>
          </technique_common>
        </source>
        <source id="meshId29-tex0" name="meshId29-tex0">
          <float_array id="meshId29-tex0-array" count="28"> 1 -2.53018 1 -2.36392 4.47035e-07 -2.36392 4.47035e-07 -2.53018 1 -2.35213 1 -2.33874 4.47035e-07 -2.33874 4.47035e-07 -2.35213 4.17233e-07 -2.53783 1 -2.53783 1 -2.53401 4.47035e-07 -2.53401 1 -2.32694 4.47035e-07 -2.32694 </float_array>
          <technique_common>
            <accessor count="14" offset="0" source="#meshId29-tex0-array" stride="2">
              <param name="S" type="float" />
              <param name="T" type="float" />
            </accessor>
          </technique_common>
        </source>
        <vertices id="meshId29-vertices">
          <input semantic="POSITION" source="#meshId29-positions" />
        </vertices>
        <polylist count="12" material="defaultMaterial">
          <input offset="0" semantic="VERTEX" source="#meshId29-vertices" />
          <input offset="0" semantic="NORMAL" source="#meshId29-normals" />
          <input offset="0" semantic="TANGENT" source="#meshId29-tangents" />
          <input offset="0" semantic="BINORMAL" source="#meshId29-bitangents" />
          <input offset="0" semantic="TEXCOORD" source="#meshId29-tex0" set="0" />
          <vcount>3 3 3 3 3 3 3 3 3 3 3 3 </vcount>
          <p>3 0 1 1 2 3 7 4 5 5 6 7 11 8 9 9 10 11 11 10 0 0 3 11 6 5 12 12 13 6 2 1 4 4 7 2 </p>
        </polylist>
      </mesh>
    </geometry>
    <geometry id="meshId30" name="meshId30_name" >
      <mesh>
        <source id="meshId30-positions" name="meshId30-positions">
          <float_array id="meshId30-positions-array" count="12"> 0.381998 0.0978823 0 0.290826 0.0978823 0 0.290826 0.0978823 0.3839 0.381998 0.0978823 0.3839 </float_array>
          <technique_common>
            <accessor count="4" offset="0" source="#meshId30-positions-array" stride="3">
              <param name="X" type="float" />
              <param name="Y" type="float" />
              <param name="Z" type="float" />
            </accessor>
          </technique_common>
        </source>
        <source id="meshId30-normals" name="meshId30-normals">
          <float_array id="meshId30-normals-array" count="12"> 0 1 0 0 1 0 0 1 0 0 1 0 </float_array>
          <technique_common>
            <accessor count="4" offset="0" source="#meshId30-normals-array" stride="3">
              <param name="X" type="float" />
              <param name="Y" type="float" />
              <param name="Z" type="float" />
            </accessor>
          </technique_common>
        </source>
        <source id="meshId30-tangents" name="meshId30-tangents">
          <float_array id="meshId30-tangents-array" count="12"> -0.000118233 0 -1 -0.000118232 0 -1 -0.000118226 0 -1 -0.000118227 0 -1 </float_array>
          <technique_common>
            <accessor count="4" offset="0" source="#meshId30-tangents-array" stride="3">
              <param name="X" type="float" />
              <param name="Y" type="float" />
              <param name="Z" type="float" />
            </accessor>
          </technique_common>
        </source>
        <source id="meshId30-bitangents" name="meshId30-bitangents">
          <float_array id="meshId30-bitangents-array" count="12"> -1 0 0.000118233 -1 0 0.000118232 -1 0 0.000118226 -1 0 0.000118227 </float_array>
          <technique_common>
            <accessor count="4" offset="0" source="#meshId30-bitangents-array" stride="3">
              <param name="X" type="float" />
              <param name="Y" type="float" />
              <param name="Z" type="float" />
            </accessor>
          </technique_common>
        </source>
        <source id="meshId30-tex0" name="meshId30-tex0">
          <float_array id="meshId30-tex0-array" count="8"> -1.40369e-05 0.0311958 1.40071e-05 0.268686 -0.999986 0.268804 -1.00001 0.0313141 </float_array>
          <technique_common>
            <accessor count="4" offset="0" source="#meshId30-tex0-array" stride="2">
              <param name="S" type="float" />
              <param name="T" type="float" />
            </accessor>
          </technique_common>
        </source>
        <vertices id="meshId30-vertices">
          <input semantic="POSITION" source="#meshId30-positions" />
        </vertices>
        <polylist count="2" material="defaultMaterial">
          <input offset="0" semantic="VERTEX" source="#meshId30-vertices" />
          <input offset="0" semantic="NORMAL" source="#meshId30-normals" />
          <input offset="0" semantic="TANGENT" source="#meshId30-tangents" />
          <input offset="0" semantic="BINORMAL" source="#meshId30-bitangents" />
          <input offset="0" semantic="TEXCOORD" source="#meshId30-tex0" set="0" />
          <vcount>3 3 </vcount>
          <p>3 0 1 1 2 3 </p>
        </polylist>
      </mesh>
    </geometry>
    <geometry id="meshId31" name="meshId31_name" >
      <mesh>
        <source id="meshId31-positions" name="meshId31-positions">
          <float_array id="meshId31-positions-array" count="567"> 0.276007 -0.127056 0.0290048 0.276959 -0.127048 0.0280525 0.276959 -0.146722 0.0280525 0.276007 -0.145769 0.0290048 0.276007 -0.0661275 0.0290048 0.276959 -0.066135 0.0280525 0.276959 -0.146722 0.0548429 0.276007 -0.145769 0.0548326 0.276959 -0.146722 0.137107 0.276007 -0.145769 0.137117 0.276007 -0.128211 0.0536802 0.276959 -0.127259 0.0546325 0.276959 -0.0659247 0.0546325 0.276007 -0.0649724 0.0536802 0.276007 -0.128211 0.13827 0.276959 -0.127259 0.137317 0.276007 -0.0649724 0.13827 0.276959 -0.0659247 0.137317 0.276959 -0.146722 0.163897 0.276007 -0.145769 0.162945 0.276959 -0.127048 0.163897 0.276007 -0.127056 0.162945 0.276959 -0.066135 0.163897 0.276007 -0.0661275 0.162945 0.276007 -0.0458381 0.0290048 0.276959 -0.0458306 0.0280525 0.276959 -0.0458306 0.163897 0.276007 -0.0458381 0.162945 0.276007 0.0556992 0.0290048 0.276959 0.0556916 0.0280525 0.276007 -0.0469932 0.0536802 0.276959 -0.0460409 0.0546325 0.276959 0.055902 0.0546325 0.276007 0.0568543 0.0536802 0.276007 -0.0469932 0.13827 0.276959 -0.0460409 0.137317 0.276007 0.0568543 0.13827 0.276959 0.055902 0.137317 0.276959 0.0556916 0.163897 0.276007 0.0556992 0.162945 0.276007 0.0744127 0.0290048 0.276959 0.075365 0.0280525 0.276959 0.075365 0.163897 0.276007 0.0744127 0.162945 0.276007 0.0744127 0.0548326 0.276959 0.075365 0.0548428 0.276007 0.0744127 0.137117 0.276959 0.075365 0.137107 0.276007 -0.127056 0.220955 0.276959 -0.127048 0.220002 0.276959 -0.146722 0.220002 0.276007 -0.145769 0.220955 0.276007 -0.0255186 0.220955 0.276959 -0.0255262 0.220002 0.276959 -0.146722 0.246792 0.276007 -0.145769 0.246782 0.276959 -0.146722 0.329057 0.276007 -0.145769 0.329067 0.276007 -0.128211 0.24563 0.276959 -0.127259 0.246582 0.276959 -0.0253158 0.246582 0.276007 -0.0243636 0.24563 0.276007 -0.128211 0.330219 0.276959 -0.127259 0.329267 0.276007 -0.0243636 0.330219 0.276959 -0.0253158 0.329267 0.276959 -0.146722 0.355847 0.276007 -0.145769 0.354895 0.276959 -0.127048 0.355847 0.276007 -0.127056 0.354895 0.276959 -0.0255262 0.355847 0.276007 -0.0255186 0.354895 0.276007 -0.00522921 0.220955 0.276959 -0.00522167 0.220002 0.276959 -0.00522167 0.355847 0.276007 -0.00522921 0.354895 0.276007 0.0556992 0.220955 0.276959 0.0556916 0.220002 0.276007 -0.00638427 0.24563 0.276959 -0.00543203 0.246582 0.276959 0.055902 0.246582 0.276007 0.0568543 0.24563 0.276007 -0.00638427 0.330219 0.276959 -0.00543203 0.329267 0.276007 0.0568543 0.330219 0.276959 0.055902 0.329267 0.276959 0.0556916 0.355847 0.276007 0.0556992 0.354895 0.276007 0.0744127 0.220955 0.276959 0.075365 0.220002 0.276959 0.075365 0.355847 0.276007 0.0744127 0.354895 0.276007 0.0744127 0.246782 0.276959 0.075365 0.246792 0.276007 0.0744127 0.329067 0.276959 0.075365 0.329057 0.276959 -0.146722 0.0280525 0.276959 -0.127048 0.0280525 0.277912 -0.127048 0.0280525 0.277912 -0.146722 0.0280525 0.276959 -0.146722 0.0280525 0.277912 -0.146722 0.0280525 0.277912 -0.146722 0.0548429 0.277912 -0.127259 0.137317 0.277912 -0.127259 0.0546325 0.277912 -0.146722 0.137107 0.277912 -0.146722 0.163897 0.276959 -0.146722 0.163897 0.277912 -0.146722 0.163897 0.277912 -0.127048 0.163897 0.276959 -0.066135 0.0280525 0.277912 -0.066135 0.0280525 0.277912 -0.0659247 0.137317 0.277912 -0.127259 0.137317 0.277912 -0.127259 0.0546325 0.277912 -0.0659247 0.0546325 0.277912 -0.066135 0.163897 0.277912 -0.0458306 0.0280525 0.277912 -0.0460409 0.137317 0.277912 -0.0460409 0.0546325 0.277912 -0.0659247 0.0546325 0.277912 -0.0659247 0.137317 0.277912 -0.0458306 0.163897 0.277912 0.0556916 0.0280525 0.277912 0.055902 0.137317 0.277912 -0.0460409 0.137317 0.277912 -0.0460409 0.0546325 0.277912 0.055902 0.0546325 0.276959 0.0556916 0.163897 0.277912 0.0556916 0.163897 0.276959 0.075365 0.0280525 0.277912 0.075365 0.0548428 0.277912 0.075365 0.0280525 0.276959 0.075365 0.0280525 0.277912 0.075365 0.0280525 0.277912 0.075365 0.137107 0.277912 0.055902 0.0546325 0.277912 0.055902 0.137317 0.276959 0.075365 0.163897 0.277912 0.075365 0.163897 0.276959 0.075365 0.163897 0.277912 0.075365 0.163897 0.276959 -0.146722 0.220002 0.276959 -0.127048 0.220002 0.277912 -0.127048 0.220002 0.277912 -0.146722 0.220002 0.276959 -0.146722 0.220002 0.277912 -0.146722 0.220002 0.277912 -0.146722 0.246792 0.277912 -0.127259 0.329267 0.277912 -0.127259 0.246582 0.277912 -0.146722 0.329057 0.277912 -0.146722 0.355847 0.276959 -0.127048 0.355847 0.276959 -0.146722 0.355847 0.277912 -0.146722 0.355847 0.277912 -0.127048 0.355847 0.276959 -0.0255262 0.220002 0.277912 -0.0255262 0.220002 0.277912 -0.0253158 0.329267 0.277912 -0.127259 0.329267 0.277912 -0.127259 0.246582 0.277912 -0.0253158 0.246582 0.277912 -0.0255262 0.355847 0.277912 -0.00522167 0.220002 0.277912 -0.00543203 0.329267 0.277912 -0.00543203 0.246582 0.277912 -0.0253158 0.246582 0.277912 -0.0253158 0.329267 0.277912 -0.00522167 0.355847 0.277912 0.0556916 0.220002 0.277912 0.055902 0.329267 0.277912 -0.00543203 0.329267 0.277912 -0.00543203 0.246582 0.277912 0.055902 0.246582 0.276959 0.0556916 0.355847 0.277912 0.0556916 0.355847 0.276959 0.075365 0.220002 0.277912 0.075365 0.246792 0.277912 0.075365 0.220002 0.276959 0.075365 0.220002 0.277912 0.075365 0.220002 0.277912 0.075365 0.329057 0.277912 0.055902 0.246582 0.277912 0.055902 0.329267 0.276959 0.075365 0.355847 0.277912 0.075365 0.355847 0.276959 0.075365 0.355847 0.277912 0.075365 0.355847 </float_array>
          <technique_common>
            <accessor count="189" offset="0" source="#meshId31-positions-array" stride="3">
              <param name="X" type="float" />
              <param name="Y" type="float" />
              <param name="Z" type="float" />
            </accessor>
          </technique_common>
        </source>
        <source id="meshId31-normals" name="meshId31-normals">
          <float_array id="meshId31-normals-array" count="567"> -0.999342 -1.88174e-07 -0.0362759 -0.446442 8.18074e-08 -0.894813 -0.462498 -0.715243 -0.52395 -0.996546 -0.0670914 -0.0489436 -0.999333 0 -0.0365146 -0.447472 0 -0.894298 -0.446834 -0.894617 1.50734e-08 -0.998758 -0.0498173 1.70544e-09 -0.446828 -0.89462 -1.50744e-08 -0.998758 -0.0498186 -1.70533e-09 -0.999848 0.0139759 0.0104085 -0.633412 0.620984 0.461701 -0.633412 -0.620984 0.461701 -0.999858 -0.0135357 0.0100805 -0.999848 0.0139759 -0.0104083 -0.63341 0.620989 -0.461697 -0.999858 -0.0135357 -0.0100802 -0.63341 -0.620989 -0.461697 -0.462486 -0.715244 0.523959 -0.996546 -0.0670914 0.0489458 -0.446467 -2.75842e-07 0.8948 -0.999342 -2.30127e-07 0.0362757 -0.447504 -3.53642e-07 0.894282 -0.999333 -2.87541e-08 0.0365139 -0.99934 1.498e-07 -0.0363331 -0.447572 5.42936e-08 -0.894248 -0.447567 2.89969e-07 0.89425 -0.99934 1.68884e-07 0.0363321 -0.999345 1.24411e-07 -0.0361746 -0.446883 -5.39286e-08 -0.894593 -0.999859 0.010589 0.0130273 -0.634999 0.487 0.599673 -0.635002 -0.486998 0.599671 -0.999852 -0.0108567 0.0133566 -0.999859 0.0105889 -0.0130273 -0.634999 0.487 -0.599673 -0.999852 -0.0108567 -0.0133565 -0.635002 -0.486998 -0.599671 -0.446873 1.83519e-07 0.894598 -0.999346 1.60793e-07 0.0361735 -0.996546 0.0670902 -0.0489457 -0.462487 0.715245 -0.523957 -0.462472 0.715251 0.523962 -0.996546 0.0670905 0.0489459 -0.998758 0.0498175 1.75576e-08 -0.446833 0.894618 1.20595e-07 -0.998758 0.0498175 -1.44217e-08 -0.446833 0.894618 -9.28753e-08 -0.999346 -1.07389e-07 -0.0361737 -0.446926 5.43136e-08 -0.894571 -0.462485 -0.715247 -0.523956 -0.996546 -0.0670919 -0.0489451 -0.99934 0 -0.0363323 -0.447619 0 -0.894224 -0.446832 -0.894618 1.50734e-08 -0.998758 -0.0498171 1.70544e-09 -0.446831 -0.894618 -1.50733e-08 -0.998758 -0.049817 -1.70543e-09 -0.999852 0.0108565 0.0133568 -0.634971 0.487011 0.599694 -0.63497 -0.487013 0.599693 -0.999859 -0.0105888 0.0130275 -0.999852 0.0108572 -0.0133561 -0.634968 0.48701 -0.599698 -0.999859 -0.0105888 -0.0130271 -0.634968 -0.487017 -0.599691 -0.462495 -0.715244 0.52395 -0.996546 -0.0670911 0.0489434 -0.446887 -1.83146e-07 0.89459 -0.999346 -1.52375e-07 0.0361738 -0.447565 -2.35686e-07 0.894251 -0.99934 -1.90856e-08 0.0363328 -0.999333 2.25688e-07 -0.0365148 -0.447516 8.14679e-08 -0.894276 -0.447499 -9.70376e-07 0.894285 -0.999333 -2.64963e-08 0.0365147 -0.999342 1.87894e-07 -0.0362767 -0.446463 -8.12249e-08 -0.894802 -0.999858 0.0135358 0.0100806 -0.633413 0.620982 0.461702 -0.633418 -0.620976 0.461703 -0.999848 -0.0139761 0.0104085 -0.999858 0.0135357 -0.0100806 -0.633413 0.620982 -0.461703 -0.999848 -0.0139761 -0.0104086 -0.633418 -0.620977 -0.461703 -0.446469 -1.06319e-06 0.894799 -0.999342 1.74478e-07 0.0362765 -0.996546 0.0670904 -0.0489459 -0.462472 0.715251 -0.523962 -0.462487 0.715245 0.523957 -0.996546 0.0670912 0.0489458 -0.998758 0.0498174 -4.71316e-08 -0.446833 0.894618 1.20595e-07 -0.998758 0.0498177 -7.5196e-08 -0.446833 0.894618 -9.28753e-08 -0.462498 -0.715243 -0.52395 -0.446442 8.18074e-08 -0.894813 0 0 -1 0 0 -1 -0.462498 -0.715243 -0.52395 0 -1 0 0 -1 0 0 1 0 0 1 0 0 -1 0 0 -1 0 -0.462486 -0.715244 0.523959 0 0 1 0 0 1 -0.447472 0 -0.894298 0 0 -1 0 0 -1 0 0 -1 0 0 1 0 0 1 0 0 1 0 0 -1 0 1 0 0 1 0 0 -1 0 0 -1 0 0 0 1 0 0 -1 0 0 -1 0 0 -1 0 0 1 0 0 1 -0.446873 1.83519e-07 0.894598 0 0 1 -0.462487 0.715245 -0.523957 0 1 0 0 1 0 -0.462487 0.715245 -0.523957 0 0 -1 0 1 0 0 -1 0 0 -1 0 -0.462472 0.715251 0.523962 0 1 0 -0.462472 0.715251 0.523962 0 0 1 -0.462485 -0.715247 -0.523956 -0.446926 5.43136e-08 -0.894571 0 0 -1 0 0 -1 -0.462485 -0.715247 -0.523956 0 -1 0 0 -1 0 0 1 0 0 1 0 0 -1 0 0 -1 0 -0.446887 -1.83146e-07 0.89459 -0.462495 -0.715244 0.52395 0 0 1 0 0 1 -0.447619 0 -0.894224 0 0 -1 0 0 -1 0 0 -1 0 0 1 0 0 1 0 0 1 0 0 -1 0 1 0 0 1 0 0 -1 0 0 -1 0 0 -1.4425e-06 1 0 0 -1 0 0 -1 0 0 -1 0 0 1 0 0 1 -0.446469 -1.06319e-06 0.894799 0 -1.4538e-06 1 -0.462472 0.715251 -0.523962 0 1 0 0 1 0 -0.462472 0.715251 -0.523962 0 0 -1 0 1 0 0 -1 0 0 -1 0 -0.462487 0.715245 0.523957 0 1 0 -0.462487 0.715245 0.523957 0 0 1 </float_array>
          <technique_common>
            <accessor count="189" offset="0" source="#meshId31-normals-array" stride="3">
              <param name="X" type="float" />
              <param name="Y" type="float" />
              <param name="Z" type="float" />
            </accessor>
          </technique_common>
        </source>
        <source id="meshId31-tangents" name="meshId31-tangents">
          <float_array id="meshId31-tangents-array" count="567"> -0.0362759 -1.56081e-05 0.999342 -0.894813 -2.35086e-05 0.446442 -0.537417 -0.243866 0.807287 -0.0504359 0.0207322 0.998512 -0.0365145 8.48108e-06 0.999333 -0.894298 1.33346e-05 0.447472 4.51368e-07 -2.08595e-07 1 5.58091e-09 -7.76549e-08 1 1.22965e-07 -7.82666e-08 1 -8.1484e-09 1.29127e-07 1 0.0104316 0.00158097 0.999944 0.536271 -0.0778668 0.840446 0.536272 0.0778656 0.840446 0.0101022 -0.00153722 0.999948 -0.0104314 -0.00158169 0.999944 -0.536271 0.0778638 0.840447 -0.0101019 0.00153665 0.999948 -0.53627 -0.0778655 0.840447 0.424073 0.340529 0.839167 0.0504382 -0.0207336 0.998512 0.8948 -1.97299e-05 0.446467 0.0362757 1.69588e-05 0.999342 0.894282 -7.83817e-06 0.447504 0.0365139 -1.00384e-05 0.999333 -0.0363331 6.06919e-07 0.99934 -0.894248 5.37329e-07 0.447572 0.89425 -3.77613e-06 0.447567 0.036332 -2.53266e-06 0.99934 -0.0361746 2.06787e-05 0.999345 -0.894593 1.68447e-05 0.446883 0.0130404 0.00117098 0.999914 0.636679 -0.109712 0.763284 0.636684 0.109699 0.763282 0.0133704 -0.0012008 0.99991 -0.0130404 -0.00117256 0.999914 -0.636681 0.109708 0.763283 -0.0133703 0.00120017 0.99991 -0.636684 -0.109698 0.763282 0.894597 -3.18778e-05 0.446873 0.0361735 -2.18407e-05 0.999346 -0.0504398 -0.020759 0.998511 -0.537429 0.243868 0.807278 0.537432 -0.243877 0.807274 0.0504397 0.0207551 0.998511 4.58696e-08 5.67171e-07 1 1.69681e-07 -5.00505e-08 1 -1.88146e-08 -8.77111e-08 1 -2.57173e-07 -2.46341e-08 1 0.0361737 2.79133e-05 -0.999346 0.894571 4.3023e-05 -0.446926 0.537412 0.243884 -0.807285 0.0504364 -0.0207168 -0.998512 0.0363324 -2.77512e-05 -0.99934 0.894224 -4.42794e-05 -0.447619 -4.50703e-07 2.08262e-07 -1 -2.08143e-09 7.49578e-09 -1 1.29335e-07 -4.77495e-08 -1 3.0038e-08 -5.67985e-07 -1 -0.0133706 -0.00120063 -0.99991 -0.6367 0.109728 -0.763264 -0.636696 -0.109738 -0.763267 -0.0130406 0.00117019 -0.999914 0.0133699 0.0012007 -0.99991 0.636711 -0.109716 -0.763257 0.0130402 -0.00116794 -0.999914 0.636694 0.10974 -0.763268 -0.42407 -0.340519 -0.839173 -0.0504358 0.0207344 -0.998512 -0.89459 -4.25324e-05 -0.446887 -0.0361737 -2.72433e-05 -0.999345 -0.894251 6.56776e-06 -0.447565 -0.0363327 1.69671e-05 -0.99934 0.0365148 5.68677e-06 -0.999333 0.894276 5.85574e-07 -0.447516 -0.894285 -1.55918e-05 -0.447499 -0.0365147 -7.57205e-06 -0.999333 0.0362766 -1.69548e-05 -0.999342 0.894802 -6.67918e-06 -0.446463 -0.0101023 -0.00153591 -0.999948 -0.53627 0.0778697 -0.840447 -0.536276 -0.0778591 -0.840444 -0.0104317 0.00158299 -0.999944 0.0101023 0.00153535 -0.999948 0.536272 -0.0778666 -0.840445 0.0104318 -0.00158303 -0.999944 0.536275 0.0778598 -0.840444 -0.894799 3.17717e-05 -0.446469 -0.0362764 2.16543e-05 -0.999342 0.0504387 0.0207407 -0.998512 0.537423 -0.243886 -0.807277 -0.537422 0.243875 -0.807281 -0.0504386 -0.020739 -0.998512 1.87394e-08 -5.70394e-07 -1 -1.76493e-07 4.66484e-08 -1 8.53173e-08 2.0104e-07 -1 5.40017e-07 1.65905e-07 -1 -0.886621 0.3731 0.273314 -0.894813 -4.08155e-08 0.446442 -1 0 0 -1 0 0 -0.284503 -0.439979 0.851749 0 0 1 5.45135e-07 0 1 0 0 1 0 0 1 0 0 1 -1.09028e-06 0 1 0.886627 -0.373089 0.273309 1 0 0 1 -5.82628e-05 0 -0.894298 0 0.447472 -1 0 0 -1 0 0 -1 0 0 1 0 0 1 0 0 1 -2.94597e-07 0 -1 0 0 0 0 1 0 0 1 -2.73e-07 0 1 -2.00282e-09 0 1 1 0 0 -1 0 0 -1 0 0 -1 0 0 1 0 0 1 0 0 0.894598 9.1672e-08 0.446873 1 0 0 -0.284503 0.439988 0.851745 -2.01787e-09 0 1 -5.56652e-07 0 1 -0.886626 -0.37309 0.273309 -1 0 0 2.52088e-08 0 1 0 0 1 0 0 1 0.284498 -0.439996 0.851742 1.68502e-06 0 1 0.886634 0.373078 0.2733 1 0 0 0.886627 -0.373089 -0.273307 0.894571 2.7135e-08 -0.446926 1 0 0 1 0 0 0.2845 0.439988 -0.851745 0 0 -1 -5.43504e-07 0 -1 0 0 -1 0 0 -1 0 0 -1 1.08701e-06 0 -1 -0.89459 -2.63318e-05 -0.446887 -0.886622 0.373098 -0.273312 -1 0 0 -1 -2.33052e-05 0 0.894224 0 -0.447619 1 -8.8293e-08 0 1 -1.18344e-05 0 1 -7.03785e-08 0 -1 0 0 -1 -1.17641e-05 0 -1 -1.18702e-05 0 1 -5.82906e-06 0 0 0 -1 0 0 -1 5.46e-07 0 -1 2.74997e-07 0 -1 -1 -1.76639e-05 -2.54803e-11 1 1.16522e-05 0 1 0 0 1 -5.85871e-06 0 -1 5.91721e-06 0 -1 5.85285e-08 0 -0.894799 1.6596e-07 -0.446469 -1 -8.83365e-08 -1.28423e-13 0.284496 -0.439998 -0.851742 1.011e-09 0 -1 -1.08703e-06 0 -1 0.886634 0.373078 -0.2733 1 0 0 6.80696e-07 0 -1 3.60347e-07 0 -1 3.60347e-07 0 -1 -0.284502 0.439988 -0.851745 0 0 -1 -0.886626 -0.373099 -0.273297 -1 -2.29399e-05 0 </float_array>
          <technique_common>
            <accessor count="189" offset="0" source="#meshId31-tangents-array" stride="3">
              <param name="X" type="float" />
              <param name="Y" type="float" />
              <param name="Z" type="float" />
            </accessor>
          </technique_common>
        </source>
        <source id="meshId31-bitangents" name="meshId31-bitangents">
          <float_array id="meshId31-bitangents-array" count="567"> -7.54249e-07 1 1.5591e-05 -2.09993e-05 1 1.05684e-05 -0.70518 0.654948 -0.271596 -0.0659768 0.997532 -0.0240444 3.09683e-07 1 -8.47542e-06 1.19251e-05 1 -5.96688e-06 -0.894617 0.446834 4.97009e-07 -0.0498173 0.998758 7.78366e-08 -0.89462 0.446828 1.44979e-07 -0.0498186 0.998758 -1.29373e-07 0.0139587 0.999901 -0.00172653 0.557855 0.779946 -0.283694 -0.557854 0.779946 0.283696 -0.0135195 0.999907 0.00167374 0.0139587 0.999901 0.00172724 0.557857 0.779942 0.283699 -0.0135195 0.999907 -0.00167317 -0.557859 0.779942 -0.283697 -0.778633 0.6103 0.145826 -0.0659768 0.997531 0.0240459 1.75312e-05 1 9.05559e-06 -8.45169e-07 1 -1.69393e-05 6.85128e-06 1 3.82386e-06 3.37808e-07 1 1.00328e-05 1.71752e-07 1 -6.01075e-07 5.04806e-07 1 -1.91941e-07 3.50659e-06 1 1.43077e-06 2.60789e-07 1 2.52486e-06 8.72372e-07 1 -2.06606e-05 1.50451e-05 1 -7.57586e-06 0.0105728 0.999943 -0.0013089 0.437511 0.866484 -0.240396 -0.437501 0.866486 0.240405 -0.0108397 0.99994 0.00134578 0.0105727 0.999943 0.00131048 0.437508 0.866484 0.240399 -0.0108397 0.99994 -0.00134515 -0.4375 0.866486 -0.240406 2.85998e-05 1 1.40811e-05 9.50742e-07 1 2.18206e-05 0.0659743 0.997531 0.0240713 0.705178 0.654945 0.271608 0.705186 0.654935 -0.271613 0.0659747 0.997531 -0.0240674 0.0498175 0.998758 -5.68752e-07 0.894618 0.446833 -1.29436e-07 0.0498175 0.998758 8.85395e-08 0.894618 0.446833 2.41079e-07 1.11705e-06 -1 -2.78911e-05 3.84629e-05 -1 -1.92767e-05 0.705192 -0.654937 0.27159 0.0659782 -0.997532 0.0240292 -1.00827e-06 -1 2.77329e-05 -3.95957e-05 -1 1.98203e-05 0.894618 -0.446832 -4.96265e-07 0.0498171 -0.998758 -7.59016e-09 0.894618 -0.446831 1.37041e-07 0.049817 -0.998758 5.68776e-07 -0.0108395 -0.99994 0.00134561 -0.437521 -0.866476 0.240406 0.43753 -0.866473 -0.240399 0.0105727 -0.999943 -0.00130811 -0.0108401 -0.99994 -0.00134568 -0.43751 -0.866478 -0.240419 0.0105727 -0.999943 0.00130585 0.437535 -0.866471 0.2404 0.778629 -0.610305 -0.145825 0.0659764 -0.997531 -0.0240466 3.81309e-05 -1 1.88433e-05 1.13777e-06 -1 2.722e-05 -5.76774e-06 -1 -3.15026e-06 -5.97389e-07 -1 -1.69566e-05 -1.7886e-08 -1 -5.69122e-06 4.87207e-07 -1 -3.34909e-07 1.43778e-05 -1 6.10952e-06 3.0297e-07 -1 7.56604e-06 -8.02836e-07 -1 1.69369e-05 -5.94028e-06 -1 3.05468e-06 -0.0135196 -0.999907 0.00167244 -0.557855 -0.779947 0.283691 0.557844 -0.779953 -0.283697 0.0139588 -0.999901 -0.00172855 -0.0135195 -0.999907 -0.00167187 -0.557853 -0.779948 -0.283694 0.0139588 -0.999901 0.00172858 0.557844 -0.779953 0.283696 -2.79546e-05 -1 -1.51364e-05 -9.59904e-07 -1 -2.16337e-05 -0.0659754 -0.997531 -0.024053 -0.705193 -0.654932 -0.271602 -0.705183 -0.654943 0.271599 -0.0659763 -0.997531 0.0240513 -0.0498174 -0.998758 5.68752e-07 -0.894617 -0.446833 1.37049e-07 -0.0498177 -0.998758 -2.05041e-07 -0.894618 -0.446833 -5.5724e-07 0 0.590951 -0.806707 -3.55271e-15 1 9.14241e-08 0 1 0 0 1 0 -0.839735 0.542997 2.98023e-08 -1 0 0 -1 0 5.45135e-07 1 0 0 1 0 0 -1 0 0 -1 -0 -1.09028e-06 8.79169e-07 0.590957 0.806703 0 1 0 5.82628e-05 1 -0 0 1 0 0 1 0 0 1 0 0 1 0 0 1 0 0 1 0 2.94597e-07 1 -0 0 1 0 1 0 0 1 0 0 -1 -0 -2.73e-07 -1 -0 -2.00282e-09 0 1 0 0 1 0 0 1 0 0 1 0 0 1 0 0 1 0 -7.10543e-15 1 -2.05141e-07 0 1 0 0.839741 0.542988 4.91738e-07 1 -0 2.01787e-09 1 -0 5.56652e-07 -4.47035e-08 0.590956 0.806704 0 1 0 1 0 -2.52088e-08 -1 0 0 -1 0 0 0.83975 0.542973 -1.40071e-06 1 0 -1.68502e-06 0 0.590956 -0.806704 0 1 0 -2.98023e-08 -0.590954 0.806705 -1.77636e-15 -1 -6.07147e-08 0 -1 0 0 -1 0 0.839743 -0.542985 -2.98023e-08 1 0 0 1 0 -5.43504e-07 -1 0 0 -1 0 0 1 0 0 1 0 1.08701e-06 2.36381e-05 -1 1.16035e-05 3.27826e-07 -0.590951 -0.806707 0 -1 0 2.33052e-05 -1 0 0 -1 -0 -8.8293e-08 -1 -0 -1.18344e-05 -1 -0 -7.03785e-08 -1 -0 0 -1 0 1.17641e-05 -1 0 1.18702e-05 -1 0 -5.82906e-06 -1 -0 -1 0 0 -1 0 0 1 0 5.46e-07 1 0 2.74997e-07 1.76639e-05 -1 -1.4425e-06 1.16522e-05 -1 0 0 -1 0 -5.85871e-06 -1 -0 -5.91721e-06 -1 0 -5.85285e-08 -1 0 3.26179e-07 -1 -1.02543e-06 8.83365e-08 -1 -1.4538e-06 -0.839751 -0.542971 9.23872e-07 -1 0 -1.011e-09 -1 0 1.08703e-06 1.63913e-07 -0.590956 -0.806704 0 -1 0 -1 0 -6.80696e-07 1 0 3.60347e-07 1 0 3.60347e-07 -0.839741 -0.542988 -1.49012e-08 -1 0 0 1.39922e-05 -0.59095 0.806708 2.29399e-05 -1 0 </float_array>
          <technique_common>
            <accessor count="189" offset="0" source="#meshId31-bitangents-array" stride="3">
              <param name="X" type="float" />
              <param name="Y" type="float" />
              <param name="Z" type="float" />
            </accessor>
          </technique_common>
        </source>
        <source id="meshId31-tex0" name="meshId31-tex0">
          <float_array id="meshId31-tex0-array" count="378"> 0.622937 0.0584065 0.620419 0.0584264 0.620419 0.00641212 0.622937 0.0089297 0.622937 0.219495 0.620419 0.219475 0.69125 0.00641212 0.691223 0.00892964 0.908749 0.00641212 0.908776 0.00892964 0.688176 0.0553526 0.690694 0.0578702 0.690694 0.220032 0.688176 0.222549 0.911822 0.0553526 0.909305 0.0578702 0.911822 0.222549 0.909305 0.220032 0.97958 0.00641212 0.977062 0.0089297 0.97958 0.0584264 0.977062 0.0584065 0.97958 0.219475 0.977062 0.219495 0.622937 0.273138 0.620419 0.273158 0.97958 0.273158 0.977062 0.273138 0.622937 0.541593 0.620419 0.541574 0.688176 0.270085 0.690694 0.272602 0.690694 0.54213 0.688176 0.544647 0.911822 0.270085 0.909305 0.272602 0.911822 0.544647 0.909305 0.54213 0.97958 0.541574 0.977062 0.541593 0.622937 0.59107 0.620419 0.593588 0.97958 0.593588 0.977062 0.59107 0.691223 0.59107 0.69125 0.593588 0.908776 0.59107 0.908749 0.593588 0.977062 0.541593 0.97958 0.541574 0.97958 0.593588 0.977062 0.59107 0.977062 0.273139 0.97958 0.273158 0.908749 0.593588 0.908776 0.59107 0.69125 0.593588 0.691223 0.59107 0.911823 0.544647 0.909305 0.54213 0.909305 0.272602 0.911823 0.270085 0.688177 0.544647 0.690694 0.54213 0.688177 0.270085 0.690694 0.272602 0.62042 0.593588 0.622937 0.59107 0.620419 0.541574 0.622937 0.541593 0.620419 0.273159 0.622937 0.273139 0.977062 0.219495 0.97958 0.219475 0.620419 0.219475 0.622937 0.219495 0.977062 0.0584065 0.97958 0.0584263 0.911823 0.222549 0.909305 0.220032 0.909305 0.0578701 0.911823 0.0553525 0.688177 0.222549 0.690694 0.220032 0.688176 0.0553525 0.690694 0.0578701 0.620419 0.0584263 0.622937 0.0584065 0.977062 0.00892961 0.97958 0.00641203 0.620419 0.00641203 0.622937 0.00892961 0.908776 0.00892961 0.908749 0.00641203 0.691223 0.00892961 0.69125 0.00641203 0.620419 0.006412 0.620419 0.0584264 0.617901 0.0584264 0.617901 0.006412 0.620419 0.00641212 0.620419 0.00389376 0.69125 0.00389376 0.909305 0.0603884 0.690694 0.0603884 0.908749 0.00389376 0.97958 0.00389376 0.979579 0.00641206 0.982098 0.00641206 0.982098 0.0584265 0.620419 0.219475 0.617901 0.219475 0.906786 0.220032 0.906786 0.0578702 0.693212 0.0578702 0.693212 0.220032 0.982098 0.219475 0.617901 0.273158 0.909305 0.27512 0.690694 0.27512 0.690694 0.217513 0.909305 0.217513 0.982098 0.273158 0.617901 0.541574 0.906786 0.54213 0.906786 0.272602 0.693212 0.272602 0.693212 0.54213 0.97958 0.541574 0.982098 0.541574 0.620419 0.593588 0.69125 0.596106 0.620419 0.596106 0.620419 0.593588 0.617901 0.593588 0.908749 0.596106 0.690694 0.539612 0.909305 0.539612 0.97958 0.593588 0.97958 0.596106 0.97958 0.593588 0.982098 0.593588 0.979581 0.593588 0.979581 0.541574 0.982099 0.541574 0.982099 0.593588 0.97958 0.593588 0.97958 0.596106 0.908749 0.596106 0.690694 0.539612 0.909305 0.539612 0.69125 0.596106 0.62042 0.596106 0.62042 0.541573 0.62042 0.593587 0.617902 0.593587 0.617902 0.541573 0.97958 0.273159 0.982098 0.273159 0.693212 0.272602 0.693212 0.54213 0.906787 0.54213 0.906787 0.272602 0.617901 0.273159 0.982098 0.219475 0.690694 0.217513 0.909305 0.217513 0.909305 0.275121 0.690694 0.275121 0.617901 0.219475 0.982098 0.0584263 0.693212 0.0578701 0.693212 0.220032 0.906787 0.220032 0.906787 0.0578701 0.620419 0.0584269 0.617901 0.0584269 0.97958 0.00641203 0.908749 0.00389379 0.97958 0.00389379 0.979579 0.00641185 0.982098 0.00641185 0.69125 0.00389373 0.909305 0.0603884 0.690694 0.0603884 0.620419 0.00641203 0.620419 0.00389373 0.620419 0.00641251 0.617901 0.00641257 </float_array>
          <technique_common>
            <accessor count="189" offset="0" source="#meshId31-tex0-array" stride="2">
              <param name="S" type="float" />
              <param name="T" type="float" />
            </accessor>
          </technique_common>
        </source>
        <vertices id="meshId31-vertices">
          <input semantic="POSITION" source="#meshId31-positions" />
        </vertices>
        <polylist count="244" material="defaultMaterial">
          <input offset="0" semantic="VERTEX" source="#meshId31-vertices" />
          <input offset="0" semantic="NORMAL" source="#meshId31-normals" />
          <input offset="0" semantic="TANGENT" source="#meshId31-tangents" />
          <input offset="0" semantic="BINORMAL" source="#meshId31-bitangents" />
          <input offset="0" semantic="TEXCOORD" source="#meshId31-tex0" set="0" />
          <vcount>3 3 3 3 3 3 3 3 3 3 3 3 3 3 3 3 3 3 3 3 3 3 3 3 3 3 3 3 3 3 3 3 3 3 3 3 3 3 3 3 3 3 3 3 3 3 3 3 3 3 3 3 3 3 3 3 3 3 3 3 3 3 3 3 3 3 3 3 3 3 3 3 3 3 3 3 3 3 3 3 3 3 3 3 3 3 3 3 3 3 3 3 3 3 3 3 3 3 3 3 3 3 3 3 3 3 3 3 3 3 3 3 3 3 3 3 3 3 3 3 3 3 3 3 3 3 3 3 3 3 3 3 3 3 3 3 3 3 3 3 3 3 3 3 3 3 3 3 3 3 3 3 3 3 3 3 3 3 3 3 3 3 3 3 3 3 3 3 3 3 3 3 3 3 3 3 3 3 3 3 3 3 3 3 3 3 3 3 3 3 3 3 3 3 3 3 3 3 3 3 3 3 3 3 3 3 3 3 3 3 3 3 3 3 3 3 3 3 3 3 3 3 3 3 3 3 3 3 3 3 3 3 3 3 3 3 3 3 3 3 3 3 3 3 </vcount>
          <p>3 0 1 1 2 3 5 1 0 0 4 5 7 3 2 2 6 7 9 7 6 6 8 9 13 10 11 11 12 13 15 11 10 10 14 15 17 15 14 14 16 17 19 9 8 8 18 19 21 19 18 18 20 21 23 21 20 20 22 23 25 5 4 4 24 25 12 17 16 16 13 12 27 23 22 22 26 27 29 25 24 24 28 29 33 30 31 31 32 33 35 31 30 30 34 35 37 35 34 34 36 37 39 27 26 26 38 39 41 29 28 28 40 41 32 37 36 36 33 32 43 39 38 38 42 43 40 44 45 45 41 40 47 45 44 44 46 47 42 47 46 46 43 42 51 48 49 49 50 51 53 49 48 48 52 53 55 51 50 50 54 55 57 55 54 54 56 57 61 58 59 59 60 61 63 59 58 58 62 63 65 63 62 62 64 65 67 57 56 56 66 67 69 67 66 66 68 69 71 69 68 68 70 71 73 53 52 52 72 73 60 65 64 64 61 60 75 71 70 70 74 75 77 73 72 72 76 77 81 78 79 79 80 81 83 79 78 78 82 83 85 83 82 82 84 85 87 75 74 74 86 87 89 77 76 76 88 89 80 85 84 84 81 80 91 87 86 86 90 91 88 92 93 93 89 88 95 93 92 92 94 95 90 95 94 94 91 90 7 10 0 0 3 7 9 14 10 10 7 9 19 21 14 14 9 19 0 10 13 13 4 0 14 21 23 23 16 14 13 30 24 24 4 13 16 34 30 30 13 16 23 27 34 34 16 23 24 30 33 33 28 24 34 27 39 39 36 34 33 44 40 40 28 33 36 46 44 44 33 36 39 43 46 46 36 39 55 58 48 48 51 55 57 62 58 58 55 57 67 69 62 62 57 67 48 58 61 61 52 48 62 69 71 71 64 62 61 78 72 72 52 61 64 82 78 78 61 64 71 75 82 82 64 71 72 78 81 81 76 72 82 75 87 87 84 82 81 92 88 88 76 81 84 94 92 92 81 84 87 91 94 94 84 87 99 96 97 97 98 99 102 6 100 100 101 102 104 11 15 15 103 104 105 8 6 6 102 105 106 18 8 8 105 106 109 20 107 107 108 109 98 97 110 110 111 98 113 15 17 17 112 113 115 12 11 11 114 115 116 22 20 20 109 116 111 110 25 25 117 111 119 31 35 35 118 119 121 17 12 12 120 121 122 26 22 22 116 122 117 25 29 29 123 117 125 35 37 37 124 125 127 32 31 31 126 127 129 128 26 26 122 129 132 130 45 45 131 132 123 29 133 133 134 123 131 45 47 47 135 131 137 37 32 32 136 137 135 47 138 138 139 135 141 140 128 128 129 141 145 142 143 143 144 145 148 54 146 146 147 148 150 59 63 63 149 150 151 56 54 54 148 151 152 66 56 56 151 152 156 153 154 154 155 156 144 143 157 157 158 144 160 63 65 65 159 160 162 60 59 59 161 162 163 70 153 153 156 163 158 157 73 73 164 158 166 79 83 83 165 166 168 65 60 60 167 168 169 74 70 70 163 169 164 73 77 77 170 164 172 83 85 85 171 172 174 80 79 79 173 174 176 175 74 74 169 176 179 177 93 93 178 179 170 77 180 180 181 170 178 93 95 95 182 178 184 85 80 80 183 184 182 95 185 185 186 182 188 187 175 175 176 188 </p>
        </polylist>
      </mesh>
    </geometry>
    <geometry id="meshId32" name="meshId32_name" >
      <mesh>
        <source id="meshId32-positions" name="meshId32-positions">
          <float_array id="meshId32-positions-array" count="36"> 0.613732 0.190265 0 0.385405 0.190265 0 0.385405 0.190265 0.3839 0.613732 0.190265 0.3839 0.616469 0.189598 0.3839 0.616469 0.189598 0 0.613732 0.190265 0 0.613732 0.190265 0.3839 0.385405 0.190265 0 0.382668 0.189598 0 0.382668 0.189598 0.3839 0.385405 0.190265 0.3839 </float_array>
          <technique_common>
            <accessor count="12" offset="0" source="#meshId32-positions-array" stride="3">
              <param name="X" type="float" />
              <param name="Y" type="float" />
              <param name="Z" type="float" />
            </accessor>
          </technique_common>
        </source>
        <source id="meshId32-normals" name="meshId32-normals">
          <float_array id="meshId32-normals-array" count="36"> 0 1 0 0 1 0 0 1 0 0 1 0 0.236644 0.971596 0 0.236644 0.971596 0 0.236644 0.971596 0 0.236644 0.971596 0 -0.236644 0.971596 0 -0.236644 0.971596 0 -0.236644 0.971596 0 -0.236644 0.971596 0 </float_array>
          <technique_common>
            <accessor count="12" offset="0" source="#meshId32-normals-array" stride="3">
              <param name="X" type="float" />
              <param name="Y" type="float" />
              <param name="Z" type="float" />
            </accessor>
          </technique_common>
        </source>
        <source id="meshId32-tangents" name="meshId32-tangents">
          <float_array id="meshId32-tangents-array" count="36"> -5.95066e-08 0 -1 -3.91803e-08 0 -1 0 0 -1 -2.03263e-08 0 -1 -5.80255e-08 1.41328e-08 -1 -5.80255e-08 1.41328e-08 -1 -5.80255e-08 1.41328e-08 -1 -5.80255e-08 1.41328e-08 -1 0 0 -1 0 0 -1 0 0 -1 0 0 -1 </float_array>
          <technique_common>
            <accessor count="12" offset="0" source="#meshId32-tangents-array" stride="3">
              <param name="X" type="float" />
              <param name="Y" type="float" />
              <param name="Z" type="float" />
            </accessor>
          </technique_common>
        </source>
        <source id="meshId32-bitangents" name="meshId32-bitangents">
          <float_array id="meshId32-bitangents-array" count="36"> -1 0 5.95066e-08 -1 0 3.91803e-08 -1 0 0 -1 0 2.03263e-08 -0.971596 0.236644 5.97218e-08 -0.971596 0.236644 5.97218e-08 -0.971596 0.236644 5.97218e-08 -0.971596 0.236644 5.97218e-08 -0.971596 -0.236644 -0 -0.971596 -0.236644 -0 -0.971596 -0.236644 -0 -0.971596 -0.236644 -0 </float_array>
          <technique_common>
            <accessor count="12" offset="0" source="#meshId32-bitangents-array" stride="3">
              <param name="X" type="float" />
              <param name="Y" type="float" />
              <param name="Z" type="float" />
            </accessor>
          </technique_common>
        </source>
        <source id="meshId32-tex0" name="meshId32-tex0">
          <float_array id="meshId32-tex0-array" count="24"> -0.000822693 0.352132 -0.000822693 0.947868 -0.999177 0.947868 -0.999177 0.352132 -0.999177 0.344782 -0.000822693 0.344782 -0.000822693 0.352132 -0.999177 0.352132 -0.000822693 0.947868 -0.000822693 0.955218 -0.999177 0.955218 -0.999177 0.947868 </float_array>
          <technique_common>
            <accessor count="12" offset="0" source="#meshId32-tex0-array" stride="2">
              <param name="S" type="float" />
              <param name="T" type="float" />
            </accessor>
          </technique_common>
        </source>
        <vertices id="meshId32-vertices">
          <input semantic="POSITION" source="#meshId32-positions" />
        </vertices>
        <polylist count="6" material="defaultMaterial">
          <input offset="0" semantic="VERTEX" source="#meshId32-vertices" />
          <input offset="0" semantic="NORMAL" source="#meshId32-normals" />
          <input offset="0" semantic="TANGENT" source="#meshId32-tangents" />
          <input offset="0" semantic="BINORMAL" source="#meshId32-bitangents" />
          <input offset="0" semantic="TEXCOORD" source="#meshId32-tex0" set="0" />
          <vcount>3 3 3 3 3 3 </vcount>
          <p>3 0 1 1 2 3 7 4 5 5 6 7 11 8 9 9 10 11 </p>
        </polylist>
      </mesh>
    </geometry>
    <geometry id="meshId33" name="meshId33_name" >
      <mesh>
        <source id="meshId33-positions" name="meshId33-positions">
          <float_array id="meshId33-positions-array" count="1026"> 0.338928 0.160024 0.447498 0.338928 0.188081 0.447498 0.345192 0.188081 0.3839 0.345192 0.160024 0.3839 0.620352 0.147567 0.503477 0.437135 0.147567 0.467033 0.445323 0.147567 0.3839 0.632129 0.147567 0.3839 0.621632 0.155245 0.503732 0.621632 0.148872 0.503732 0.633434 0.148872 0.3839 0.633434 0.155245 0.3839 0.634405 0.187106 0.3839 0.622584 0.187106 0.503921 0.622339 0.158009 0.503872 0.634156 0.158009 0.3839 0.34551 0.156441 0.3839 0.34551 0.14814 0.3839 0.339239 0.14814 0.44756 0.339239 0.156441 0.44756 0.27294 -0.187962 0.434373 0.27294 0.0963005 0.434373 0.277911 0.0963005 0.3839 0.277911 -0.187962 0.3839 0.388931 0.144977 0.3839 0.388931 0.0994642 0.3839 0.381827 0.0994642 0.456032 0.381827 0.144977 0.456032 0.387349 0.0978823 0.3839 0.381998 0.0978823 0.3839 0.375027 0.0978823 0.454679 0.380275 0.0978823 0.455723 0.347091 0.146558 0.3839 0.387349 0.146558 0.3839 0.380275 0.146558 0.455723 0.340791 0.146558 0.447869 0.278586 -0.18959 0.3839 0.273602 -0.18959 0.434504 0.278586 -0.18959 0.3839 0.280215 -0.190265 0.3839 0.275199 -0.190265 0.434822 0.273602 -0.18959 0.434504 0.279493 0.0978823 0.3839 0.278375 0.097419 0.3839 0.273395 0.097419 0.434463 0.274492 0.0978823 0.434681 0.278375 0.097419 0.3839 0.273395 0.097419 0.434463 0.345973 0.147022 0.3839 0.339694 0.147022 0.447651 0.345973 0.147022 0.3839 0.339694 0.147022 0.447651 0.388468 0.0983456 0.3839 0.381372 0.0983456 0.455941 0.388468 0.0983456 0.3839 0.381372 0.0983456 0.455941 0.388468 0.146095 0.3839 0.381372 0.146095 0.455941 0.388468 0.146095 0.3839 0.381372 0.146095 0.455941 0.434473 0.146442 0.466504 0.442609 0.146442 0.3839 0.621257 0.147949 0.503657 0.633052 0.147949 0.3839 0.621257 0.147949 0.503657 0.633052 0.147949 0.3839 0.290826 0.0978823 0.3839 0.285607 0.0978823 0.436892 0.019195 -0.0195401 0.806828 0.019195 -0.054497 0.806828 0.101704 -0.054497 0.798702 0.101704 -0.0195401 0.798702 0.019195 0.0853307 0.806828 0.019195 0.0503738 0.806828 0.101704 0.0503738 0.798702 0.101704 0.0853307 0.798702 0.586678 0.155245 0.618959 0.586678 0.148872 0.618959 0.586325 0.147949 0.618812 0.586325 0.147949 0.618812 0.585472 0.147567 0.618459 0.412886 0.147567 0.546972 0.410378 0.146442 0.545933 0.529916 0.155245 0.725153 0.529916 0.148872 0.725153 0.529598 0.147949 0.72494 0.529598 0.147949 0.72494 0.528831 0.147567 0.724428 0.373507 0.147567 0.620644 0.37125 0.146442 0.619136 0.453527 0.155245 0.818232 0.453527 0.148872 0.818232 0.453257 0.147949 0.817962 0.453257 0.147949 0.817962 0.452605 0.147567 0.817309 0.320513 0.147567 0.685218 0.318594 0.146442 0.683298 0.360448 0.155245 0.894621 0.360448 0.148872 0.894621 0.360235 0.147949 0.894303 0.360235 0.147949 0.894303 0.359723 0.147567 0.893536 0.255939 0.147567 0.738212 0.254431 0.146442 0.735955 0.254254 0.155245 0.951383 0.254254 0.148872 0.951383 0.254108 0.147949 0.951029 0.254108 0.147949 0.951029 0.253755 0.147567 0.950177 0.182267 0.147567 0.77759 0.181228 0.146442 0.775083 0.139027 0.155245 0.986336 0.139027 0.148872 0.986336 0.138953 0.147949 0.985961 0.138953 0.147949 0.985961 0.138773 0.147567 0.985056 0.102328 0.147567 0.80184 0.101799 0.146442 0.799177 0.019195 0.155245 0.998139 0.019195 0.148872 0.998139 0.019195 0.147949 0.997756 0.019195 0.147949 0.997756 0.019195 0.147567 0.996834 0.019195 0.147567 0.810028 0.019195 0.146442 0.807313 0.433997 -0.0195401 0.466409 0.433997 -0.054497 0.466409 0.442123 -0.054497 0.3839 0.442123 -0.0195401 0.3839 0.40993 -0.0195401 0.545747 0.40993 -0.054497 0.545747 0.370847 -0.0195401 0.618866 0.370847 -0.054497 0.618866 0.31825 -0.0195401 0.682955 0.31825 -0.054497 0.682955 0.254161 -0.0195401 0.735552 0.254161 -0.054497 0.735552 0.181043 -0.0195401 0.774635 0.181043 -0.054497 0.774635 0.433997 0.0853307 0.466409 0.433997 0.0503738 0.466409 0.442123 0.0503738 0.3839 0.442123 0.0853307 0.3839 0.40993 0.0853307 0.545747 0.40993 0.0503738 0.545747 0.370847 0.0853307 0.618866 0.370847 0.0503738 0.618866 0.31825 0.0853307 0.682955 0.31825 0.0503738 0.682955 0.254161 0.0853307 0.735552 0.254161 0.0503738 0.735552 0.181043 0.0853307 0.774635 0.181043 0.0503738 0.774635 0.587575 0.187106 0.61933 0.587345 0.158009 0.619235 0.530724 0.187106 0.725692 0.530516 0.158009 0.725554 0.454214 0.187106 0.818919 0.454038 0.158009 0.818743 0.360987 0.187106 0.895428 0.360849 0.158009 0.895221 0.254626 0.187106 0.95228 0.25453 0.158009 0.952049 0.139217 0.187106 0.987289 0.139168 0.158009 0.987044 0.019195 0.187106 0.99911 0.019195 0.158009 0.99886 0.0697996 -0.18959 0.638307 0.0701174 -0.190265 0.639904 0.019195 -0.190265 0.644919 0.019195 -0.18959 0.643291 0.069668 -0.187962 0.637645 0.0697996 -0.18959 0.638307 0.019195 -0.18959 0.643291 0.019195 -0.187962 0.642616 0.019195 0.0963005 0.642616 0.069668 0.0963005 0.637645 0.0697585 0.097419 0.638099 0.019195 0.097419 0.643079 0.0699767 0.0978823 0.639196 0.0697585 0.097419 0.638099 0.019195 0.097419 0.643079 0.019195 0.0978823 0.644198 0.0721875 0.0978823 0.650311 0.019195 0.0978823 0.655531 0.0910183 0.0978823 0.74498 0.0899744 0.0978823 0.739732 0.019195 0.0978823 0.746703 0.019195 0.0978823 0.752054 0.0912365 0.0983456 0.746077 0.019195 0.0983456 0.753172 0.0913269 0.0994642 0.746531 0.0912365 0.0983456 0.746077 0.019195 0.0983456 0.753172 0.019195 0.0994642 0.753636 0.0913269 0.144977 0.746531 0.019195 0.144977 0.753636 0.0912365 0.146095 0.746077 0.019195 0.146095 0.753172 0.0910183 0.146558 0.74498 0.0912365 0.146095 0.746077 0.019195 0.146095 0.753172 0.019195 0.146558 0.752054 0.0831644 0.146558 0.705496 0.019195 0.146558 0.711796 0.0829462 0.147022 0.704398 0.019195 0.147022 0.710677 0.0828558 0.14814 0.703944 0.0829462 0.147022 0.704398 0.019195 0.147022 0.710677 0.019195 0.14814 0.710214 0.0828558 0.156441 0.703944 0.019195 0.156441 0.710214 0.11846 -0.18959 0.623546 0.119083 -0.190265 0.62505 0.118201 -0.187962 0.622923 0.11846 -0.18959 0.623546 0.118201 0.0963005 0.622923 0.118379 0.097419 0.623351 0.118807 0.0978823 0.624384 0.118379 0.097419 0.623351 0.123144 0.0978823 0.634854 0.160081 0.0978823 0.72403 0.158034 0.0978823 0.719086 0.160509 0.0983456 0.725063 0.160687 0.0994642 0.725491 0.160509 0.0983456 0.725063 0.160687 0.144977 0.725491 0.160509 0.146095 0.725063 0.160081 0.146558 0.72403 0.160509 0.146095 0.725063 0.144675 0.146558 0.686836 0.144247 0.147022 0.685803 0.14407 0.14814 0.685375 0.144247 0.147022 0.685803 0.14407 0.156441 0.685375 0.163305 -0.18959 0.599575 0.16421 -0.190265 0.600929 0.16293 -0.187962 0.599014 0.163305 -0.18959 0.599575 0.16293 0.0963005 0.599014 0.163188 0.097419 0.5994 0.163809 0.0978823 0.60033 0.163188 0.097419 0.5994 0.170105 0.0978823 0.609753 0.223731 0.0978823 0.690009 0.220758 0.0978823 0.68556 0.224352 0.0983456 0.690939 0.224609 0.0994642 0.691324 0.224352 0.0983456 0.690939 0.224609 0.144977 0.691324 0.224352 0.146095 0.690939 0.223731 0.146558 0.690009 0.224352 0.146095 0.690939 0.201364 0.146558 0.656535 0.200743 0.147022 0.655605 0.200486 0.14814 0.65522 0.200743 0.147022 0.655605 0.200486 0.156441 0.65522 0.202612 -0.18959 0.567317 0.203764 -0.190265 0.568468 0.202135 -0.187962 0.56684 0.202612 -0.18959 0.567317 0.202135 0.0963005 0.56684 0.202463 0.097419 0.567167 0.203254 0.0978823 0.567958 0.202463 0.097419 0.567167 0.211267 0.0978823 0.575972 0.279519 0.0978823 0.644224 0.275736 0.0978823 0.64044 0.28031 0.0983456 0.645015 0.280638 0.0994642 0.645342 0.28031 0.0983456 0.645015 0.280638 0.144977 0.645342 0.28031 0.146095 0.645015 0.279519 0.146558 0.644224 0.28031 0.146095 0.645015 0.251053 0.146558 0.615757 0.250262 0.147022 0.614966 0.249934 0.14814 0.614639 0.250262 0.147022 0.614966 0.249934 0.156441 0.614639 0.234871 -0.18959 0.52801 0.236225 -0.190265 0.528914 0.23431 -0.187962 0.527635 0.234871 -0.18959 0.52801 0.23431 0.0963005 0.527635 0.234695 0.097419 0.527892 0.235625 0.0978823 0.528514 0.234695 0.097419 0.527892 0.245048 0.0978823 0.53481 0.325304 0.0978823 0.588435 0.320855 0.0978823 0.585462 0.326234 0.0983456 0.589056 0.326619 0.0994642 0.589314 0.326234 0.0983456 0.589056 0.326619 0.144977 0.589314 0.326234 0.146095 0.589056 0.325304 0.146558 0.588435 0.326234 0.146095 0.589056 0.291831 0.146558 0.566069 0.290901 0.147022 0.565448 0.290516 0.14814 0.56519 0.290901 0.147022 0.565448 0.290516 0.156441 0.56519 0.258841 -0.18959 0.483164 0.260346 -0.190265 0.483788 0.258218 -0.187962 0.482906 0.258841 -0.18959 0.483164 0.258218 0.0963005 0.482906 0.258646 0.097419 0.483083 0.259679 0.0978823 0.483511 0.258646 0.097419 0.483083 0.270149 0.0978823 0.487848 0.359325 0.0978823 0.524786 0.354382 0.0978823 0.522739 0.360358 0.0983456 0.525214 0.360786 0.0994642 0.525391 0.360358 0.0983456 0.525214 0.360786 0.144977 0.525391 0.360358 0.146095 0.525214 0.359325 0.146558 0.524786 0.360358 0.146095 0.525214 0.322132 0.146558 0.50938 0.321098 0.147022 0.508952 0.32067 0.14814 0.508775 0.321098 0.147022 0.508952 0.32067 0.156441 0.508775 0.320377 0.160024 0.508653 0.320377 0.188081 0.508653 0.290251 0.160024 0.565014 0.290251 0.188081 0.565014 0.249709 0.160024 0.614414 0.249709 0.188081 0.614414 0.200309 0.160024 0.654956 0.200309 0.188081 0.654956 0.143949 0.160024 0.685081 0.143949 0.188081 0.685081 0.0827938 0.160024 0.703632 0.0827938 0.188081 0.703632 0.019195 0.188081 0.709896 0.019195 0.160024 0.709896 </float_array>
          <technique_common>
            <accessor count="342" offset="0" source="#meshId33-positions-array" stride="3">
              <param name="X" type="float" />
              <param name="Y" type="float" />
              <param name="Z" type="float" />
            </accessor>
          </technique_common>
        </source>
        <source id="meshId33-normals" name="meshId33-normals">
          <float_array id="meshId33-normals-array" count="1026"> -0.980785 0 -0.19509 -0.980785 0 -0.19509 -0.995185 0 -0.0980171 -0.995185 0 -0.0980171 0.00265596 -0.999996 0.000528292 0.00423547 -0.999991 0.000842479 0.00431844 -0.999991 0.000425325 0.00270793 -0.999996 0.000266709 0.980785 0 0.19509 0.979498 -0.0512187 0.194834 0.993891 -0.0509716 0.0978904 0.995185 0 0.0980178 0.995148 -0.00854271 0.0980146 0.980749 -0.00858328 0.195084 0.980749 -0.00858328 0.195083 0.995148 -0.00854271 0.0980146 -0.995185 0 -0.0980175 -0.993943 -0.0499451 -0.0978952 -0.979549 -0.0501863 -0.194844 -0.980785 0 -0.19509 -0.980783 -0.00241882 -0.195089 -0.980784 0.00166354 -0.195089 -0.995183 0.00165553 -0.0980167 -0.995182 -0.00240724 -0.0980165 -0.995138 -0.00964929 -0.0980128 -0.995138 0.00964926 -0.0980128 -0.980739 0.00969607 -0.195081 -0.980739 -0.0096961 -0.195081 -0.0793575 0.996816 -0.00781604 3.35644e-07 1 -1.69608e-22 1.48078e-07 1 -7.48271e-23 -0.0778363 0.996846 -0.0154824 -0.00938188 -0.999956 -0.000923987 -0.0133131 -0.999911 -0.00131117 -0.013057 -0.999911 -0.00259717 -0.00920127 -0.999956 -0.00183023 -0.92007 -0.38113 -0.0906181 -0.906123 -0.382694 -0.180238 -0.38242 -0.923221 -0.0376654 -0.38242 -0.923221 -0.0376654 -0.375338 -0.923876 -0.0746599 -0.375338 -0.923876 -0.0746592 -0.0326 0.999463 -0.00321091 -0.382398 0.92323 -0.037664 -0.375332 0.923879 -0.0746566 -0.0319751 0.999468 -0.00636014 -0.92008 0.381104 -0.0906191 -0.90613 0.382677 -0.180241 -0.920083 -0.381098 -0.0906206 -0.906131 -0.382675 -0.180241 -0.382395 -0.923231 -0.0376633 -0.375308 -0.923889 -0.0746556 -0.920099 0.381059 -0.0906231 -0.906147 0.382635 -0.180245 -0.382418 0.923222 -0.0376631 -0.375321 0.923884 -0.0746544 -0.920099 -0.381059 -0.0906231 -0.906147 -0.382635 -0.180245 -0.382401 -0.923229 -0.0376635 -0.375313 -0.923887 -0.0746549 0.375331 -0.92388 0.0746574 0.382414 -0.923223 0.0376641 0.906126 -0.382688 0.18024 0.92008 -0.381106 0.0906209 0.375347 -0.923873 0.0746605 0.382419 -0.923221 0.0376651 0 1 0 1.46e-07 1 -7.37771e-23 0.0980172 0 0.995185 0.0980172 0 0.995185 0.19509 0 0.980785 0.19509 0 0.980785 0.0980172 0 0.995185 0.0980172 0 0.995185 0.19509 0 0.980785 0.19509 0 0.980785 0.92388 0 0.382683 0.922667 -0.0512201 0.382181 0.853547 -0.382698 0.353553 0.353581 -0.923868 0.146452 0.00250196 -0.999996 0.00103629 0.00398969 -0.999991 0.00165258 0.353548 -0.923882 0.146445 0.831469 0 0.55557 0.830377 -0.051216 0.554843 0.768174 -0.382673 0.513293 0.318205 -0.923873 0.212611 0.00225169 -0.999996 0.00150446 0.0035906 -0.999991 0.00239918 0.318184 -0.923882 0.212605 0.707107 0 0.707107 0.706177 -0.0512122 0.706181 0.653284 -0.382647 0.6533 0.270602 -0.923879 0.270596 0.00191496 -0.999996 0.00191482 0.00305364 -0.999991 0.00305358 0.270594 -0.923881 0.270597 0.55557 0 0.83147 0.55484 -0.0512139 0.830379 0.513276 -0.382658 0.768193 0.212615 -0.923881 0.318181 0.00150466 -0.999996 0.00225158 0.00239923 -0.999991 0.00359062 0.212601 -0.923882 0.318188 0.382684 0 0.92388 0.382179 -0.0512145 0.922668 0.35355 -0.38266 0.853565 0.14645 -0.923885 0.353537 0.0010362 -0.999996 0.00250182 0.00165242 -0.999991 0.0039897 0.146444 -0.923881 0.353551 0.195091 0 0.980785 0.194834 -0.0512168 0.979498 0.180237 -0.382675 0.906132 0.074656 -0.923884 0.37532 0.000528255 -0.999996 0.00265592 0.000842438 -0.999991 0.00423543 0.0746581 -0.92388 0.375328 0.0980174 0 0.995185 0.0978895 -0.0509737 0.993891 0.090616 -0.381119 0.920074 0.0376675 -0.923225 0.382409 0.000266913 -0.999996 0.00270796 0.000425512 -0.999991 0.00431841 0.0376649 -0.923225 0.382409 0.980785 0 0.19509 0.980785 0 0.19509 0.995185 0 0.0980156 0.995185 0 0.0980156 0.923879 0 0.382684 0.923879 0 0.382684 0.831469 0 0.555571 0.831469 0 0.555571 0.707107 0 0.707107 0.707107 0 0.707107 0.555571 0 0.831469 0.555571 0 0.831469 0.382683 0 0.92388 0.382683 0 0.92388 0.980785 0 0.19509 0.980785 0 0.19509 0.995185 0 0.0980156 0.995185 0 0.0980156 0.923879 0 0.382684 0.923879 0 0.382684 0.831469 0 0.555571 0.831469 0 0.555571 0.707107 0 0.707107 0.707107 0 0.707107 0.555571 0 0.831469 0.555571 0 0.831469 0.382683 0 0.92388 0.382683 0 0.92388 0.923846 -0.00858391 0.382669 0.923846 -0.00858391 0.382669 0.831439 -0.00858614 0.55555 0.831439 -0.00858614 0.55555 0.70708 -0.00858628 0.707081 0.70708 -0.00858628 0.707081 0.55555 -0.00858534 0.831439 0.55555 -0.00858534 0.831439 0.382669 -0.00858457 0.923846 0.382669 -0.00858457 0.923846 0.195083 -0.0085843 0.980749 0.195083 -0.0085843 0.980749 0.0980136 -0.00854323 0.995148 0.0980136 -0.00854323 0.995148 -0.0746571 -0.923881 -0.375327 -0.0746573 -0.923881 -0.375327 -0.0376638 -0.923226 -0.382407 -0.0376638 -0.923226 -0.382407 -0.19509 -0.0024187 -0.980782 -0.180241 -0.382679 -0.906129 -0.0906203 -0.381096 -0.920084 -0.0980169 -0.00240699 -0.995182 -0.098017 0.00165552 -0.995183 -0.19509 0.00166356 -0.980784 -0.180242 0.38268 -0.906128 -0.090619 0.381099 -0.920082 -0.00636015 0.999469 -0.0319746 -0.0746569 0.92388 -0.37533 -0.0376643 0.923225 -0.382409 -0.00321109 0.999463 -0.0326008 6.49488e-08 1 -3.282e-23 -1.6103e-08 1 8.13719e-24 -0.0154824 0.996846 -0.0778356 5.30616e-08 1 -2.68131e-23 -4.19556e-08 1 2.12011e-23 -0.00781615 0.996816 -0.0793581 -0.0746556 0.923881 -0.375327 -0.037662 0.923225 -0.382409 -0.195081 0.00969765 -0.980739 -0.180242 0.382686 -0.906126 -0.0906202 0.381111 -0.920077 -0.0980126 0.00965102 -0.995138 -0.195081 -0.00969746 -0.980739 -0.0980126 -0.00965076 -0.995138 -0.180236 -0.382686 -0.906127 -0.0906202 -0.381111 -0.920077 -0.00259737 -0.999911 -0.013057 -0.0746606 -0.923879 -0.375332 -0.037662 -0.923225 -0.382409 -0.00131079 -0.999911 -0.0133126 -0.00183033 -0.999956 -0.00920122 -0.000923683 -0.999956 -0.00938147 -0.0746577 -0.923882 -0.375325 -0.0376641 -0.923227 -0.382406 -0.194845 -0.0501862 -0.979549 -0.180242 -0.382672 -0.906132 -0.0906193 -0.381102 -0.920081 -0.0978947 -0.0499459 -0.993943 -0.19509 0 -0.980785 -0.0980172 0 -0.995185 -0.146446 -0.92388 -0.353552 -0.146446 -0.92388 -0.353552 -0.382682 -0.00241876 -0.923877 -0.353555 -0.382688 -0.853551 -0.382683 0.00166352 -0.923878 -0.353554 0.382674 -0.853558 -0.0124762 0.999468 -0.0301195 -0.146449 0.92388 -0.353552 7.30002e-08 1 -3.68886e-23 -0.0303699 0.996846 -0.0733196 7.40392e-08 1 -3.74136e-23 -0.146444 0.923882 -0.353549 -0.382666 0.0096975 -0.923836 -0.353555 0.382683 -0.853553 -0.382665 -0.00969745 -0.923836 -0.353543 -0.382687 -0.853556 -0.00509494 -0.999911 -0.0122996 -0.146455 -0.923876 -0.353561 -0.00359014 -0.999956 -0.00866737 -0.146442 -0.923881 -0.353551 -0.382202 -0.0501865 -0.922715 -0.353556 -0.382669 -0.853559 -0.382683 -8.51137e-07 -0.92388 -0.212609 -0.923879 -0.318192 -0.212609 -0.923879 -0.318191 -0.555569 -0.00241879 -0.831467 -0.513277 -0.382696 -0.768173 -0.555569 0.00166355 -0.831468 -0.513275 0.382675 -0.768185 -0.0181126 0.999468 -0.0271065 -0.212607 0.923882 -0.318182 0 1 0 -0.0440905 0.996846 -0.065986 0 1 0 -0.212603 0.923883 -0.318184 -0.555544 0.00969726 -0.83143 -0.513281 0.382679 -0.768179 -0.555544 -0.00969736 -0.83143 -0.513284 -0.382676 -0.768179 -0.00739564 -0.999911 -0.0110695 -0.212607 -0.923878 -0.318194 -0.00521141 -0.999956 -0.00780052 -0.2126 -0.923882 -0.318186 -0.55487 -0.0501905 -0.830422 -0.51328 -0.382686 -0.768176 -0.55557 -2.55341e-06 -0.831469 -0.270601 -0.923878 -0.270601 -0.270601 -0.923878 -0.270601 -0.707105 -0.0024188 -0.707104 -0.65328 -0.382692 -0.653278 -0.707106 0.00166369 -0.707105 -0.653276 0.382705 -0.653274 -0.0230523 0.999469 -0.0230522 -0.270593 0.923883 -0.270593 0 1 0 -0.0561174 0.996846 -0.0561165 0 1 0 -0.270594 0.923883 -0.27059 -0.707074 0.00969692 -0.707073 -0.653287 0.382672 -0.653283 -0.707074 -0.00969746 -0.707073 -0.653288 -0.382672 -0.653282 -0.00941371 -0.999911 -0.00941391 -0.270598 -0.92388 -0.270598 -0.00663338 -0.999956 -0.00663383 -0.270575 -0.923889 -0.27059 -0.706215 -0.050193 -0.706216 -0.653282 -0.3827 -0.653271 -0.707106 -2.55341e-06 -0.707107 -0.318187 -0.92388 -0.212607 -0.318188 -0.92388 -0.212606 -0.831467 -0.00241864 -0.55557 -0.768182 -0.382666 -0.513286 -0.831468 0.00166359 -0.55557 -0.768176 0.382691 -0.513276 -0.0271058 0.999468 -0.0181122 -0.318181 0.923883 -0.212603 6.4412e-08 1 -3.25488e-23 -0.0659851 0.996846 -0.0440905 0 1 0 -0.318174 0.923886 -0.212601 -0.831431 0.00969662 -0.555544 -0.768189 0.382661 -0.51328 -0.831431 -0.00969724 -0.555544 -0.768184 -0.382664 -0.513284 -0.0110702 -0.999911 -0.00739632 -0.31819 -0.92388 -0.212604 -0.00780091 -0.999956 -0.00521204 -0.318171 -0.923888 -0.212598 -0.830421 -0.0501892 -0.554871 -0.768181 -0.382679 -0.513279 -0.831469 -1.70227e-06 -0.555571 -0.353554 -0.923879 -0.146447 -0.353554 -0.923879 -0.146446 -0.923877 -0.00241862 -0.382682 -0.853559 -0.382668 -0.353557 -0.923878 0.00166349 -0.382683 -0.853558 0.382668 -0.353558 -0.0301193 0.999468 -0.0124758 -0.353555 0.92388 -0.146443 2.10413e-07 1 -1.06326e-22 -0.0733189 0.996846 -0.0303701 -1.97437e-08 1 9.97691e-24 -0.353528 0.92389 -0.146441 -0.923836 0.00969636 -0.382666 -0.853569 0.382647 -0.353556 -0.923836 -0.00969655 -0.382666 -0.85357 -0.382642 -0.353557 -0.0122995 -0.999911 -0.00509452 -0.353537 -0.923887 -0.14644 -0.00866764 -0.999956 -0.00359005 -0.353539 -0.923886 -0.146439 -0.922716 -0.0501861 -0.382201 -0.853558 -0.382669 -0.353558 -0.92388 -8.51138e-07 -0.382683 -0.92388 0 -0.382683 -0.92388 0 -0.382683 -0.83147 0 -0.55557 -0.83147 0 -0.55557 -0.707106 0 -0.707108 -0.707106 0 -0.707108 -0.55557 2.52056e-07 -0.83147 -0.55557 2.52056e-07 -0.83147 -0.382684 1.26028e-07 -0.923879 -0.382684 1.26028e-07 -0.923879 -0.19509 -3.78084e-07 -0.980785 -0.19509 -3.78084e-07 -0.980785 -0.0980171 -5.01684e-07 -0.995185 -0.0980171 -5.01684e-07 -0.995185 </float_array>
          <technique_common>
            <accessor count="342" offset="0" source="#meshId33-normals-array" stride="3">
              <param name="X" type="float" />
              <param name="Y" type="float" />
              <param name="Z" type="float" />
            </accessor>
          </technique_common>
        </source>
        <source id="meshId33-tangents" name="meshId33-tangents">
          <float_array id="meshId33-tangents-array" count="1026"> 0.19509 -1.17453e-06 -0.980785 0.19509 -1.07937e-06 -0.980785 0.0980171 -1.43223e-06 -0.995185 0.0980171 -1.43223e-06 -0.995185 0.195091 1.2432e-08 -0.980785 0.195091 8.91963e-09 -0.980785 0.0980175 5.31607e-09 -0.995185 0.098017 -1.07157e-09 -0.995185 0.19509 0 -0.980785 0.19509 2.31135e-08 -0.980785 0.0980178 -1.9213e-08 -0.995185 0.0980178 0 -0.995185 0.0980182 -4.45537e-09 -0.995185 0.195091 -1.81321e-07 -0.980785 0.195091 -2.57254e-07 -0.980785 0.0980182 -6.23336e-08 -0.995185 0.0980175 0 -0.995185 0.0980175 -3.49793e-08 -0.995185 0.19509 -1.75759e-07 -0.980785 0.19509 0 -0.980785 0.195089 -2.99923e-09 -0.980785 0.195089 -9.93082e-08 -0.980785 0.0980168 -2.04626e-07 -0.995185 0.0980168 -1.32722e-09 -0.995185 0.0980174 -3.05177e-07 -0.995185 0.0980174 -3.03394e-07 -0.995185 0.19509 -3.03481e-07 -0.980785 0.19509 -3.09282e-07 -0.980785 0.0980176 2.73875e-08 -0.995185 0.0980179 -3.28992e-08 -0.995185 0.195091 -2.88887e-08 -0.980785 0.19509 2.11824e-07 -0.980785 0.0980162 -3.86662e-08 -0.995185 0.0980176 -5.83368e-08 -0.995185 0.195091 -3.40984e-08 -0.980785 0.19509 -1.84502e-08 -0.980785 0.0980164 -3.83202e-07 -0.995185 0.195089 3.31837e-07 -0.980786 0.0980165 5.91554e-07 -0.995185 0.0980166 5.84524e-07 -0.995185 0.195093 -5.57331e-07 -0.980785 0.19509 -5.62833e-09 -0.980785 0.0980171 -9.09859e-08 -0.995185 0.0980192 -2.43465e-07 -0.995184 0.195089 1.1874e-06 -0.980786 0.19509 8.25133e-08 -0.980785 0.098016 -5.64795e-07 -0.995185 0.195091 -1.93312e-07 -0.980785 0.0980176 -2.39574e-07 -0.995185 0.195091 1.71047e-07 -0.980785 0.0980168 8.25433e-07 -0.995185 0.195091 2.18041e-06 -0.980785 0.0980182 -6.58257e-07 -0.995185 0.195091 -1.00255e-06 -0.980785 0.0980167 1.68524e-06 -0.995185 0.19509 1.33826e-06 -0.980785 0.0980185 1.13951e-07 -0.995185 0.195091 4.50793e-07 -0.980785 0.0980182 -1.27165e-07 -0.995185 0.195091 4.58742e-07 -0.980785 0.195091 5.96603e-07 -0.980785 0.0980175 5.46845e-07 -0.995185 0.19509 -1.12292e-06 -0.980785 0.0980181 -3.32217e-07 -0.995185 0.195089 3.43705e-07 -0.980785 0.0980171 -1.43911e-07 -0.995185 0.0980146 0 -0.995185 0.195091 -2.84834e-08 -0.980785 0.995185 -1.10397e-06 -0.0980172 0.995185 -1.10397e-06 -0.0980172 0.980785 -5.54656e-07 -0.19509 0.980785 -5.54656e-07 -0.19509 0.995185 -1.10397e-06 -0.0980172 0.995185 -8.23541e-07 -0.0980172 0.980785 0 -0.19509 0.980785 -1.41506e-07 -0.19509 0.382683 6.38973e-09 -0.92388 0.382683 -1.04648e-07 -0.92388 0.382686 -2.66533e-08 -0.923879 0.382685 6.97435e-06 -0.923879 0.38268 4.0924e-08 -0.923881 0.382683 -2.97883e-10 -0.923879 0.382684 -3.88355e-07 -0.923879 0.55557 1.88905e-07 -0.831469 0.555572 -3.70567e-08 -0.831469 0.55558 -4.58554e-06 -0.831463 0.555574 7.68074e-06 -0.831467 0.555567 4.35713e-08 -0.831472 0.555569 -1.76031e-08 -0.83147 0.555571 -1.05137e-06 -0.831469 0.707107 6.38971e-09 -0.707107 0.707109 -1.20063e-08 -0.707105 0.707114 -5.36662e-06 -0.7071 0.707105 3.80246e-06 -0.707109 0.707107 1.01842e-07 -0.707106 0.707107 4.42543e-08 -0.707107 0.707108 -1.21234e-06 -0.707106 0.83147 1.88904e-07 -0.55557 0.83147 -5.70671e-08 -0.555569 0.831476 -3.89256e-06 -0.555561 0.831469 1.1343e-05 -0.555571 0.831469 1.63604e-07 -0.555571 0.831469 3.74868e-08 -0.555571 0.83147 -3.9736e-06 -0.555569 0.92388 0 -0.382684 0.92388 -1.09068e-08 -0.382682 0.923882 -4.58905e-06 -0.382677 0.923877 7.36003e-06 -0.382689 0.92388 -8.34165e-08 -0.382683 0.92388 -1.48866e-07 -0.382683 0.92388 -1.56017e-06 -0.382683 0.980785 6.38952e-09 -0.195091 0.980785 8.90372e-08 -0.19509 0.980786 -1.68264e-06 -0.195087 0.980786 1.2828e-06 -0.195088 0.980785 -4.25276e-08 -0.195091 0.980785 -4.31374e-08 -0.195091 0.980785 5.88723e-07 -0.195091 0.995185 3.75985e-07 -0.0980174 0.995185 1.93508e-07 -0.0980169 0.995185 -1.1475e-06 -0.0980139 0.995185 3.64859e-06 -0.0980174 0.995185 2.03747e-07 -0.098016 0.995185 1.86053e-07 -0.098017 0.995185 7.68278e-07 -0.0980176 0.19509 0 -0.980785 0.19509 0 -0.980785 0.0980156 0 -0.995185 0.0980156 0 -0.995185 0.382684 0 -0.923879 0.382684 0 -0.923879 0.555571 0 -0.831469 0.555571 0 -0.831469 0.707107 0 -0.707107 0.707107 0 -0.707107 0.831469 1.41506e-07 -0.555571 0.831469 0 -0.555571 0.92388 5.54656e-07 -0.382683 0.92388 4.13151e-07 -0.382683 0.19509 5.04468e-08 -0.980785 0.19509 6.7725e-08 -0.980785 0.0980156 0 -0.995185 0.0980156 0 -0.995185 0.382684 -5.04467e-08 -0.923879 0.382684 -5.04466e-08 -0.923879 0.555571 0 -0.831469 0.555571 -1.72781e-08 -0.831469 0.707107 -4.13153e-07 -0.707107 0.707107 -5.5466e-07 -0.707107 0.831469 1.41506e-07 -0.555571 0.831469 -1.41507e-07 -0.555571 0.92388 5.54656e-07 -0.382683 0.92388 4.13151e-07 -0.382683 0.382683 9.51373e-08 -0.92388 0.382683 1.82218e-08 -0.92388 0.55557 -4.21231e-08 -0.83147 0.555571 -3.58511e-08 -0.831469 0.707107 -2.55237e-07 -0.707106 0.707107 -2.18736e-07 -0.707106 0.83147 1.76112e-10 -0.55557 0.83147 5.18507e-10 -0.55557 0.92388 -1.63242e-07 -0.382683 0.92388 -1.91885e-07 -0.382683 0.980785 -1.65072e-07 -0.19509 0.980785 -2.22736e-07 -0.19509 0.995185 4.45564e-10 -0.0980171 0.995185 -5.71564e-08 -0.0980171 0.980785 -2.08248e-07 -0.19509 0.980785 1.71863e-07 -0.195091 0.995185 1.23814e-07 -0.0980174 0.995185 1.34275e-07 -0.0980174 0.980785 -1.30113e-08 -0.19509 0.980785 8.02425e-08 -0.195091 0.995185 1.10736e-07 -0.0980172 0.995185 1.46684e-09 -0.0980171 0.995185 -4.03076e-07 -0.0980171 0.980785 -3.10405e-07 -0.19509 0.980785 -3.06381e-07 -0.195092 0.995185 -1.17742e-06 -0.0980163 0.980785 -2.80009e-08 -0.195091 0.980785 -1.07388e-06 -0.195091 0.995185 4.95257e-07 -0.0980166 0.995185 1.62646e-07 -0.0980181 0.980785 -6.37008e-08 -0.19509 0.995184 1.60255e-08 -0.0980193 0.980785 -5.74898e-08 -0.195091 0.980785 -5.2042e-08 -0.195091 0.995185 4.17536e-08 -0.0980165 0.995185 6.72553e-08 -0.098017 0.980785 -1.68451e-06 -0.19509 0.995185 -1.94459e-06 -0.0980166 0.980785 -9.41782e-08 -0.19509 0.980785 8.79565e-07 -0.195093 0.995185 -3.28934e-07 -0.0980178 0.995185 -3.05462e-07 -0.0980171 0.980785 -1.012e-07 -0.19509 0.995185 -1.07238e-07 -0.0980171 0.980786 1.31877e-06 -0.195087 0.995185 -3.59496e-07 -0.0980176 0.980785 -1.68155e-07 -0.19509 0.980785 -2.39977e-06 -0.195091 0.995185 1.77811e-06 -0.0980163 0.995185 3.86997e-07 -0.0980172 0.980785 -9.84878e-08 -0.19509 0.995185 3.07034e-07 -0.0980168 0.980785 -3.27569e-07 -0.195092 0.995185 -6.13237e-07 -0.0980167 0.980785 -3.95023e-07 -0.19509 0.980785 -4.6565e-07 -0.195091 0.995185 5.73564e-07 -0.0980165 0.995185 -3.29351e-07 -0.0980171 0.980785 -3.29501e-07 -0.19509 0.995185 -6.56106e-07 -0.0980172 0.92388 -2.63406e-07 -0.382683 0.92388 -4.80205e-08 -0.382683 0.92388 -1.72126e-08 -0.382683 0.923879 -1.5319e-07 -0.382685 0.92388 -3.12898e-07 -0.382683 0.92388 -1.72886e-06 -0.382683 0.923879 2.46274e-07 -0.382684 0.923879 2.81304e-06 -0.382685 0.923879 -6.74434e-08 -0.382684 0.92388 -6.34473e-08 -0.382683 0.92388 -6.84033e-08 -0.382683 0.92388 3.12133e-07 -0.382682 0.923879 -1.33847e-07 -0.382684 0.923879 7.20803e-07 -0.382685 0.92388 -2.72048e-07 -0.382683 0.923883 3.43829e-06 -0.382674 0.923879 -2.33671e-07 -0.382684 0.923879 -4.63146e-06 -0.382685 0.92388 1.06121e-09 -0.382683 0.92388 2.57215e-06 -0.382682 0.923879 -1.69867e-07 -0.382684 0.92388 -1.44315e-06 -0.382683 0.92388 -2.57837e-13 -0.382683 0.83147 -3.28695e-07 -0.55557 0.831469 -3.36144e-07 -0.555571 0.83147 -1.03526e-08 -0.55557 0.83147 2.55318e-08 -0.55557 0.83147 -2.16899e-07 -0.55557 0.831474 -3.49785e-06 -0.555564 0.83147 4.62834e-07 -0.55557 0.831469 3.56611e-06 -0.555571 0.83147 0 -0.55557 0.83147 9.54687e-08 -0.55557 0.83147 0 -0.55557 0.831469 -9.37663e-07 -0.555571 0.831469 -1.34051e-07 -0.55557 0.83147 -6.72131e-08 -0.55557 0.831469 -2.59578e-08 -0.55557 0.831468 -5.96805e-07 -0.555572 0.83147 6.02693e-07 -0.55557 0.83147 2.94189e-06 -0.555569 0.83147 6.08185e-07 -0.55557 0.83147 3.93196e-06 -0.55557 0.831469 -4.86183e-08 -0.55557 0.831469 2.45591e-07 -0.555571 0.83147 1.93226e-08 -0.55557 0.707106 1.03561e-07 -0.707107 0.707107 -2.21147e-07 -0.707106 0.707106 -2.59393e-09 -0.707107 0.707106 4.01213e-08 -0.707108 0.707106 -2.99511e-07 -0.707107 0.707106 3.76898e-08 -0.707108 0.707107 6.00977e-08 -0.707107 0.707106 -3.91731e-07 -0.707107 0.707106 0 -0.707108 0.707107 6.34324e-07 -0.707107 0.707107 0 -0.707106 0.707106 1.99033e-06 -0.707108 0.707106 -9.8032e-08 -0.707107 0.707105 1.00356e-06 -0.707109 0.707106 -1.80908e-07 -0.707107 0.707104 -2.11953e-06 -0.70711 0.707107 1.32633e-07 -0.707107 0.707106 7.11464e-07 -0.707108 0.707106 3.27541e-07 -0.707107 0.70711 9.68522e-06 -0.707103 0.707107 1.19767e-07 -0.707106 0.707101 -2.26989e-06 -0.707112 0.707107 2.14753e-07 -0.707106 0.555572 1.06938e-07 -0.831468 0.555567 7.02618e-07 -0.831472 0.555571 -8.89348e-09 -0.831469 0.555572 9.36163e-08 -0.831468 0.555571 -2.16639e-07 -0.831469 0.555568 1.52461e-06 -0.831471 0.555569 -6.12743e-07 -0.83147 0.55557 -1.22247e-06 -0.83147 0.55557 -3.57854e-08 -0.83147 0.555571 -4.8643e-07 -0.831469 0.555569 0 -0.83147 0.55557 -3.94527e-06 -0.83147 0.55557 -3.57777e-08 -0.83147 0.555566 1.55402e-06 -0.831473 0.55557 1.00607e-08 -0.83147 0.55557 9.56052e-07 -0.83147 0.555571 -4.48054e-07 -0.831469 0.555568 -2.26581e-06 -0.831471 0.55557 -2.93527e-07 -0.83147 0.555572 1.75604e-06 -0.831469 0.555571 -2.17152e-07 -0.831469 0.555568 -1.67051e-06 -0.831471 0.555571 -5.63574e-07 -0.831469 0.382684 -7.76712e-08 -0.923879 0.382683 -3.57627e-07 -0.92388 0.382683 2.50129e-10 -0.92388 0.382685 -2.24922e-07 -0.923879 0.382683 -1.03456e-07 -0.92388 0.382685 -9.96952e-07 -0.923879 0.382682 -5.28741e-09 -0.92388 0.382683 3.55486e-06 -0.92388 0.382682 -8.05212e-08 -0.92388 0.382683 -3.89471e-07 -0.923879 0.382684 7.55559e-09 -0.923879 0.382686 -3.49034e-06 -0.923878 0.382684 -1.06351e-07 -0.92388 0.38268 1.33847e-06 -0.923881 0.382684 3.70562e-10 -0.923879 0.382681 -1.26662e-06 -0.92388 0.382683 -9.67376e-08 -0.92388 0.382684 6.2806e-07 -0.923879 0.382681 -1.68546e-07 -0.923881 0.382686 -2.70723e-06 -0.923878 0.382683 -3.218e-07 -0.92388 0.382686 3.64739e-08 -0.923878 0.382683 -3.29505e-07 -0.92388 0.382683 -1.07937e-06 -0.92388 0.382683 -9.84203e-07 -0.92388 0.55557 -7.19577e-07 -0.83147 0.55557 -7.19577e-07 -0.83147 0.707107 -8.14741e-07 -0.707106 0.707107 -7.19578e-07 -0.707106 0.83147 -1.37718e-06 -0.55557 0.83147 -1.34399e-06 -0.55557 0.923879 -8.45067e-07 -0.382684 0.923879 -9.07039e-07 -0.382684 0.980785 -7.35479e-07 -0.19509 0.980785 -7.35479e-07 -0.19509 0.995185 -7.47761e-07 -0.0980171 0.995185 -7.47761e-07 -0.0980171 </float_array>
          <technique_common>
            <accessor count="342" offset="0" source="#meshId33-tangents-array" stride="3">
              <param name="X" type="float" />
              <param name="Y" type="float" />
              <param name="Z" type="float" />
            </accessor>
          </technique_common>
        </source>
        <source id="meshId33-bitangents" name="meshId33-bitangents">
          <float_array id="meshId33-bitangents-array" count="1026"> -2.2914e-07 -1 1.15196e-06 -2.10575e-07 -1 1.05863e-06 -1.40383e-07 -1 1.42533e-06 -1.40383e-07 -1 1.42533e-06 0.980782 0.00270799 0.19509 0.980776 0.00431845 0.195089 0.995175 0.00433934 0.0980165 0.995181 0.00272103 0.0980167 -0 1 0 0.0502345 0.998687 0.00999226 0.0507262 0.9987 0.00499611 -0 1 0 0.00850157 0.999964 0.000837336 0.00841839 0.999963 0.00167434 0.0084184 0.999963 0.00167426 0.00850158 0.999964 0.000837278 0 -1 -0 0.0497046 -0.998752 0.00489553 0.049222 -0.99874 0.00979103 0 -1 -0 0.00237234 -0.999997 0.000471888 -0.00163159 -0.999999 -0.000324441 -0.00164758 -0.999999 -0.000162066 0.00239565 -0.999997 0.000235952 0.00960279 -0.999953 0.000946101 -0.00960283 -0.999954 -0.000945493 -0.00950983 -0.999953 -0.00189131 0.00950973 -0.999953 0.00189192 -0.992016 -0.0797415 -0.0977055 -0.995185 3.34028e-07 -0.0980179 -0.980785 1.45233e-07 -0.195091 -0.977692 -0.0793611 -0.194475 0.995141 -0.00942727 0.0980119 0.995096 -0.0133775 0.0980088 0.980698 -0.0133128 0.195074 0.980742 -0.00938153 0.195082 0.379295 -0.924521 0.0373574 0.375341 -0.923875 0.074659 0.918775 -0.38427 0.0904907 0.918775 -0.38427 0.0904907 0.906124 -0.382691 0.180242 0.906124 -0.382691 0.180239 -0.994651 -0.0327578 -0.0979645 -0.918784 -0.384249 -0.0904942 -0.906127 -0.382685 -0.180239 -0.980264 -0.0326015 -0.194986 -0.379269 -0.924532 -0.0373538 -0.375324 -0.923882 -0.0746565 0.379263 -0.924535 0.0373545 0.375322 -0.923883 0.0746563 0.918785 -0.384246 0.0904919 0.906137 -0.382661 0.180242 -0.379224 -0.924551 -0.0373501 -0.375283 -0.923899 -0.0746478 -0.918776 -0.384268 -0.0904917 -0.906131 -0.382674 -0.180241 0.379224 -0.924551 0.0373507 0.375283 -0.923899 0.0746484 0.918783 -0.384251 0.0904932 0.906135 -0.382666 0.180242 0.906127 0.382684 0.18024 0.918778 0.384264 0.0904923 0.375335 0.923878 0.0746575 0.37927 0.924531 0.0373549 0.906121 0.3827 0.180238 0.918775 0.384269 0.0904914 -0.995185 0 -0.0980146 -0.980785 1.43195e-07 -0.195091 1.09865e-06 1 -1.08208e-07 1.09865e-06 1 -1.08208e-07 5.43998e-07 1 -1.08208e-07 5.43998e-07 1 -1.08208e-07 1.09866e-06 1 -1.08208e-07 8.19576e-07 1 -8.07212e-08 -0 1 0 1.38787e-07 1 -2.76064e-08 -2.44524e-09 1 5.90334e-09 0.0473213 0.998687 0.019601 0.353566 0.923874 0.146453 0.853541 0.382711 0.353553 0.923877 0.00270808 0.382679 0.923871 0.0043184 0.38268 0.853556 0.382677 0.353554 -1.0495e-07 1 1.57068e-07 0.0425845 0.998688 0.0284541 0.318181 0.923884 0.212602 0.768169 0.382698 0.513282 0.831469 0.00270804 0.555565 0.831463 0.00431839 0.555564 0.768179 0.382677 0.513282 -4.5182e-09 1 4.5182e-09 0.0362124 0.998688 0.0362126 0.270573 0.923895 0.270572 0.653282 0.382685 0.65328 0.707104 0.00270806 0.707105 0.7071 0.00431846 0.7071 0.653282 0.38268 0.653283 -1.57068e-07 1 1.04949e-07 0.0284529 0.998688 0.0425828 0.212593 0.92389 0.318169 0.513278 0.38268 0.768181 0.555569 0.00270806 0.831466 0.555565 0.00431843 0.831462 0.513281 0.382678 0.768179 -0 1 0 0.0195988 0.998688 0.047316 0.146439 0.923889 0.353532 0.353558 0.38267 0.853558 0.382681 0.00270792 0.923876 0.38268 0.00431835 0.923871 0.353554 0.38268 0.853555 -6.26675e-09 1 1.24654e-09 0.00999181 0.998688 0.0502327 0.0746563 0.923883 0.375322 0.180238 0.382673 0.906132 0.195091 0.00270794 0.980782 0.195089 0.0043184 0.980776 0.18024 0.382681 0.906128 -3.74175e-07 1 3.68531e-08 0.00499609 0.9987 0.0507283 0.037356 0.924526 0.379284 0.0904907 0.38426 0.91878 0.0980157 0.00272108 0.995181 0.0980161 0.00433932 0.995175 0.090492 0.38426 0.918779 -0 1 0 -0 1 0 -0 1 0 -0 1 0 -0 1 0 -0 1 0 -0 1 0 -0 1 0 -0 1 0 -0 1 0 -1.17658e-07 1 7.86164e-08 -0 1 0 -5.12436e-07 1 2.12258e-07 -3.81702e-07 1 1.58106e-07 -9.84165e-09 1 4.94775e-08 -1.32125e-08 1 6.64237e-08 -0 1 0 -0 1 0 1.93051e-08 1 -4.66066e-08 1.93051e-08 1 -4.66065e-08 -0 1 0 9.59921e-09 1 -1.43662e-08 2.92143e-07 1 -2.92143e-07 3.92204e-07 1 -3.92204e-07 -1.17658e-07 1 7.86164e-08 1.17658e-07 1 -7.86169e-08 -5.12436e-07 1 2.12258e-07 -3.81702e-07 1 1.58106e-07 0.00793047 0.999963 0.00328501 0.0079305 0.999963 0.00328494 0.00713913 0.999963 0.00477017 0.00713913 0.999963 0.00477017 0.00607159 0.999963 0.00607124 0.00607156 0.999963 0.00607126 0.00476976 0.999963 0.00713845 0.00476976 0.999963 0.00713845 0.00328532 0.999963 0.00793104 0.00328535 0.999963 0.00793103 0.00167488 0.999963 0.00841933 0.00167493 0.999963 0.00841931 0.000837382 0.999964 0.00850209 0.00083744 0.999964 0.00850208 0.180239 -0.38268 0.906129 0.180241 -0.38268 0.906129 0.0904922 -0.384258 0.91878 0.0904922 -0.384258 0.91878 0.000471853 -0.999997 0.00237223 0.0746573 -0.923881 0.375326 0.0373541 -0.924535 0.379261 0.000235928 -0.999997 0.0023954 -0.00016267 -0.999999 -0.00164751 -0.000324849 -0.999999 -0.00163154 -0.0746581 -0.923881 -0.375327 -0.037355 -0.924534 -0.379264 -0.194987 -0.0326011 -0.980264 -0.180241 -0.382683 -0.906127 -0.0904912 -0.38426 -0.91878 -0.0979655 -0.0327585 -0.99465 -0.19509 1.26708e-08 -0.980785 -0.0980193 -1.57841e-09 -0.995184 -0.194475 -0.0793605 -0.977692 -0.195091 1.03518e-08 -0.980785 -0.0980165 -4.11234e-09 -0.995185 -0.0977049 -0.0797421 -0.992016 -0.180241 -0.38268 -0.906129 -0.0904922 -0.384259 -0.91878 -0.00189201 -0.999953 -0.00951129 -0.0746583 -0.923879 -0.375332 -0.037356 -0.924529 -0.379276 -0.000946269 -0.999953 -0.00960452 0.00189178 -0.999953 0.00951115 0.000945833 -0.999953 0.00960429 0.0746581 -0.923878 0.375333 0.0373552 -0.924529 0.379276 0.195073 -0.0133128 0.980698 0.180239 -0.382685 0.906127 0.0904918 -0.384259 0.91878 0.0980084 -0.013377 0.995096 0.195081 -0.0093815 0.980742 0.0980125 -0.00942684 0.995141 0.180242 -0.382678 0.906129 0.0904914 -0.384256 0.918781 0.00979046 -0.99874 0.049222 0.0746553 -0.923884 0.375319 0.0373548 -0.924533 0.379266 0.00489522 -0.998752 0.0497054 -3.2317e-07 -1 6.42825e-08 -6.52946e-07 -1 6.43096e-08 0.353554 -0.382682 0.853554 0.353553 -0.382682 0.853554 0.000925602 -0.999997 0.00223465 0.146449 -0.923878 0.353557 -0.000636892 -0.999999 -0.00153678 -0.146444 -0.923884 -0.353544 -0.38248 -0.0326012 -0.923388 -0.353554 -0.382683 -0.853554 -0.382684 2.7936e-08 -0.923879 -0.381477 -0.0793605 -0.920966 -0.382683 2.83336e-08 -0.92388 -0.353553 -0.382678 -0.853556 -0.0037112 -0.999953 -0.00895927 -0.146446 -0.92388 -0.353553 0.0037108 -0.999953 0.00895938 0.146447 -0.923878 0.353557 0.38265 -0.0133131 0.923797 0.353551 -0.382693 0.85355 0.382666 -0.00938149 0.923839 0.353554 -0.382679 0.853555 0.0192054 -0.99874 0.0463663 0.14644 -0.923886 0.35354 3.25716e-07 -1 7.86348e-07 0.513279 -0.382686 0.768177 0.51328 -0.382686 0.768177 0.0013438 -0.999997 0.00201116 0.212615 -0.923874 0.3182 -0.000924402 -0.999999 -0.00138307 -0.212603 -0.923883 -0.318182 -0.555275 -0.0326011 -0.831028 -0.513281 -0.382677 -0.76818 -0.55557 0 -0.83147 -0.553818 -0.0793607 -0.828847 -0.55557 0 -0.83147 -0.513283 -0.382676 -0.768179 -0.00538762 -0.999953 -0.0080629 -0.212605 -0.923881 -0.318186 0.00538755 -0.999953 0.00806308 0.212604 -0.923883 0.318183 0.55552 -0.0133127 0.831396 0.513279 -0.382686 0.768176 0.555545 -0.0093812 0.831433 0.513282 -0.382677 0.76818 0.0278843 -0.99874 0.0417319 0.212609 -0.923878 0.318191 1.43466e-06 -1 2.11235e-06 0.653281 -0.382688 0.65328 0.65328 -0.382688 0.653281 0.00171035 -0.999997 0.00171035 0.270604 -0.923876 0.270604 -0.00117662 -0.999999 -0.00117619 -0.270614 -0.92387 -0.270613 -0.706731 -0.0326008 -0.706731 -0.653284 -0.382676 -0.653283 -0.707108 0 -0.707106 -0.704876 -0.0793613 -0.704877 -0.707106 0 -0.707107 -0.653285 -0.382675 -0.653283 -0.00685683 -0.999953 -0.00685668 -0.27059 -0.923884 -0.27059 0.00685702 -0.999953 0.00685727 0.27059 -0.923884 0.27059 0.707044 -0.0133131 0.707044 0.653283 -0.382683 0.65328 0.707076 -0.00938134 0.707075 0.653287 -0.382662 0.653288 0.0354919 -0.99874 0.0354917 0.27061 -0.923873 0.270609 1.95738e-06 -1 1.65368e-06 0.768177 -0.382681 0.513282 0.768181 -0.382681 0.513277 0.00201102 -0.999997 0.00134373 0.318175 -0.923887 0.212599 -0.00138334 -0.999999 -0.000924063 -0.318196 -0.923876 -0.212612 -0.831028 -0.0326002 -0.555274 -0.768181 -0.382674 -0.513282 -0.83147 5.35567e-08 -0.55557 -0.828847 -0.0793599 -0.553819 -0.83147 0 -0.555569 -0.768185 -0.382667 -0.513282 -0.00806246 -0.999953 -0.00538712 -0.318172 -0.923889 -0.212595 0.00806297 -0.999953 0.00538749 0.318174 -0.923887 0.212596 0.831395 -0.0133137 0.555522 0.768179 -0.382681 0.513279 0.831433 -0.00938187 0.555545 0.768185 -0.382662 0.513286 0.0417307 -0.99874 0.0278839 0.318186 -0.923881 0.212606 1.10228e-06 -1 1.41433e-06 0.853553 -0.382684 0.353554 0.853553 -0.382684 0.353553 0.00223451 -0.999997 0.000925565 0.353539 -0.923886 0.146442 -0.00153691 -0.999999 -0.000636496 -0.353539 -0.923886 -0.146441 -0.923389 -0.0326008 -0.382479 -0.853553 -0.382683 -0.353554 -0.92388 1.94396e-07 -0.382682 -0.920966 -0.07936 -0.381476 -0.923879 -1.82408e-08 -0.382684 -0.853563 -0.382658 -0.353558 -0.00895831 -0.999953 -0.00371054 -0.35352 -0.923895 -0.146432 0.00895844 -0.999953 0.00371071 0.353515 -0.923897 0.146431 0.923798 -0.0133129 0.382649 0.85356 -0.382666 0.353556 0.92384 -0.00938171 0.382664 0.853558 -0.382668 0.353559 0.0463658 -0.99874 0.0192057 0.35354 -0.923885 0.146442 6.60253e-07 -1 6.30138e-07 -4.13056e-07 -1 9.97205e-07 -3.76638e-07 -1 9.09285e-07 -3.99776e-07 -1 5.98307e-07 -3.99776e-07 -1 5.98307e-07 -5.7611e-07 -1 5.76109e-07 -5.08819e-07 -1 5.08818e-07 -1.28512e-06 -1 5.55544e-07 -1.25752e-06 -1 5.37104e-07 -8.28969e-07 -1 2.06959e-07 -8.86224e-07 -1 2.30674e-07 -6.47586e-07 -1 5.14304e-07 -6.47586e-07 -1 5.14304e-07 -6.94987e-07 -1 5.72562e-07 -6.94987e-07 -1 5.72562e-07 </float_array>
          <technique_common>
            <accessor count="342" offset="0" source="#meshId33-bitangents-array" stride="3">
              <param name="X" type="float" />
              <param name="Y" type="float" />
              <param name="Z" type="float" />
            </accessor>
          </technique_common>
        </source>
        <source id="meshId33-tex0" name="meshId33-tex0">
          <float_array id="meshId33-tex0-array" count="684"> -0.500612 -1.16086 -0.500588 -1.23394 -0.334028 -1.23394 -0.334238 -1.16086 -0.199007 -1.28122 -0.235987 -1.7731 -0.00271052 -1.7731 0.100215 -1.28122 -0.198961 -1.25918 -0.198996 -1.27596 0.10057 -1.27596 0.100622 -1.25918 0.256378 -1.8621 -0.0577378 -1.8621 -0.0577434 -1.9379 0.256312 -1.9379 -0.306019 -1.15078 -0.305957 -1.12914 -0.47664 -1.12914 -0.47667 -1.15078 -0.599553 -0.0350142 -0.606872 -0.788973 -0.476457 -0.788973 -0.465373 -0.0350142 -0.244838 -0.983503 -0.24485 -0.86495 -0.43364 -0.86495 -0.433635 -0.983503 -0.254574 -0.843383 -0.255968 -0.829457 -0.442524 -0.829457 -0.442525 -0.843383 -0.305501 -1.12283 -0.293224 -1.01788 -0.475583 -1.01788 -0.476616 -1.12283 -0.465196 -0.0303388 -0.599553 -0.0303388 -0.485757 -0.0233399 -0.485355 -0.0186155 -0.61417 -0.0186155 -0.61417 -0.0233399 -0.477252 -0.795395 -0.476937 -0.792184 -0.606878 -0.792184 -0.606881 -0.795395 -0.476937 -0.792184 -0.606878 -0.792184 -0.305815 -1.12599 -0.476629 -1.12599 -0.305815 -1.12599 -0.476629 -1.12599 -0.244968 -0.861796 -0.43364 -0.861796 -0.254285 -0.846534 -0.442527 -0.846534 -0.244956 -0.986657 -0.433635 -0.986656 -0.292945 -1.01472 -0.475587 -1.01472 -0.236023 -1.78083 -0.00347507 -1.78083 -0.199003 -1.27859 0.100459 -1.27859 -0.199003 -1.27859 0.100459 -1.27859 -0.477092 -0.811164 -0.606884 -0.811164 -1.86374 -2.05447 -1.86397 -2.14553 -1.6479 -2.14553 -1.64788 -2.05447 -1.86379 -2.20447 -1.86393 -2.29553 -1.6479 -2.29553 -1.64788 -2.20447 -0.472917 -1.25918 -0.472927 -1.27596 -0.47293 -1.27859 -0.47293 -1.27859 -0.472931 -1.28122 -0.48608 -1.7731 -0.486096 -1.78083 -0.737895 -1.25918 -0.737893 -1.27596 -0.737892 -1.27859 -0.737892 -1.27859 -0.737892 -1.28122 -0.742095 -1.7731 -0.742098 -1.78083 -1 -1.25918 -0.999999 -1.27596 -0.999998 -1.27859 -0.999998 -1.27859 -0.999998 -1.28122 -1 -1.7731 -0.999998 -1.78083 -1.26211 -1.25918 -1.26211 -1.27596 -1.2621 -1.27859 -1.2621 -1.27859 -1.2621 -1.28122 -1.25791 -1.7731 -1.2579 -1.78083 -1.52709 -1.25918 -1.52707 -1.27596 -1.52707 -1.27859 -1.52707 -1.27859 -1.52707 -1.28122 -1.51392 -1.7731 -1.5139 -1.78083 -1.80104 -1.25918 -1.801 -1.27596 -1.80099 -1.27859 -1.80099 -1.27859 -1.80099 -1.28122 -1.76401 -1.7731 -1.76398 -1.78083 -2.10062 -1.25918 -2.10057 -1.27596 -2.10046 -1.27859 -2.10046 -1.27859 -2.10022 -1.28122 -1.99729 -1.7731 -1.99652 -1.78083 -0.352109 -2.05447 -0.352109 -2.14553 -0.136145 -2.14553 -0.136145 -2.05447 -0.568071 -2.05447 -0.568073 -2.14553 -0.784043 -2.05447 -0.78403 -2.14553 -0.999992 -2.05447 -1.00001 -2.14553 -1.21593 -2.05447 -1.21599 -2.14553 -1.43194 -2.05447 -1.43191 -2.14553 -0.352109 -2.20447 -0.352108 -2.29553 -0.136144 -2.29553 -0.136145 -2.20447 -0.568063 -2.20447 -0.568079 -2.29553 -0.784046 -2.20447 -0.784024 -2.29553 -1.00001 -2.20447 -0.99999 -2.29553 -1.21596 -2.20447 -1.21597 -2.29553 -1.43193 -2.20447 -1.43193 -2.29553 -0.371827 -1.8621 -0.371827 -1.9379 -0.685912 -1.8621 -0.685912 -1.9379 -0.999997 -1.8621 -1 -1.9379 -1.31409 -1.8621 -1.31409 -1.9379 -1.62817 -1.8621 -1.62817 -1.9379 -1.94226 -1.8621 -1.94226 -1.9379 -2.25638 -1.8621 -2.25631 -1.9379 -1.38583 -0.0233399 -1.38583 -0.0186155 -1.51464 -0.0186155 -1.51424 -0.0233399 -1.40045 -0.0350142 -1.40045 -0.0303388 -1.5348 -0.0303388 -1.53463 -0.0350142 -1.52354 -0.788973 -1.39313 -0.788973 -1.39312 -0.792184 -1.52306 -0.792184 -1.39312 -0.795395 -1.39312 -0.792184 -1.52306 -0.792184 -1.52275 -0.795395 -1.39311 -0.811164 -1.52291 -0.811164 -1.55747 -0.843383 -1.55747 -0.829457 -1.74403 -0.829457 -1.74542 -0.843383 -1.55747 -0.846534 -1.74571 -0.846534 -1.56636 -0.86495 -1.56636 -0.861796 -1.75504 -0.861796 -1.75515 -0.864949 -1.56636 -0.983503 -1.75516 -0.983503 -1.56636 -0.986656 -1.75504 -0.986656 -1.52442 -1.01788 -1.52441 -1.01472 -1.70705 -1.01472 -1.70678 -1.01788 -1.52338 -1.12283 -1.6945 -1.12283 -1.52337 -1.12599 -1.69418 -1.12599 -1.52336 -1.12914 -1.52337 -1.12599 -1.69418 -1.12599 -1.69404 -1.12914 -1.52333 -1.15078 -1.69398 -1.15078 -1.25722 -0.0233399 -1.25722 -0.0186155 -1.26673 -0.0350142 -1.26673 -0.0303388 -1.26232 -0.788973 -1.26232 -0.792184 -1.26232 -0.795395 -1.26232 -0.792184 -1.26235 -0.811164 -1.37151 -0.843383 -1.37151 -0.829457 -1.37151 -0.846534 -1.37757 -0.86495 -1.37757 -0.861796 -1.37758 -0.983503 -1.37758 -0.986656 -1.3492 -1.01788 -1.3492 -1.01472 -1.34911 -1.12283 -1.34911 -1.12599 -1.34911 -1.12914 -1.34911 -1.12599 -1.34911 -1.15078 -1.12861 -0.0233399 -1.12861 -0.0186155 -1.1333 -0.0350142 -1.1333 -0.0303388 -1.13116 -0.788973 -1.13115 -0.792184 -1.13115 -0.795395 -1.13115 -0.792184 -1.13113 -0.811164 -1.18593 -0.843383 -1.18593 -0.829457 -1.18593 -0.846534 -1.18879 -0.86495 -1.18879 -0.861796 -1.18879 -0.983503 -1.18879 -0.986656 -1.17458 -1.01788 -1.17458 -1.01472 -1.17457 -1.12283 -1.17457 -1.12599 -1.17457 -1.12914 -1.17457 -1.12599 -1.17457 -1.15078 -0.999999 -0.0233399 -0.999999 -0.0186155 -0.999999 -0.0350142 -0.999999 -0.0303388 -1 -0.788973 -0.999999 -0.792184 -0.999999 -0.795395 -0.999999 -0.792184 -0.999999 -0.811164 -1 -0.843383 -1 -0.829457 -1 -0.846534 -0.999988 -0.86495 -0.999988 -0.861796 -1.00001 -0.983503 -1.00001 -0.986656 -0.999999 -1.01788 -0.999999 -1.01472 -1 -1.12283 -1 -1.12599 -0.999999 -1.12914 -1 -1.12599 -0.999999 -1.15078 -0.87139 -0.0233399 -0.87139 -0.0186155 -0.866703 -0.0350142 -0.866704 -0.0303388 -0.868838 -0.788973 -0.868846 -0.792184 -0.868849 -0.795395 -0.868846 -0.792184 -0.868873 -0.811164 -0.814066 -0.843383 -0.814066 -0.829457 -0.814065 -0.846534 -0.811211 -0.86495 -0.811211 -0.861796 -0.811208 -0.983503 -0.811208 -0.986656 -0.825421 -1.01788 -0.825421 -1.01472 -0.825433 -1.12283 -0.825433 -1.12599 -0.825434 -1.12914 -0.825433 -1.12599 -0.825434 -1.15078 -0.74278 -0.0233399 -0.74278 -0.0186155 -0.733269 -0.0350142 -0.73327 -0.0303388 -0.737683 -0.788973 -0.73768 -0.792184 -0.737676 -0.795395 -0.73768 -0.792184 -0.737652 -0.811164 -0.628492 -0.843383 -0.62849 -0.829457 -0.628492 -0.846534 -0.622418 -0.86495 -0.622418 -0.861796 -0.622433 -0.983503 -0.622434 -0.986656 -0.650799 -1.01788 -0.650799 -1.01472 -0.650887 -1.12283 -0.650888 -1.12599 -0.650889 -1.12914 -0.650888 -1.12599 -0.650891 -1.15078 -0.66705 -1.16086 -0.667084 -1.23394 -0.833547 -1.16086 -0.833522 -1.23394 -1 -1.16086 -0.999998 -1.23394 -1.16646 -1.16086 -1.16647 -1.23394 -1.33293 -1.16086 -1.33294 -1.23394 -1.4994 -1.16086 -1.4994 -1.23394 -1.66582 -1.23394 -1.66592 -1.16086 </float_array>
          <technique_common>
            <accessor count="342" offset="0" source="#meshId33-tex0-array" stride="2">
              <param name="S" type="float" />
              <param name="T" type="float" />
            </accessor>
          </technique_common>
        </source>
        <vertices id="meshId33-vertices">
          <input semantic="POSITION" source="#meshId33-positions" />
        </vertices>
        <polylist count="400" material="defaultMaterial">
          <input offset="0" semantic="VERTEX" source="#meshId33-vertices" />
          <input offset="0" semantic="NORMAL" source="#meshId33-normals" />
          <input offset="0" semantic="TANGENT" source="#meshId33-tangents" />
          <input offset="0" semantic="BINORMAL" source="#meshId33-bitangents" />
          <input offset="0" semantic="TEXCOORD" source="#meshId33-tex0" set="0" />
          <vcount>3 3 3 3 3 3 3 3 3 3 3 3 3 3 3 3 3 3 3 3 3 3 3 3 3 3 3 3 3 3 3 3 3 3 3 3 3 3 3 3 3 3 3 3 3 3 3 3 3 3 3 3 3 3 3 3 3 3 3 3 3 3 3 3 3 3 3 3 3 3 3 3 3 3 3 3 3 3 3 3 3 3 3 3 3 3 3 3 3 3 3 3 3 3 3 3 3 3 3 3 3 3 3 3 3 3 3 3 3 3 3 3 3 3 3 3 3 3 3 3 3 3 3 3 3 3 3 3 3 3 3 3 3 3 3 3 3 3 3 3 3 3 3 3 3 3 3 3 3 3 3 3 3 3 3 3 3 3 3 3 3 3 3 3 3 3 3 3 3 3 3 3 3 3 3 3 3 3 3 3 3 3 3 3 3 3 3 3 3 3 3 3 3 3 3 3 3 3 3 3 3 3 3 3 3 3 3 3 3 3 3 3 3 3 3 3 3 3 3 3 3 3 3 3 3 3 3 3 3 3 3 3 3 3 3 3 3 3 3 3 3 3 3 3 3 3 3 3 3 3 3 3 3 3 3 3 3 3 3 3 3 3 3 3 3 3 3 3 3 3 3 3 3 3 3 3 3 3 3 3 3 3 3 3 3 3 3 3 3 3 3 3 3 3 3 3 3 3 3 3 3 3 3 3 3 3 3 3 3 3 3 3 3 3 3 3 3 3 3 3 3 3 3 3 3 3 3 3 3 3 3 3 3 3 3 3 3 3 3 3 3 3 3 3 3 3 3 3 3 3 3 3 3 3 3 3 3 3 3 3 3 3 3 3 3 3 3 3 3 3 3 3 3 3 3 3 3 3 3 3 3 3 3 3 3 3 3 3 3 3 3 3 3 3 3 3 3 3 3 3 </vcount>
          <p>3 0 1 1 2 3 7 4 5 5 6 7 11 8 9 9 10 11 15 12 13 13 14 15 19 16 17 17 18 19 23 20 21 21 22 23 27 24 25 25 26 27 31 28 29 29 30 31 35 32 33 33 34 35 20 23 36 36 37 20 41 38 39 39 40 41 45 42 43 43 44 45 47 46 22 22 21 47 18 17 48 48 49 18 51 50 32 32 35 51 26 25 52 52 53 26 55 54 28 28 31 55 57 56 24 24 27 57 34 33 58 58 59 34 6 5 60 60 61 6 10 9 62 62 63 10 65 64 4 4 7 65 67 66 42 42 45 67 71 68 69 69 70 71 75 72 73 73 74 75 77 9 8 8 76 77 78 62 9 9 77 78 80 4 64 64 79 80 81 5 4 4 80 81 82 60 5 5 81 82 76 83 84 84 77 76 77 84 85 85 78 77 79 86 87 87 80 79 80 87 88 88 81 80 81 88 89 89 82 81 83 90 91 91 84 83 84 91 92 92 85 84 86 93 94 94 87 86 87 94 95 95 88 87 88 95 96 96 89 88 90 97 98 98 91 90 91 98 99 99 92 91 93 100 101 101 94 93 94 101 102 102 95 94 95 102 103 103 96 95 97 104 105 105 98 97 98 105 106 106 99 98 100 107 108 108 101 100 101 108 109 109 102 101 102 109 110 110 103 102 112 105 104 104 111 112 113 106 105 105 112 113 115 108 107 107 114 115 116 109 108 108 115 116 117 110 109 109 116 117 119 112 111 111 118 119 120 113 112 112 119 120 122 115 114 114 121 122 123 116 115 115 122 123 124 117 116 116 123 124 128 125 126 126 127 128 125 129 130 130 126 125 129 131 132 132 130 129 131 133 134 134 132 131 133 135 136 136 134 133 135 137 138 138 136 135 137 71 70 70 138 137 142 139 140 140 141 142 139 143 144 144 140 139 143 145 146 146 144 143 145 147 148 148 146 145 147 149 150 150 148 147 149 151 152 152 150 149 151 75 74 74 152 151 154 14 13 13 153 154 156 154 153 153 155 156 158 156 155 155 157 158 160 158 157 157 159 160 162 160 159 159 161 162 164 162 161 161 163 164 166 164 163 163 165 166 170 167 168 168 169 170 174 171 172 172 173 174 171 174 175 175 176 171 178 177 176 176 175 178 182 179 180 180 181 182 184 183 179 179 182 184 188 185 186 186 187 188 190 189 185 185 188 190 194 191 192 192 193 194 196 195 191 191 194 196 198 197 195 195 196 198 202 199 200 200 201 202 204 203 199 199 202 204 206 205 203 203 204 206 210 207 208 208 209 210 212 211 207 207 210 212 167 213 214 214 168 167 171 215 216 216 172 171 215 171 176 176 217 215 177 218 217 217 176 177 179 219 220 220 180 179 183 221 219 219 179 183 185 222 223 223 186 185 189 224 222 222 185 189 191 225 226 226 192 191 195 227 225 225 191 195 197 228 227 227 195 197 199 229 230 230 200 199 203 231 229 229 199 203 205 232 231 231 203 205 207 233 234 234 208 207 211 235 233 233 207 211 213 236 237 237 214 213 215 238 239 239 216 215 238 215 217 217 240 238 218 241 240 240 217 218 219 242 243 243 220 219 221 244 242 242 219 221 222 245 246 246 223 222 224 247 245 245 222 224 225 248 249 249 226 225 227 250 248 248 225 227 228 251 250 250 227 228 229 252 253 253 230 229 231 254 252 252 229 231 232 255 254 254 231 232 233 256 257 257 234 233 235 258 256 256 233 235 236 259 260 260 237 236 238 261 262 262 239 238 261 238 240 240 263 261 241 264 263 263 240 241 242 265 266 266 243 242 244 267 265 265 242 244 245 268 269 269 246 245 247 270 268 268 245 247 248 271 272 272 249 248 250 273 271 271 248 250 251 274 273 273 250 251 252 275 276 276 253 252 254 277 275 275 252 254 255 278 277 277 254 255 256 279 280 280 257 256 258 281 279 279 256 258 259 282 283 283 260 259 261 284 285 285 262 261 284 261 263 263 286 284 264 287 286 286 263 264 265 288 289 289 266 265 267 290 288 288 265 267 268 291 292 292 269 268 270 293 291 291 268 270 271 294 295 295 272 271 273 296 294 294 271 273 274 297 296 296 273 274 275 298 299 299 276 275 277 300 298 298 275 277 278 301 300 300 277 278 279 302 303 303 280 279 281 304 302 302 279 281 282 305 306 306 283 282 284 307 308 308 285 284 307 284 286 286 309 307 287 310 309 309 286 287 288 311 312 312 289 288 290 313 311 311 288 290 291 314 315 315 292 291 293 316 314 314 291 293 294 317 318 318 295 294 296 319 317 317 294 296 297 320 319 319 296 297 298 321 322 322 299 298 300 323 321 321 298 300 301 324 323 323 300 301 302 325 326 326 303 302 304 327 325 325 302 304 305 41 40 40 306 305 307 20 37 37 308 307 20 307 309 309 21 20 310 47 21 21 309 310 311 45 44 44 312 311 313 67 45 45 311 313 314 31 30 30 315 314 316 55 31 31 314 316 317 26 53 53 318 317 319 27 26 26 317 319 320 57 27 27 319 320 321 34 59 59 322 321 323 35 34 34 321 323 324 51 35 35 323 324 325 18 49 49 326 325 327 19 18 18 325 327 0 328 329 329 1 0 328 330 331 331 329 328 330 332 333 333 331 330 332 334 335 335 333 332 334 336 337 337 335 334 336 338 339 339 337 336 341 340 339 339 338 341 </p>
        </polylist>
      </mesh>
    </geometry>
    <geometry id="meshId34" name="meshId34_name" >
      <mesh>
        <source id="meshId34-positions" name="meshId34-positions">
          <float_array id="meshId34-positions-array" count="1143"> 0.344304 0.187789 0.3839 0.344641 0.186696 0.3839 0.338388 0.186696 0.447391 0.338057 0.187789 0.447325 0.344472 0.189723 0.3839 0.344304 0.189182 0.3839 0.338058 0.189182 0.447325 0.338222 0.189723 0.447358 0.337933 0.158076 0.447301 0.344178 0.158076 0.3839 0.34551 0.156441 0.3839 0.339239 0.156441 0.44756 0.344178 0.159522 0.3839 0.337934 0.159522 0.447301 0.338634 0.161157 0.44744 0.344892 0.161157 0.3839 0.383025 0.190265 0.3839 0.345407 0.190265 0.3839 0.339139 0.190265 0.44754 0.376034 0.190265 0.454879 0.448114 -0.190265 0.3839 0.019195 -0.190265 0.812818 0.019195 -0.190265 0.812818 0.635295 0.157408 0.3839 0.623457 0.157408 0.504095 0.621632 0.155245 0.503732 0.633434 0.155245 0.3839 0.634132 0.161081 0.3839 0.622316 0.161081 0.503868 0.623457 0.158929 0.504095 0.635295 0.158929 0.3839 0.019195 0.187131 0.99985 0.019195 0.185487 0.999136 0.139222 0.185487 0.987314 0.139361 0.187131 0.988015 0.019195 0.189395 0.999493 0.019195 0.188577 0.99985 0.139361 0.188577 0.988015 0.139291 0.189395 0.987665 0.019195 0.190212 0.980816 0.019195 0.190212 0.998245 0.139048 0.190212 0.98644 0.135648 0.190212 0.969347 0.338783 0.190146 0.44747 0.345045 0.190146 0.3839 0.139193 0.18999 0.987172 0.019195 0.18999 0.998991 0.376641 0.190009 0.455 0.383643 0.190009 0.3839 0.376892 0.18939 0.45505 0.3839 0.18939 0.3839 0.135527 0.189956 0.96874 0.019195 0.189956 0.980198 0.135477 0.189338 0.968489 0.019195 0.189338 0.979942 0.019195 -0.0523446 0.807991 0.019195 -0.0545076 0.806828 0.101704 -0.0545076 0.798702 0.101931 -0.0523446 0.799843 0.019195 -0.0486709 0.806828 0.019195 -0.0508233 0.807991 0.101931 -0.0508233 0.799843 0.101704 -0.0486709 0.798702 0.019195 -0.022621 0.807842 0.019195 -0.0242658 0.807127 0.101763 -0.0242658 0.798995 0.101902 -0.022621 0.799696 0.019195 -0.0195401 0.807128 0.019195 -0.0211752 0.807841 0.101902 -0.0211752 0.799696 0.101763 -0.0195401 0.798996 0.019195 0.0525262 0.807991 0.019195 0.0503632 0.806828 0.101704 0.0503632 0.798702 0.101931 0.0525262 0.799843 0.019195 0.0561999 0.806828 0.019195 0.0540475 0.807991 0.101931 0.0540475 0.799843 0.101704 0.0561999 0.798702 0.019195 0.0822498 0.807842 0.019195 0.080605 0.807127 0.101763 0.080605 0.798995 0.101902 0.0822498 0.799696 0.019195 0.0853307 0.807128 0.019195 0.0836956 0.807841 0.101902 0.0836955 0.799696 0.101763 0.0853307 0.798996 0.588397 0.158929 0.619671 0.587323 0.161081 0.619226 0.588397 0.157408 0.619671 0.586678 0.155245 0.618959 0.530496 0.161081 0.72554 0.531464 0.158929 0.726187 0.531464 0.157408 0.726187 0.529916 0.155245 0.725153 0.454021 0.161081 0.818726 0.454844 0.158929 0.819548 0.454844 0.157408 0.819548 0.453527 0.155245 0.818232 0.360836 0.161081 0.895201 0.361482 0.158929 0.896168 0.361482 0.157408 0.896168 0.360448 0.155245 0.894621 0.254521 0.161081 0.952027 0.254966 0.158929 0.953102 0.254966 0.157408 0.953102 0.254254 0.155245 0.951383 0.13939 0.158929 0.988162 0.139163 0.161081 0.987021 0.13939 0.157408 0.988162 0.139027 0.155245 0.986336 0.019195 0.158929 1 0.019195 0.161081 0.998837 0.019195 0.157408 1 0.019195 0.155245 0.998139 0.443287 -0.0523446 0.3839 0.435138 -0.0523446 0.466636 0.433997 -0.0545076 0.466409 0.442123 -0.0545076 0.3839 0.443287 -0.0508233 0.3839 0.435138 -0.0508233 0.466636 0.442123 -0.0486709 0.3839 0.433997 -0.0486709 0.466409 0.411005 -0.0523446 0.546193 0.40993 -0.0545076 0.545747 0.411005 -0.0508233 0.546193 0.40993 -0.0486709 0.545747 0.371814 -0.0523446 0.619513 0.370847 -0.0545076 0.618866 0.371814 -0.0508233 0.619513 0.370847 -0.0486709 0.618866 0.319073 -0.0523446 0.683778 0.31825 -0.0545076 0.682955 0.319073 -0.0508233 0.683778 0.31825 -0.0486709 0.682955 0.254808 -0.0523446 0.736519 0.254161 -0.0545076 0.735552 0.254808 -0.0508233 0.736519 0.254161 -0.0486709 0.735552 0.181488 -0.0523446 0.775709 0.181043 -0.0545076 0.774635 0.181488 -0.0508233 0.775709 0.181043 -0.0486709 0.774635 0.443137 -0.022621 0.3839 0.434991 -0.022621 0.466607 0.43429 -0.0242658 0.466467 0.442422 -0.0242658 0.3839 0.443137 -0.0211753 0.3839 0.434991 -0.0211753 0.466607 0.442424 -0.0195401 0.3839 0.434291 -0.0195401 0.466467 0.410867 -0.022621 0.546135 0.410206 -0.0242658 0.545862 0.410866 -0.0211753 0.546135 0.410207 -0.0195401 0.545862 0.37169 -0.022621 0.619429 0.371096 -0.0242658 0.619032 0.37169 -0.0211753 0.619429 0.371097 -0.0195401 0.619033 0.318967 -0.022621 0.683672 0.318462 -0.0242658 0.683167 0.318967 -0.0211753 0.683672 0.318463 -0.0195401 0.683167 0.254725 -0.022621 0.736395 0.254327 -0.0242658 0.7358 0.254724 -0.0211753 0.736394 0.254328 -0.0195401 0.735801 0.181431 -0.022621 0.775571 0.181157 -0.0242658 0.774911 0.181431 -0.0211753 0.775571 0.181158 -0.0195401 0.774912 0.443287 0.0525262 0.3839 0.435138 0.0525262 0.466636 0.433997 0.0503632 0.466409 0.442123 0.0503632 0.3839 0.443287 0.0540475 0.3839 0.435138 0.0540475 0.466636 0.442123 0.0561999 0.3839 0.433997 0.0561999 0.466409 0.411005 0.0525262 0.546193 0.40993 0.0503632 0.545747 0.411005 0.0540475 0.546193 0.40993 0.0561999 0.545747 0.371814 0.0525262 0.619513 0.370847 0.0503632 0.618866 0.371814 0.0540475 0.619513 0.370847 0.0561999 0.618866 0.319073 0.0525262 0.683778 0.31825 0.0503632 0.682955 0.319073 0.0540475 0.683778 0.31825 0.0561999 0.682955 0.254808 0.0525262 0.736519 0.254161 0.0503632 0.735552 0.254808 0.0540475 0.736519 0.254161 0.0561999 0.735552 0.181488 0.0525262 0.775709 0.181043 0.0503632 0.774635 0.181488 0.0540475 0.775709 0.181043 0.0561999 0.774635 0.443137 0.0822498 0.3839 0.434991 0.0822498 0.466607 0.43429 0.080605 0.466467 0.442422 0.080605 0.3839 0.443137 0.0836955 0.3839 0.434991 0.0836955 0.466607 0.442424 0.0853307 0.3839 0.434291 0.0853307 0.466467 0.410867 0.0822498 0.546135 0.410206 0.080605 0.545862 0.410866 0.0836955 0.546135 0.410207 0.0853307 0.545862 0.37169 0.0822498 0.619429 0.371096 0.080605 0.619032 0.37169 0.0836955 0.619429 0.371097 0.0853307 0.619033 0.318967 0.0822498 0.683672 0.318462 0.080605 0.683167 0.318967 0.0836955 0.683672 0.318463 0.0853307 0.683167 0.254725 0.0822498 0.736395 0.254327 0.080605 0.7358 0.254724 0.0836955 0.736394 0.254328 0.0853307 0.735801 0.181431 0.0822498 0.775571 0.181157 0.080605 0.774911 0.181431 0.0836955 0.775571 0.181158 0.0853307 0.774912 0.635146 0.187131 0.3839 0.623311 0.187131 0.504066 0.622609 0.185487 0.503926 0.634431 0.185487 0.3839 0.635145 0.188577 0.3839 0.62331 0.188577 0.504066 0.634789 0.189395 0.3839 0.62296 0.189395 0.503996 0.634286 0.18999 0.3839 0.622468 0.18999 0.503898 0.63354 0.190212 0.3839 0.621736 0.190212 0.503752 0.616112 0.190212 0.3839 0.604642 0.190212 0.500352 0.615493 0.189956 0.3839 0.604036 0.189956 0.500232 0.615237 0.189338 0.3839 0.603784 0.189338 0.500182 0.588259 0.187131 0.619614 0.587599 0.185487 0.61934 0.588259 0.188577 0.619614 0.587929 0.189395 0.619477 0.587465 0.18999 0.619285 0.586776 0.190212 0.618999 0.570674 0.190212 0.61233 0.570103 0.189956 0.612093 0.569866 0.189338 0.611995 0.531339 0.187131 0.726104 0.530745 0.185487 0.725707 0.531339 0.188577 0.726103 0.531042 0.189395 0.725905 0.530625 0.18999 0.725626 0.530004 0.190212 0.725212 0.515513 0.190212 0.715529 0.514999 0.189956 0.715185 0.514786 0.189338 0.715043 0.454738 0.187131 0.819443 0.454232 0.185487 0.818937 0.454738 0.188577 0.819442 0.454485 0.189395 0.81919 0.45413 0.18999 0.818835 0.453603 0.190212 0.818307 0.441279 0.190212 0.805984 0.440841 0.189956 0.805546 0.44066 0.189338 0.805365 0.361399 0.187131 0.896044 0.361002 0.185487 0.89545 0.361399 0.188577 0.896044 0.3612 0.189395 0.895747 0.360921 0.18999 0.895329 0.360507 0.190212 0.894709 0.350824 0.190212 0.880218 0.350481 0.189956 0.879704 0.350338 0.189338 0.879491 0.254909 0.187131 0.952964 0.254636 0.185486 0.952303 0.254909 0.188577 0.952963 0.254773 0.189395 0.952634 0.25458 0.18999 0.95217 0.254295 0.190212 0.951481 0.247625 0.190212 0.935379 0.247388 0.189956 0.934807 0.24729 0.189338 0.934571 0.019195 0.187789 0.709008 0.0826205 0.187789 0.702761 0.0826864 0.186696 0.703092 0.019195 0.186696 0.709346 0.019195 0.189182 0.709009 0.0826206 0.189182 0.702762 0.019195 0.189723 0.709176 0.0826533 0.189723 0.702926 0.019195 0.190146 0.709749 0.082765 0.190146 0.703488 0.019195 0.190265 0.710111 0.0828357 0.190265 0.703843 0.019195 0.190265 0.74773 0.0901747 0.190265 0.740739 0.019195 0.190009 0.748348 0.0902953 0.190009 0.741345 0.019195 0.18939 0.748604 0.0903453 0.18939 0.741596 0.143609 0.187789 0.684261 0.143738 0.186696 0.684573 0.143609 0.189182 0.684262 0.143673 0.189723 0.684416 0.143892 0.190146 0.684945 0.144031 0.190265 0.68528 0.158427 0.190265 0.720035 0.158663 0.190009 0.720606 0.158761 0.18939 0.720843 0.199816 0.187789 0.654218 0.200003 0.186696 0.654498 0.199816 0.189182 0.654218 0.199909 0.189723 0.654357 0.200227 0.190146 0.654834 0.200429 0.190265 0.655135 0.221328 0.190265 0.686413 0.221672 0.190009 0.686927 0.221814 0.18939 0.68714 0.249082 0.187789 0.613786 0.24932 0.186696 0.614025 0.249082 0.189182 0.613787 0.249201 0.189723 0.613905 0.249605 0.190146 0.61431 0.249862 0.190265 0.614566 0.276462 0.190265 0.641166 0.276899 0.190009 0.641603 0.27708 0.18939 0.641785 0.289513 0.187789 0.56452 0.289794 0.186696 0.564708 0.289514 0.189182 0.564521 0.289653 0.189723 0.564614 0.290129 0.190146 0.564932 0.29043 0.190265 0.565133 0.321709 0.190265 0.586033 0.322223 0.190009 0.586376 0.322436 0.18939 0.586518 0.319556 0.187789 0.508313 0.319868 0.186696 0.508442 0.319557 0.189182 0.508314 0.319712 0.189723 0.508378 0.320241 0.190146 0.508597 0.320575 0.190265 0.508735 0.35533 0.190265 0.523131 0.355901 0.190009 0.523368 0.356138 0.18939 0.523466 0.019195 0.158076 0.708882 0.082596 0.158076 0.702638 0.0828558 0.156441 0.703944 0.019195 0.156441 0.710214 0.019195 0.159522 0.708883 0.0825961 0.159522 0.702639 0.019195 0.161157 0.709596 0.0827352 0.161157 0.703338 0.14356 0.158076 0.684145 0.14407 0.156441 0.685375 0.143561 0.159522 0.684145 0.143834 0.161157 0.684804 0.199746 0.158076 0.654113 0.200486 0.156441 0.65522 0.199746 0.159522 0.654113 0.200142 0.161157 0.654706 0.248993 0.158077 0.613697 0.249934 0.156441 0.614639 0.248993 0.159522 0.613698 0.249497 0.161157 0.614202 0.289408 0.158077 0.56445 0.290516 0.156441 0.56519 0.289409 0.159522 0.564451 0.290002 0.161157 0.564847 0.31944 0.158076 0.508265 0.32067 0.156441 0.508775 0.319441 0.159522 0.508265 0.320099 0.161157 0.508538 </float_array>
          <technique_common>
            <accessor count="381" offset="0" source="#meshId34-positions-array" stride="3">
              <param name="X" type="float" />
              <param name="Y" type="float" />
              <param name="Z" type="float" />
            </accessor>
          </technique_common>
        </source>
        <source id="meshId34-normals" name="meshId34-normals">
          <float_array id="meshId34-normals-array" count="1143"> -0.978127 -0.184356 -0.0963376 -0.951244 -0.293866 -0.0936894 -0.937079 -0.295191 -0.186398 -0.977125 -0.0863105 -0.194363 -0.790639 0.607311 -0.077871 -0.993919 0.0504171 -0.0978931 -0.971899 0.134311 -0.193323 -0.735909 0.657907 -0.159989 -0.900651 -0.396775 -0.177192 -0.955165 -0.280732 -0.0940757 -0.773223 -0.629544 -0.0761564 -0.755377 -0.631176 -0.176133 -0.952887 0.288442 -0.093851 -0.955065 0.22579 -0.192017 -0.904437 0.399637 -0.149281 -0.912882 0.398199 -0.0899109 0.00706338 0.999975 0.000695678 -0.00313555 0.999995 -0.000308827 -0.00220064 0.999998 -0.00036318 0.00971689 0.99995 0.002267 0 -1 0 0 -1 0 0 -1 0 0.840755 -0.535045 0.0828076 0.874495 -0.450757 0.179102 0.748057 -0.652065 0.123382 0.755884 -0.650459 0.0744485 0.876448 0.473695 0.0863229 0.856832 0.475265 0.199907 0.936078 0.301808 0.180748 0.971355 0.217522 0.0956707 0.093875 -0.287627 0.953131 0.0899635 -0.396972 0.913411 0.17892 -0.398628 0.899491 0.192719 -0.155435 0.968865 0.0838601 0.517696 0.851445 0.0975685 0.0955666 0.99063 0.190056 0.225704 0.955477 0.177704 0.544418 0.819775 -0.00137752 0.999901 -0.0139862 0.00120602 0.999924 0.0122449 0.00153291 0.999956 0.00929166 -0.00475395 0.999781 -0.020382 -0.493326 0.865304 -0.0887579 -0.453388 0.890194 -0.0446545 0.0988342 0.83652 0.53895 0.0454985 0.885736 0.461955 0.691725 0.706954 0.147421 0.794765 0.601849 0.0782772 0.911622 0.382511 0.150436 0.920027 0.381233 0.0906155 -0.147343 0.707163 -0.691527 -0.0782704 0.601947 -0.794691 -0.150414 0.382522 -0.911621 -0.0906178 0.381158 -0.920058 0.0911359 -0.36807 0.925321 0.0864162 -0.471911 0.877401 0.171815 -0.473684 0.863773 0.190394 -0.218103 0.957174 0.0863217 0.473709 0.876441 0.09567 0.217523 0.971355 0.181186 0.370761 0.910883 0.171626 0.475482 0.862822 0.0938742 -0.287629 0.95313 0.0899596 -0.39703 0.913386 0.178919 -0.398641 0.899485 0.192719 -0.155451 0.968863 0.0899107 0.3982 0.912881 0.0968296 0.155143 0.983135 0.186733 0.289561 0.938768 0.178817 0.399835 0.898975 0.091136 -0.368069 0.925321 0.0864162 -0.471912 0.8774 0.171815 -0.473682 0.863774 0.190393 -0.218102 0.957174 0.0863216 0.473711 0.87644 0.09567 0.217523 0.971355 0.181186 0.370762 0.910883 0.171625 0.475484 0.862821 0.0938741 -0.28763 0.95313 0.0899596 -0.397031 0.913386 0.178918 -0.398646 0.899483 0.192719 -0.155451 0.968862 0.0899108 0.398198 0.912883 0.0968297 0.155142 0.983135 0.186733 0.289559 0.938768 0.178818 0.399829 0.898978 0.882829 0.301809 0.359895 0.801352 0.475296 0.363219 0.822753 -0.450752 0.346266 0.709624 -0.65205 0.266954 0.71508 0.475328 0.512566 0.795644 0.301846 0.525204 0.739383 -0.450769 0.50012 0.643902 -0.65206 0.400261 0.601353 0.475303 0.642231 0.677893 0.301848 0.670335 0.627606 -0.450773 0.634755 0.553435 -0.65207 0.518183 0.464509 0.47529 0.747215 0.534095 0.301832 0.789709 0.491714 -0.450768 0.745001 0.44171 -0.652068 0.616197 0.30981 0.475283 0.823483 0.369769 0.30182 0.878735 0.336925 -0.450758 0.826619 0.31301 -0.652064 0.690534 0.191231 0.30182 0.933989 0.143203 0.475294 0.868095 0.169187 -0.450749 0.876471 0.172283 -0.652047 0.738345 0.0910899 0.369267 0.924848 0.0863209 0.473728 0.87643 0.0923456 -0.335241 0.937596 0.0744495 -0.650442 0.755899 0.925313 -0.368089 0.0911354 0.93423 -0.301003 0.191341 0.86905 -0.473503 0.143343 0.877378 -0.471954 0.0864134 0.971351 0.217543 0.0956702 0.936079 0.301796 0.180764 0.876432 0.473726 0.0863208 0.856818 0.475283 0.199921 0.878949 -0.301009 0.369923 0.824392 -0.473491 0.310135 0.88283 0.301787 0.359911 0.801348 0.475292 0.363235 0.789889 -0.30102 0.534287 0.74804 -0.473507 0.465002 0.795648 0.301799 0.525226 0.71508 0.475305 0.512586 0.670478 -0.301014 0.678122 0.642948 -0.47351 0.602001 0.677893 0.301802 0.670356 0.601343 0.475298 0.642245 0.525302 -0.301006 0.795898 0.513152 -0.473502 0.71587 0.534089 0.301796 0.789727 0.464496 0.475287 0.747226 0.359937 -0.300999 0.883089 0.363635 -0.473489 0.802233 0.369759 0.301785 0.878751 0.309795 0.475278 0.823491 0.95313 -0.287631 0.0938744 0.955205 -0.225147 0.192074 0.904952 -0.398466 0.149287 0.913378 -0.39705 0.0899588 0.983131 0.155167 0.0968299 0.955864 0.225658 0.188156 0.912884 0.398194 0.0899113 0.892699 0.399638 0.208271 0.899374 -0.225168 0.374733 0.858441 -0.398462 0.322967 0.90079 0.225656 0.371021 0.834915 0.399638 0.378427 0.808989 -0.225157 0.542993 0.778937 -0.398467 0.484233 0.8111 0.225652 0.539628 0.745052 0.399618 0.534043 0.68751 -0.225164 0.690385 0.669505 -0.398453 0.626896 0.69024 0.225645 0.687498 0.626543 0.399637 0.669129 0.539612 -0.225166 0.811245 0.534337 -0.398461 0.745461 0.542851 0.22566 0.808944 0.483966 0.399628 0.778508 0.370978 -0.225158 0.900932 0.378638 -0.398462 0.835381 0.374604 0.225652 0.899307 0.322787 0.399635 0.857963 0.925313 -0.368089 0.0911354 0.93423 -0.301003 0.191341 0.869049 -0.473504 0.143343 0.877378 -0.471955 0.0864134 0.971351 0.217543 0.0956702 0.936079 0.301796 0.180764 0.876432 0.473725 0.0863209 0.856819 0.475282 0.199921 0.878948 -0.30101 0.369923 0.824392 -0.473491 0.310135 0.88283 0.301786 0.359912 0.801348 0.475292 0.363235 0.789889 -0.301019 0.534288 0.74804 -0.473508 0.465002 0.795648 0.301799 0.525226 0.715079 0.475307 0.512586 0.670479 -0.301013 0.678122 0.642949 -0.473509 0.602002 0.677893 0.301803 0.670356 0.601342 0.4753 0.642244 0.525302 -0.301005 0.795898 0.513153 -0.473499 0.715872 0.534088 0.301798 0.789727 0.464495 0.475289 0.747225 0.359936 -0.300998 0.883089 0.363636 -0.473484 0.802235 0.369759 0.301787 0.878751 0.309795 0.47528 0.82349 0.95313 -0.287631 0.0938744 0.955205 -0.225147 0.192074 0.904952 -0.398467 0.149287 0.913377 -0.397051 0.0899587 0.983131 0.155167 0.0968299 0.955864 0.225658 0.188156 0.912884 0.398194 0.0899113 0.892699 0.399638 0.208271 0.899374 -0.22517 0.374733 0.85844 -0.398465 0.322966 0.90079 0.225655 0.371021 0.834915 0.399638 0.378427 0.808988 -0.225158 0.542993 0.778935 -0.398471 0.484232 0.8111 0.22565 0.539628 0.745052 0.399617 0.534044 0.68751 -0.225165 0.690384 0.669503 -0.398459 0.626894 0.69024 0.225643 0.687498 0.626544 0.399634 0.66913 0.539612 -0.225167 0.811245 0.534336 -0.398468 0.745459 0.542851 0.225657 0.808945 0.483967 0.399625 0.778509 0.370979 -0.225159 0.900932 0.378636 -0.398469 0.835378 0.374604 0.22565 0.899307 0.322787 0.399631 0.857965 0.953124 -0.28765 0.0938742 0.955197 -0.225172 0.192082 0.904959 -0.398447 0.149298 0.913397 -0.397006 0.0899616 0.99063 0.0955655 0.0975688 0.966998 0.155888 0.201529 0.874789 0.476782 0.0861595 0.837177 0.519495 0.171055 0.626728 0.776789 0.0617274 0.535726 0.836533 0.114932 0.0235321 0.99972 0.0023177 0.0120455 0.999923 0.00281008 -0.00711739 0.999974 -0.000701003 -0.0138741 0.999901 -0.00228977 -0.602635 0.795807 -0.0593543 -0.695314 0.707123 -0.128517 -0.920096 0.381067 -0.0906212 -0.899806 0.382479 -0.209904 0.899366 -0.22519 0.374739 0.858437 -0.398461 0.322977 0.909104 0.155866 0.386311 0.787712 0.519509 0.33109 0.503017 0.836529 0.21724 0.0112658 0.999923 0.00510606 -0.0131613 0.999901 -0.00495263 -0.65682 0.707188 -0.261674 -0.841553 0.382514 -0.381408 0.808977 -0.225194 0.542996 0.778928 -0.398475 0.48424 0.816273 0.155844 0.556247 0.70797 0.519536 0.478394 0.45097 0.836529 0.3112 0.0100537 0.999923 0.00720617 -0.0119422 0.999901 -0.00742511 -0.59315 0.707187 -0.384785 -0.750983 0.382489 -0.538263 0.687501 -0.225184 0.690387 0.669488 -0.398486 0.626894 0.692068 0.155864 0.704804 0.60102 0.519573 0.607304 0.381606 0.836517 0.393214 0.00845459 0.999923 0.00902912 -0.0102648 0.999901 -0.00961245 -0.506714 0.707148 -0.493136 -0.631533 0.382524 -0.67442 0.539604 -0.225172 0.811249 0.534329 -0.398459 0.745468 0.541268 0.155892 0.826273 0.471002 0.519545 0.712903 0.29756 0.836517 0.460105 0.00652997 0.999923 0.0105042 -0.00819162 0.999901 -0.0114295 -0.400766 0.707157 -0.582508 -0.487818 0.382551 -0.784658 0.370969 -0.225176 0.900932 0.378627 -0.398466 0.835384 0.369669 0.155886 0.915993 0.322877 0.519524 0.791104 0.202078 0.836522 0.509309 0.00435538 0.999923 0.0115762 -0.0058041 0.999901 -0.0128075 -0.279424 0.707155 -0.649503 -0.325367 0.382544 -0.864752 -0.0963371 -0.184353 -0.978127 -0.189471 -0.134282 -0.972661 -0.155577 -0.295052 -0.94273 -0.0936884 -0.293898 -0.951234 -0.0978928 0.0504156 -0.993919 -0.20845 0.0865852 -0.974193 -0.0840487 0.514502 -0.85336 -0.157853 0.609113 -0.777215 -0.0529739 0.841372 -0.537854 -0.106778 0.865326 -0.489703 -0.000611628 0.999981 -0.00620995 -0.000686389 0.999995 -0.00294284 0.000350545 0.999994 0.00355914 0.0011298 0.999976 0.0068487 0.0593701 0.795685 0.602794 0.128509 0.706968 0.695472 0.0906198 0.381103 0.920081 0.209877 0.38251 0.899798 -0.375588 -0.134268 -0.917009 -0.336507 -0.295029 -0.894271 -0.394501 0.0865764 -0.914808 -0.306456 0.609086 -0.731505 -0.200257 0.865335 -0.459448 -0.00124732 0.999995 -0.00275238 0.0024442 0.999976 0.00649668 0.26172 0.706964 0.657042 0.381392 0.382491 0.841571 -0.547269 -0.134298 -0.826112 -0.504503 -0.295036 -0.811437 -0.565392 0.0865534 -0.820268 -0.443259 0.609126 -0.657638 -0.286047 0.865331 -0.411558 -0.00176031 0.999995 -0.00245615 0.00366439 0.999976 0.00589457 0.384868 0.706975 0.593349 0.538246 0.382485 0.750997 -0.697918 -0.134311 -0.70347 -0.653107 -0.295069 -0.697414 -0.714553 0.0865842 -0.694203 -0.563043 0.609122 -0.558528 -0.36085 0.865324 -0.347853 -0.00220566 0.999995 -0.00206554 0.00474378 0.999976 0.00506621 0.493233 0.70697 0.506868 0.674427 0.382449 0.63157 -0.82175 -0.134299 -0.553796 -0.776616 -0.29507 -0.556598 -0.836253 0.0866093 -0.54146 -0.661194 0.609112 -0.437956 -0.421762 0.865335 -0.270761 -0.00256647 0.999995 -0.00159567 0.00564099 0.999976 0.0040434 0.582654 0.706954 0.400912 0.784666 0.382489 0.487853 -0.914003 -0.134276 -0.382842 -0.870285 -0.295054 -0.394395 -0.92582 0.0865935 -0.367911 -0.733926 0.609117 -0.300547 -0.466484 0.865333 -0.183277 -0.00282869 0.999995 -0.00106443 0.00632192 0.999976 0.0028654 0.649657 0.706971 0.279532 0.864756 0.382512 0.325394 -0.0854412 -0.490042 -0.867501 -0.180959 -0.396785 -0.899897 -0.126343 -0.631187 -0.765271 -0.0761543 -0.629565 -0.773206 -0.095508 0.224802 -0.969712 -0.209746 0.184486 -0.960193 -0.089911 0.398207 -0.912878 -0.17882 0.399802 -0.898989 -0.353043 -0.396795 -0.847299 -0.273214 -0.631184 -0.725921 -0.370949 0.225788 -0.900787 -0.378359 0.399617 -0.834955 -0.511563 -0.39678 -0.762148 -0.409585 -0.631183 -0.658671 -0.539555 0.225798 -0.811108 -0.533979 0.399628 -0.745094 -0.65042 -0.396783 -0.647701 -0.530227 -0.631161 -0.566123 -0.68743 0.225783 -0.690263 -0.669078 0.399633 -0.626601 -0.764273 -0.39681 -0.508358 -0.630479 -0.631169 -0.451799 -0.808882 0.225795 -0.542888 -0.778469 0.399621 -0.484034 -0.848771 -0.39679 -0.349492 -0.706492 -0.631187 -0.320111 -0.899252 0.225794 -0.374651 -0.857943 0.399616 -0.322863 </float_array>
          <technique_common>
            <accessor count="381" offset="0" source="#meshId34-normals-array" stride="3">
              <param name="X" type="float" />
              <param name="Y" type="float" />
              <param name="Z" type="float" />
            </accessor>
          </technique_common>
        </source>
        <source id="meshId34-tangents" name="meshId34-tangents">
          <float_array id="meshId34-tangents-array" count="1143"> 0.0980177 2.52811e-08 -0.995185 0.0980172 0 -0.995185 0.195091 8.54749e-08 -0.980785 0.195091 4.62918e-08 -0.980785 0.0980171 2.87094e-07 -0.995185 0.0980178 9.87475e-10 -0.995185 0.19509 3.53958e-07 -0.980785 0.205006 -0.00869283 -0.978722 0.193356 -0.00075315 -0.981128 0.0980174 -1.2931e-07 -0.995185 0.0980178 1.48023e-07 -0.995185 0.214262 0.0161143 -0.976643 0.0980169 -1.59646e-07 -0.995185 0.197005 -0.000450858 -0.980402 0.168043 0.0121035 -0.985705 0.098017 2.96682e-09 -0.995185 0.0980167 -1.70676e-09 -0.995185 0.0980179 4.45645e-11 -0.995185 0.195091 7.31234e-05 -0.980785 0.19509 0.000327794 -0.980785 1 0 0 1 0 0 1 0 0 0.0980142 -5.51308e-06 -0.995185 0.199474 -0.00235739 -0.9799 0.176557 0.0163292 -0.984155 0.0980088 -1.03967e-05 -0.995186 0.0980163 2.13644e-06 -0.995185 0.219881 0.013874 -0.975428 0.190098 -0.00163852 -0.981764 0.0980174 1.06139e-06 -0.995185 0.995185 -1.52835e-07 -0.098017 0.995185 5.91534e-09 -0.0980175 0.980785 -1.65166e-07 -0.19509 0.980785 -1.50978e-07 -0.19509 0.995185 -1.61895e-07 -0.0980171 0.995185 -2.53223e-07 -0.0980171 0.980785 -7.0833e-07 -0.19509 0.978349 -0.00793051 -0.206812 0.995185 1.83732e-09 -0.0980172 0.995185 -5.45715e-11 -0.098017 0.980785 0.000309267 -0.19509 0.980781 0.000685967 -0.195111 0.190527 0.00793125 -0.98165 0.0980172 4.78242e-07 -0.995185 0.981603 0.00695724 -0.190808 0.995185 2.66923e-08 -0.0980169 0.201612 0.00697439 -0.979441 0.0980167 2.76516e-08 -0.995185 0.16758 -0.0116904 -0.985789 0.0980178 2.95584e-07 -0.995185 0.979398 0.006698 -0.201829 0.995185 -1.63601e-07 -0.0980174 0.985792 -0.0117041 -0.167563 0.995185 -4.38921e-07 -0.0980173 -0.995183 5.91521e-05 0.0980402 -0.995181 7.36691e-05 0.0980562 -0.980783 2.15513e-05 0.195101 -0.980785 1.14929e-05 0.195093 -0.995185 3.05162e-07 0.0980168 -0.995185 2.38467e-05 0.0980117 -0.980785 -5.78175e-06 0.195093 -0.980784 -1.31206e-05 0.195097 0.995184 -3.34818e-05 -0.0980262 0.995183 -4.02124e-05 -0.0980333 0.980784 -1.15054e-05 -0.195095 0.980785 -6.51803e-06 -0.195091 0.995185 6.79738e-08 -0.0980168 0.995185 -1.37142e-05 -0.0980143 0.980785 3.3563e-06 -0.195092 0.980785 6.10574e-06 -0.195093 -0.995183 5.80189e-05 0.0980398 -0.995181 7.28578e-05 0.0980557 -0.980783 2.01787e-05 0.195101 -0.980785 1.04416e-05 0.195092 -0.995185 -5.72006e-07 0.0980173 -0.995185 2.26095e-05 0.0980119 -0.980785 -6.57409e-06 0.195093 -0.980784 -1.38584e-05 0.195097 0.995184 -3.43272e-05 -0.0980264 0.995183 -4.09827e-05 -0.0980336 0.980784 -1.2607e-05 -0.195095 0.980785 -7.54521e-06 -0.195091 0.995185 -7.66036e-07 -0.0980165 0.995185 -1.46182e-05 -0.0980142 0.980785 2.16926e-06 -0.195091 0.980785 4.96888e-06 -0.195093 0.377974 -0.00162604 -0.925815 0.405946 0.0138862 -0.913791 0.38682 -0.00233677 -0.922152 0.365182 0.0163538 -0.930792 0.576437 0.0138432 -0.817024 0.551337 -0.00165584 -0.834281 0.559289 -0.00234076 -0.828969 0.53976 0.0163617 -0.84166 0.724754 0.0138428 -0.688868 0.703504 -0.00165878 -0.710689 0.710263 -0.00235035 -0.703932 0.693579 0.0163454 -0.720195 0.845214 0.0138635 -0.534248 0.828632 -0.00164265 -0.559791 0.833948 -0.00234279 -0.551838 0.820758 0.0163515 -0.571042 0.933205 0.0138388 -0.359077 0.921922 -0.00165725 -0.387372 0.925585 -0.00233028 -0.378534 0.916401 0.0163783 -0.399927 0.979781 -0.00167819 -0.200064 0.985329 0.0138126 -0.170104 0.981646 -0.00234798 -0.190697 0.976811 0.0163594 -0.213478 0.995185 -1.16821e-05 -0.0980128 0.995186 -2.04224e-05 -0.0980063 0.995185 -1.28135e-06 -0.0980181 0.995185 -7.29889e-08 -0.0980172 -0.09804 -5.78974e-05 0.995183 -0.200133 0.00165795 0.979767 -0.170064 -0.0138387 0.985336 -0.0980551 -7.29384e-05 0.995181 -0.0980127 -2.21039e-05 0.995185 -0.190119 0.0016568 0.98176 -0.0980178 1.58587e-06 0.995185 -0.219916 -0.0138415 0.975421 -0.387428 0.00166728 0.921898 -0.359016 -0.0138188 0.933229 -0.377995 0.00164685 0.925806 -0.405976 -0.0138606 0.913778 -0.559837 0.00166665 0.828601 -0.534183 -0.0138214 0.845256 -0.551348 0.00164756 0.834274 -0.576446 -0.0138579 0.817017 -0.710732 0.00166671 0.703461 -0.68882 -0.013821 0.724801 -0.703513 0.00164804 0.710681 -0.724762 -0.0138576 0.68886 -0.834314 0.00166671 0.551287 -0.816985 -0.0138207 0.576493 -0.828642 0.00164767 0.559777 -0.845226 -0.0138576 0.534229 -0.925834 0.00166397 0.377926 -0.913756 -0.0138244 0.406027 -0.921927 0.0016471 0.387361 -0.933208 -0.0138574 0.359069 0.0980266 3.38546e-05 -0.995184 0.197031 -0.000461873 -0.980397 0.167949 0.0121229 -0.985721 0.0980335 4.05965e-05 -0.995183 0.0980149 1.40272e-05 -0.995185 0.19324 -0.000450959 -0.981151 0.0980172 -1.20521e-08 -0.995185 0.222032 0.012133 -0.974964 0.38451 -0.000467474 -0.923121 0.357022 0.0121096 -0.934018 0.380939 -0.000445973 -0.9246 0.407969 0.0121406 -0.912915 0.557214 -0.000467424 -0.830369 0.532379 0.0121115 -0.846419 0.554 -0.000446919 -0.832516 0.578231 0.0121388 -0.815783 0.708504 -0.000467704 -0.705707 0.687278 0.0121112 -0.726293 0.705771 -0.00044704 -0.70844 0.726272 0.0121403 -0.6873 0.832567 -0.000467638 -0.553924 0.815765 0.0121121 -0.578256 0.83042 -0.000447194 -0.557138 0.846403 0.0121403 -0.532405 0.924635 -0.000465913 -0.380855 0.912903 0.0121127 -0.407997 0.923156 -0.000446215 -0.384426 0.934006 0.0121396 -0.357051 -0.0980401 -5.83391e-05 0.995183 -0.200133 0.00165732 0.979767 -0.170064 -0.0138392 0.985336 -0.0980557 -7.39554e-05 0.995181 -0.0980127 -2.24063e-05 0.995185 -0.190119 0.00165601 0.98176 -0.0980174 8.6796e-07 0.995185 -0.219916 -0.0138423 0.975421 -0.387428 0.00166655 0.921898 -0.359016 -0.0138192 0.933229 -0.377995 0.00164602 0.925806 -0.405976 -0.0138612 0.913779 -0.559838 0.00166602 0.828601 -0.534183 -0.013822 0.845256 -0.551348 0.00164698 0.834274 -0.576446 -0.0138584 0.817018 -0.710732 0.00166578 0.703461 -0.68882 -0.013822 0.7248 -0.703513 0.00164716 0.710681 -0.724761 -0.0138585 0.68886 -0.834314 0.00166601 0.551287 -0.816986 -0.0138215 0.576492 -0.828642 0.00164703 0.559777 -0.845226 -0.0138584 0.53423 -0.925834 0.00166355 0.377926 -0.913756 -0.0138246 0.406027 -0.921927 0.00164631 0.387361 -0.933208 -0.0138582 0.359069 0.0980264 3.32282e-05 -0.995184 0.197031 -0.00046297 -0.980397 0.167948 0.0121219 -0.985721 0.0980332 3.99723e-05 -0.995183 0.098015 1.33392e-05 -0.995185 0.193241 -0.000452123 -0.981151 0.0980175 -7.12099e-07 -0.995185 0.222033 0.0121318 -0.974964 0.38451 -0.00046855 -0.923121 0.357021 0.0121088 -0.934018 0.38094 -0.000447106 -0.9246 0.40797 0.0121394 -0.912915 0.557213 -0.000468196 -0.830369 0.532379 0.0121106 -0.846419 0.554001 -0.000447503 -0.832516 0.578232 0.012138 -0.815782 0.708503 -0.00046847 -0.705707 0.687278 0.0121106 -0.726294 0.705771 -0.000447989 -0.708439 0.726272 0.0121393 -0.6873 0.832566 -0.000468536 -0.553925 0.815765 0.0121116 -0.578256 0.83042 -0.000448211 -0.557137 0.846403 0.0121392 -0.532405 0.924634 -0.000466897 -0.380856 0.912903 0.0121117 -0.407997 0.923156 -0.000447226 -0.384426 0.934006 0.0121386 -0.35705 0.0980168 1.01453e-08 -0.995185 0.197038 -0.000469789 -0.980396 0.167953 0.0121073 -0.985721 0.098017 2.95792e-09 -0.995185 0.0980175 1.16828e-08 -0.995185 0.203801 0.0014355 -0.979011 0.0980175 4.56159e-08 -0.995185 0.198791 0.00234231 -0.980039 0.0980172 5.9048e-08 -0.995185 0.199358 0.00695793 -0.979902 0.098017 -1.46253e-10 -0.995185 0.195092 0.000406138 -0.980785 0.098017 -2.62287e-09 -0.995185 0.195076 0.000460774 -0.980788 0.0980171 5.40258e-08 -0.995185 0.188335 0.0066999 -0.982082 0.0980169 3.03539e-08 -0.995185 0.222441 -0.0117043 -0.974876 0.384518 -0.00046981 -0.923117 0.357031 0.0121071 -0.934014 0.390882 0.00143524 -0.92044 0.386168 0.00234254 -0.922426 0.386697 0.00695696 -0.92218 0.382685 0.000406149 -0.923879 0.38267 0.000460831 -0.923885 0.376314 0.00670027 -0.926468 0.408354 -0.0117066 -0.912749 0.557221 -0.000469897 -0.830364 0.532388 0.0121076 -0.846414 0.56294 0.00143414 -0.826497 0.558703 0.00234544 -0.829365 0.559177 0.00695497 -0.829019 0.555572 0.000406203 -0.831468 0.555559 0.000460836 -0.831477 0.549825 0.0066975 -0.835253 0.578577 -0.0117026 -0.815544 0.70851 -0.000469252 -0.705701 0.687285 0.0121066 -0.726287 0.713365 0.00143511 -0.700792 0.709769 0.00234376 -0.70443 0.710167 0.00695555 -0.703999 0.707107 0.000406294 -0.707107 0.707101 0.00046121 -0.707113 0.702208 0.00669662 -0.71194 0.726564 -0.0117047 -0.686999 0.832572 -0.000468749 -0.553917 0.815771 0.0121066 -0.578249 0.836375 0.00143639 -0.548156 0.83356 0.00234164 -0.552425 0.833864 0.00695617 -0.551925 0.831469 0.000406375 -0.555571 0.831465 0.000461132 -0.555577 0.827607 0.006695 -0.561267 0.846631 -0.0117031 -0.532052 0.924638 -0.000469955 -0.380848 0.912907 0.0121074 -0.407988 0.927244 0.00143553 -0.374454 0.925315 0.00234301 -0.379191 0.925517 0.00695578 -0.378641 0.923879 0.000406205 -0.382684 0.923874 0.000460913 -0.382697 0.921204 0.00669789 -0.389021 0.934161 -0.0117037 -0.35666 0.995185 -1.70232e-07 -0.098017 0.981537 0.000527073 -0.191273 0.986139 0.00933005 -0.16566 0.995185 -2.18971e-09 -0.0980171 0.995185 5.27279e-09 -0.0980175 0.977887 0.00124643 -0.20913 0.995185 9.15497e-08 -0.0980171 0.980283 0.00192448 -0.197588 0.995185 5.57879e-09 -0.0980171 0.979839 0.00793368 -0.199631 0.995185 -6.55112e-11 -0.0980173 0.980784 9.90646e-05 -0.195096 0.995185 -3.80632e-11 -0.0980174 0.980785 0.000228049 -0.195093 0.995185 2.82123e-08 -0.0980173 0.982039 0.00697277 -0.188548 0.995185 8.41438e-08 -0.098017 0.974881 -0.0116903 -0.222421 0.925361 0.000526933 -0.379086 0.934872 0.00932921 -0.354863 0.918298 0.00124616 -0.395889 0.9229 0.00192496 -0.385036 0.922064 0.00793129 -0.386956 0.923879 9.90805e-05 -0.382684 0.923879 0.00022803 -0.382684 0.926385 0.00697509 -0.376513 0.912756 -0.0116904 -0.408339 0.833624 0.000527539 -0.552331 0.847679 0.00932831 -0.530428 0.823419 0.0012458 -0.567432 0.83005 0.00192555 -0.557685 0.828854 0.00792969 -0.559409 0.831471 9.90881e-05 -0.555569 0.831471 0.000228013 -0.555569 0.835129 0.00697839 -0.55001 0.815556 -0.0116926 -0.578561 0.709852 0.000527239 -0.704351 0.727908 0.0093303 -0.685611 0.696897 0.00124633 -0.71717 0.705302 0.00192446 -0.708904 0.703794 0.00793147 -0.71036 0.707107 9.90797e-05 -0.707107 0.707108 0.000227988 -0.707106 0.71178 0.00698031 -0.702368 0.687013 -0.0116935 -0.726551 0.5588 0.000527061 -0.829302 0.580165 0.0093296 -0.814445 0.543593 0.00124693 -0.839348 0.553449 0.00192325 -0.832881 0.551687 0.00793002 -0.834014 0.555572 9.91104e-05 -0.831469 0.55557 0.000228002 -0.83147 0.561082 0.00697413 -0.827731 0.532069 -0.011689 -0.84662 0.386275 0.000527121 -0.922384 0.410127 0.00932951 -0.911981 0.369399 0.00124635 -0.92927 0.380327 0.0019235 -0.92485 0.378382 0.00793354 -0.925615 0.382681 9.90771e-05 -0.92388 0.382686 0.000227973 -0.923878 0.388816 0.00697684 -0.921289 0.356678 -0.0116911 -0.934154 0.995185 4.18901e-08 -0.0980169 0.980439 -0.000752865 -0.196823 0.984295 0.0161147 -0.175794 0.995185 4.69063e-09 -0.0980173 0.995185 -6.79068e-08 -0.0980168 0.977093 0.00338177 -0.212788 0.995185 0 -0.0980175 0.980785 1.39865e-07 -0.19509 0.923201 -0.000752929 -0.384316 0.931086 0.0161149 -0.364443 0.924625 -0.000450853 -0.380879 0.912943 0.0121032 -0.407907 0.830485 -0.000752597 -0.55704 0.842096 0.0161144 -0.539087 0.832553 -0.000450963 -0.553945 0.815823 0.0121042 -0.578175 0.705854 -0.000752748 -0.708357 0.720746 0.0161139 -0.693012 0.708486 -0.000450548 -0.705725 0.68735 0.0121028 -0.726226 0.554099 -0.000754219 -0.832451 0.571696 0.0161159 -0.820307 0.557192 -0.000451022 -0.830383 0.532464 0.0121033 -0.846366 0.381049 -0.000753347 -0.924555 0.400677 0.0161144 -0.916078 0.384486 -0.000450977 -0.923131 0.357115 0.012103 -0.933982 </float_array>
          <technique_common>
            <accessor count="381" offset="0" source="#meshId34-tangents-array" stride="3">
              <param name="X" type="float" />
              <param name="Y" type="float" />
              <param name="Z" type="float" />
            </accessor>
          </technique_common>
        </source>
        <source id="meshId34-bitangents" name="meshId34-bitangents">
          <float_array id="meshId34-bitangents-array" count="1143"> 0.183468 -0.98286 0.0180701 0.292451 -0.955846 0.028804 0.289519 -0.955438 0.0575892 0.084652 -0.996268 0.0168383 -0.604386 -0.794464 -0.0595271 -0.0501743 -0.998728 -0.00494177 -0.131731 -0.990939 -0.0262032 -0.645299 -0.753049 -0.128478 0.389153 -0.917916 0.0773972 0.27938 -0.959786 0.0275167 0.626513 -0.776965 0.0617064 0.619272 -0.775472 0.123065 -0.287053 -0.957497 -0.028272 -0.221451 -0.974176 -0.044051 -0.392117 -0.916594 -0.0781029 -0.396282 -0.917299 -0.0390303 -0.99516 0.00709756 -0.0980142 -0.99518 -0.00315073 -0.0980174 -0.980783 -0.0022292 -0.195091 -0.980737 0.00997245 -0.195077 0 -0 -1 0 -0 -1 0 -0 -1 0.532469 0.844823 0.0524374 0.442119 0.892644 0.0878528 0.639718 0.757988 0.127342 0.647328 0.759542 0.0637428 -0.471414 0.880689 -0.0464279 -0.46636 0.879733 -0.0926142 -0.296008 0.953367 -0.058907 -0.216475 0.976055 -0.02132 0.0281925 0.957742 0.286242 0.0389102 0.917831 0.39506 0.0777687 0.917113 0.390969 0.0303239 0.987846 0.152448 -0.0507429 0.855565 -0.515203 -0.00936691 0.995423 -0.0951065 -0.044032 0.974196 -0.221368 -0.106091 0.838777 -0.53404 -0.0980075 -0.0140539 -0.995086 -0.0980096 0.0123042 -0.995109 -0.195084 0.00941218 -0.980741 -0.195055 -0.0209178 -0.980569 -0.848722 -0.501184 -0.168777 -0.885907 -0.455582 -0.0872545 -0.163364 0.547893 -0.820443 -0.086817 0.46419 -0.881471 -0.693447 0.707225 -0.137706 -0.598951 0.79861 -0.0589912 -0.375316 0.923877 -0.0747584 -0.379397 0.924479 -0.0373673 -0.138094 -0.707018 -0.693581 -0.0590014 -0.798536 -0.599048 -0.0747661 -0.923872 -0.375326 -0.0373605 -0.92451 -0.379322 -0.0361404 -0.929798 -0.366291 -0.0463385 -0.881646 -0.469631 -0.0924348 -0.880695 -0.464577 -0.0425613 -0.975926 -0.21391 0.0464312 -0.880681 0.471428 0.0212967 -0.976055 0.216478 0.0723381 -0.928728 0.363636 0.0927764 -0.879726 0.466343 0.0282271 0.957742 0.28624 0.0389589 0.917806 0.395114 0.0777833 0.917107 0.390979 0.0303334 0.987844 0.152462 -0.0390304 0.917298 -0.396283 -0.0151927 0.987892 -0.154397 -0.0564941 0.95716 -0.283997 -0.0780104 0.916587 -0.392151 -0.0361391 -0.929798 -0.366291 -0.0463376 -0.881646 -0.469632 -0.0924331 -0.880696 -0.464576 -0.0425601 -0.975926 -0.21391 0.0464323 -0.880681 0.47143 0.0212979 -0.976055 0.216478 0.072339 -0.928728 0.363637 0.0927777 -0.879724 0.466345 0.0282281 0.957741 0.286242 0.0389598 0.917805 0.395115 0.0777853 0.917105 0.390984 0.0303345 0.987843 0.152463 -0.0390293 0.9173 -0.39628 -0.0151918 0.987892 -0.154397 -0.0564925 0.95716 -0.283995 -0.0780081 0.91659 -0.392145 -0.278834 0.953367 -0.115512 -0.439365 0.879716 -0.181817 0.416471 0.892646 0.172437 0.602557 0.758 0.249722 -0.39545 0.8797 -0.264098 -0.250955 0.953355 -0.167736 0.374844 0.892637 0.250379 0.542264 0.757991 0.362491 -0.336312 0.879713 -0.336154 -0.213408 0.953355 -0.213476 0.318806 0.892635 0.318692 0.461148 0.757982 0.461309 -0.264282 0.87972 -0.395282 -0.167666 0.95336 -0.250985 0.250496 0.892638 0.374765 0.362283 0.757984 0.542413 -0.182059 0.879724 -0.439249 -0.11546 0.953363 -0.278867 0.172553 0.892643 0.416429 0.249468 0.757987 0.602679 -0.0588161 0.953363 -0.296039 -0.0928402 0.879719 -0.466343 0.0880141 0.892648 0.442078 0.127119 0.758002 0.639745 -0.0361821 0.929323 -0.36749 -0.0464105 0.880671 -0.47145 0.0328608 0.942133 0.333626 0.0637546 0.759556 0.64731 -0.36631 -0.929791 -0.036141 -0.29523 -0.953622 -0.0586919 -0.464576 -0.880683 -0.0925523 -0.469673 -0.881623 -0.0463415 0.216498 -0.976051 0.0213006 0.295992 -0.953371 0.0589282 0.471444 -0.880672 0.046435 0.466368 -0.879724 0.0926627 -0.278117 -0.95362 -0.115154 -0.43759 -0.88069 -0.181383 0.278803 -0.953374 0.115528 0.439346 -0.879719 0.18185 -0.250316 -0.953616 -0.167206 -0.393808 -0.880681 -0.263279 0.250918 -0.95337 0.167707 0.395436 -0.879712 0.264079 -0.212882 -0.953618 -0.212823 -0.33488 -0.88068 -0.335049 0.21338 -0.953369 0.213438 0.336314 -0.879716 0.336145 -0.167267 -0.953621 -0.250258 -0.263077 -0.880684 -0.393937 0.167637 -0.953371 0.25096 0.264267 -0.879722 0.395288 -0.115225 -0.953623 -0.278076 -0.181159 -0.880691 -0.437681 0.115452 -0.953375 0.278833 0.182069 -0.879727 0.43924 0.286242 0.957741 0.0282277 0.220822 0.974325 0.0439198 0.390967 0.917103 0.0778925 0.395134 0.917797 0.0389613 -0.154421 0.987888 -0.0151949 -0.22132 0.974206 -0.0440373 -0.396276 0.917301 -0.0390298 -0.39216 0.916593 -0.0779014 0.208033 0.97432 0.0861591 0.368259 0.917105 0.152655 -0.208476 0.974207 -0.0863629 -0.36943 0.916593 -0.152904 0.187218 0.974322 0.125083 0.331405 0.917103 0.22157 -0.187617 0.974208 -0.125373 -0.332484 0.916601 -0.222028 0.159223 0.974321 0.159208 0.281801 0.917109 0.281957 -0.159548 0.97421 -0.159562 -0.282794 0.916593 -0.282639 0.125104 0.97432 0.187213 0.221383 0.917105 0.331522 -0.125362 0.974206 -0.187635 -0.222215 0.916597 -0.33237 0.0861722 0.974322 0.208016 0.152453 0.917105 0.368344 -0.086345 0.974208 -0.208479 -0.153105 0.916594 -0.369343 -0.366311 -0.92979 -0.0361415 -0.29523 -0.953622 -0.0586925 -0.464577 -0.880683 -0.092553 -0.469674 -0.881623 -0.0463427 0.216498 -0.976051 0.0213002 0.295992 -0.953371 0.0589273 0.471444 -0.880673 0.0464341 0.466368 -0.879724 0.0926618 -0.278117 -0.95362 -0.115155 -0.43759 -0.88069 -0.181383 0.278803 -0.953374 0.115527 0.439347 -0.879719 0.181849 -0.250315 -0.953617 -0.167206 -0.393808 -0.880681 -0.263279 0.250918 -0.95337 0.167707 0.395438 -0.879711 0.264079 -0.21288 -0.953619 -0.212823 -0.334879 -0.880681 -0.335049 0.213381 -0.953369 0.213439 0.336316 -0.879715 0.336145 -0.167266 -0.953621 -0.250257 -0.263074 -0.880686 -0.393934 0.167639 -0.953371 0.250962 0.264269 -0.879721 0.395289 -0.115224 -0.953623 -0.278076 -0.181157 -0.880694 -0.437677 0.115454 -0.953374 0.278834 0.18207 -0.879726 0.439242 0.286243 0.957741 0.0282271 0.220823 0.974325 0.0439187 0.390968 0.917103 0.0778915 0.395135 0.917797 0.0389607 -0.154421 0.987888 -0.0151955 -0.22132 0.974207 -0.0440385 -0.396276 0.917301 -0.0390306 -0.392159 0.916593 -0.0779027 0.208034 0.974319 0.0861585 0.368262 0.917104 0.152655 -0.208475 0.974207 -0.0863639 -0.369429 0.916593 -0.152905 0.187219 0.974322 0.125082 0.331409 0.917101 0.221571 -0.187616 0.974208 -0.125373 -0.332483 0.916602 -0.222028 0.159224 0.974321 0.159208 0.281806 0.917106 0.28196 -0.159546 0.97421 -0.159562 -0.282791 0.916594 -0.282637 0.125106 0.97432 0.187214 0.221388 0.917102 0.331528 -0.12536 0.974207 -0.187634 -0.222213 0.916598 -0.332369 0.0861737 0.974322 0.208017 0.152456 0.917102 0.368349 -0.0863434 0.974208 -0.208477 -0.153103 0.916596 -0.369339 0.286265 0.957736 0.0281945 0.220848 0.974319 0.0439188 0.39095 0.917112 0.077877 0.395094 0.917816 0.0389133 -0.0951053 0.995423 -0.00936708 -0.152906 0.987774 -0.0303821 -0.474487 0.879021 -0.046733 -0.509526 0.85447 -0.10131 -0.773049 0.62976 -0.0761387 -0.82052 0.547872 -0.163042 -0.994907 0.023646 -0.0979896 -0.980711 0.0123622 -0.195073 -0.995159 -0.00715183 -0.0980145 -0.98069 -0.0140543 -0.195063 -0.791975 -0.605551 -0.0780027 -0.693591 -0.707059 -0.137834 -0.379232 -0.924547 -0.037351 -0.375327 -0.92389 -0.0745473 0.208053 0.974315 0.0861669 0.368258 0.917105 0.152656 -0.14402 0.987777 -0.0596205 -0.479984 0.854462 -0.198773 -0.772942 0.547879 -0.319984 -0.92381 0.0123623 -0.382651 -0.923791 -0.0140548 -0.382638 -0.653434 -0.706994 -0.270526 -0.353604 -0.923875 -0.14635 0.187248 0.974314 0.125102 0.331412 0.917099 0.221575 -0.129602 0.987781 -0.0865599 -0.432007 0.854445 -0.288606 -0.695662 0.547879 -0.464632 -0.831407 0.0123628 -0.555526 -0.831392 -0.0140548 -0.555509 -0.588103 -0.706995 -0.392802 -0.318236 -0.923886 -0.212511 0.159237 0.974316 0.159223 0.281825 0.917095 0.281978 -0.11024 0.987777 -0.110195 -0.367426 0.854423 -0.367368 -0.591642 0.547897 -0.591412 -0.707057 0.0123628 -0.707049 -0.707039 -0.0140553 -0.707035 -0.500145 -0.707034 -0.499958 -0.270687 -0.923872 -0.270536 0.125107 0.974319 0.187219 0.221383 0.917106 0.33152 -0.0866398 0.987773 -0.129606 -0.288679 0.85444 -0.431969 -0.464896 0.547896 -0.695472 -0.555533 0.0123618 -0.831403 -0.555517 -0.0140543 -0.831386 -0.393004 -0.707025 -0.587931 -0.21272 -0.92386 -0.31817 0.0861812 0.974318 0.208032 0.152455 0.917103 0.368347 -0.0596872 0.987774 -0.144014 -0.198853 0.854453 -0.479967 -0.320284 0.54789 -0.77281 -0.382659 0.0123617 -0.923807 -0.382653 -0.0140537 -0.923785 -0.270748 -0.707027 -0.653306 -0.146559 -0.923863 -0.35355 0.0180696 -0.98286 0.183465 0.0261972 -0.990943 0.131703 0.0576741 -0.955436 0.28951 0.028807 -0.955837 0.292483 -0.0049416 -0.998728 -0.0501728 -0.0168933 -0.996244 -0.0849304 -0.0504299 -0.857489 -0.512024 -0.118858 -0.793081 -0.597407 -0.0824688 -0.540456 -0.837321 -0.168861 -0.501146 -0.848728 -0.0980154 -0.00624 -0.995165 -0.195095 -0.0030202 -0.98078 -0.0980168 0.00357636 -0.995178 -0.19509 0.00693751 -0.980761 -0.0779909 0.605711 -0.791853 -0.138147 0.707211 -0.693374 -0.0373546 0.924533 -0.379268 -0.0745593 0.923877 -0.375356 0.0513824 -0.990945 0.124049 0.113038 -0.955443 0.272675 -0.0331346 -0.996244 -0.0799945 -0.233112 -0.793102 -0.562715 -0.331203 -0.501131 -0.799483 -0.382682 -0.0030202 -0.923875 -0.382676 0.0069375 -0.923857 -0.270764 0.707215 -0.653095 -0.146347 0.923885 -0.353579 0.0746128 -0.990941 0.111665 0.164065 -0.955441 0.24539 -0.0480913 -0.996246 -0.0719741 -0.338434 -0.793071 -0.506459 -0.48081 -0.501139 -0.719501 -0.555566 -0.0030202 -0.831467 -0.555557 0.00693698 -0.83145 -0.392984 0.707204 -0.587729 -0.21251 0.923888 -0.318231 0.0949732 -0.990939 0.0949733 0.20881 -0.955431 0.208689 -0.0612305 -0.996244 -0.0612308 -0.430734 -0.793075 -0.430698 -0.611932 -0.501151 -0.611872 -0.707104 -0.0030202 -0.707104 -0.70709 0.00693671 -0.70709 -0.500091 0.707209 -0.499764 -0.270484 0.923903 -0.270634 0.111666 -0.990941 0.0746131 0.245511 -0.95543 0.163944 -0.0720202 -0.996242 -0.048123 -0.506475 -0.793082 -0.338384 -0.719554 -0.501131 -0.480739 -0.831465 -0.00302045 -0.555569 -0.831451 0.0069367 -0.555555 -0.587964 0.707225 -0.392596 -0.318121 0.923886 -0.212683 0.124056 -0.990944 0.0513856 0.272763 -0.955435 0.11289 -0.0800102 -0.996243 -0.0331414 -0.562764 -0.793078 -0.233076 -0.799512 -0.501134 -0.331128 -0.923876 -0.00302071 -0.38268 -0.923857 0.00693724 -0.382676 -0.653275 0.707208 -0.270349 -0.353521 0.923877 -0.146544 0.0480324 -0.871699 0.487682 0.077419 -0.917911 0.38916 0.123291 -0.775463 0.619239 0.0617083 -0.776947 0.626534 -0.0220344 -0.974404 -0.223719 -0.0360093 -0.982829 -0.180969 -0.0390313 -0.917295 -0.39629 -0.0779973 -0.916601 -0.39212 0.151857 -0.917907 0.366587 0.241729 -0.775466 0.583284 -0.0864039 -0.974176 -0.208602 -0.152901 -0.916602 -0.369407 0.220449 -0.917913 0.329905 0.350877 -0.775467 0.524917 -0.125445 -0.974174 -0.187745 -0.222036 -0.916598 -0.332489 0.280576 -0.917912 0.280561 0.446524 -0.775485 0.446363 -0.159652 -0.974177 -0.159654 -0.28264 -0.916596 -0.282785 0.329942 -0.9179 0.220449 0.525034 -0.775478 0.350676 -0.187741 -0.974175 -0.125446 -0.332367 -0.916601 -0.222206 0.366591 -0.917909 0.151836 0.583375 -0.775463 0.241518 -0.208606 -0.974175 -0.0864091 -0.369326 -0.916603 -0.153092 </float_array>
          <technique_common>
            <accessor count="381" offset="0" source="#meshId34-bitangents-array" stride="3">
              <param name="X" type="float" />
              <param name="Y" type="float" />
              <param name="Z" type="float" />
            </accessor>
          </technique_common>
        </source>
        <source id="meshId34-tex0" name="meshId34-tex0">
          <float_array id="meshId34-tex0-array" count="762"> 2.6932 -0.642658 2.6933 -0.639679 2.5229 -0.639679 2.5229 -0.642658 2.69326 -0.647766 2.69321 -0.646288 2.5229 -0.646288 2.52291 -0.647766 2.49723 -0.598537 2.66201 -0.598537 2.66235 -0.593028 2.49723 -0.593028 2.66201 -0.602313 2.49723 -0.602313 2.49723 -0.606972 2.66219 -0.606972 2.70466 -0.748639 2.69352 -0.650613 2.52291 -0.650613 2.52371 -0.748639 0 0 0 0 0 0 3.25881 -0.855987 2.94481 -0.855987 2.94481 -0.863406 3.25833 -0.863402 3.25851 -0.84567 2.94481 -0.845663 2.94481 -0.852028 3.25881 -0.852029 0.76123 -0.826295 0.76141 -0.830964 1.07334 -0.830964 1.07334 -0.826295 0.761323 -0.820208 0.761232 -0.822531 1.07334 -0.822531 1.07334 -0.820208 0.766163 -0.770777 0.761642 -0.816154 1.07334 -0.816154 1.07337 -0.770777 2.52291 -0.64962 2.69342 -0.64962 1.07334 -0.818181 0.761451 -0.818181 2.52371 -0.750383 2.70481 -0.750383 2.52371 -0.752127 2.70487 -0.752128 1.07337 -0.769035 0.766322 -0.769035 1.07337 -0.767292 0.766388 -0.767292 2.86512 -0.90873 2.86483 -0.902334 2.64867 -0.902352 2.64867 -0.90874 2.86482 -0.919068 2.86512 -0.912696 2.64867 -0.912696 2.64867 -0.919061 0.862168 -0.966882 0.862407 -0.973024 1.14676 -0.973012 1.14676 -0.966874 0.862409 -0.955818 0.862169 -0.961927 1.14676 -0.961927 1.14676 -0.955822 3.13749 -0.96183 3.1371 -0.95342 2.8529 -0.953443 2.8529 -0.961843 3.1371 -0.975423 3.13749 -0.967045 2.8529 -0.967045 2.8529 -0.975413 1.13473 -0.912574 1.13492 -0.917245 1.35115 -0.917235 1.35116 -0.912568 1.13492 -0.90416 1.13474 -0.908806 1.35116 -0.908806 1.35116 -0.904164 2.62998 -0.852018 2.62998 -0.845637 2.62998 -0.855987 2.62998 -0.863426 2.31472 -0.845639 2.31472 -0.852019 2.31472 -0.855987 2.31472 -0.863425 1.99999 -0.845648 1.99999 -0.852023 1.99999 -0.855987 1.99999 -0.863419 1.68527 -0.845639 1.68527 -0.852019 1.68527 -0.855987 1.68527 -0.863425 1.37002 -0.845637 1.37002 -0.852018 1.37002 -0.855987 1.37002 -0.863426 1.0552 -0.852028 1.0552 -0.845663 1.0552 -0.855987 1.0552 -0.863405 0.741216 -0.852029 0.741513 -0.84567 0.741216 -0.855987 0.74169 -0.863401 1.13488 -0.908731 1.35133 -0.908742 1.35133 -0.902353 1.13517 -0.902335 1.13488 -0.912698 1.35133 -0.912698 1.13518 -0.91907 1.35133 -0.919062 1.56755 -0.908741 1.56755 -0.902351 1.56755 -0.912697 1.56755 -0.919063 1.78378 -0.908741 1.78378 -0.902351 1.78378 -0.912697 1.78378 -0.919063 2 -0.90874 2 -0.902351 2 -0.912697 2 -0.919062 2.21622 -0.90874 2.21622 -0.902351 2.21622 -0.912697 2.21622 -0.919062 2.43245 -0.90874 2.43245 -0.90235 2.43245 -0.912697 2.43245 -0.919062 3.13783 -0.966883 2.85324 -0.966875 2.85324 -0.973012 3.13759 -0.973025 3.13783 -0.961928 2.85324 -0.961928 3.13759 -0.955818 2.85324 -0.955823 2.56882 -0.966875 2.56882 -0.973013 2.56882 -0.961928 2.56882 -0.955822 2.28441 -0.966875 2.28441 -0.973013 2.28441 -0.961928 2.28441 -0.955822 2 -0.966875 2 -0.973013 2 -0.961927 2 -0.955822 1.71559 -0.966875 1.71559 -0.973013 1.71559 -0.961927 1.71559 -0.955822 1.43118 -0.966875 1.43118 -0.973013 1.43118 -0.961927 1.43118 -0.955822 0.862508 -0.96183 1.1471 -0.961843 1.1471 -0.953444 0.862898 -0.95342 0.862509 -0.967045 1.1471 -0.967045 0.8629 -0.975423 1.1471 -0.975413 1.4314 -0.961842 1.4314 -0.953441 1.4314 -0.967045 1.4314 -0.975414 1.7157 -0.961842 1.7157 -0.953441 1.7157 -0.967045 1.7157 -0.975414 2 -0.961842 2 -0.953441 2 -0.967045 2 -0.975414 2.2843 -0.961842 2.2843 -0.953441 2.2843 -0.967045 2.2843 -0.975414 2.5686 -0.961842 2.5686 -0.953441 2.5686 -0.967045 2.5686 -0.975414 2.86527 -0.912573 2.64884 -0.912567 2.64884 -0.917234 2.86508 -0.917244 2.86526 -0.908805 2.64884 -0.908805 2.86508 -0.904159 2.64884 -0.904162 2.43256 -0.912568 2.43256 -0.917235 2.43256 -0.908805 2.43256 -0.904162 2.21628 -0.912568 2.21628 -0.917235 2.21628 -0.908805 2.21628 -0.904162 2 -0.912568 2 -0.917236 2 -0.908805 2 -0.904162 1.78372 -0.912568 1.78372 -0.917236 1.78372 -0.908806 1.78372 -0.904163 1.56744 -0.912568 1.56744 -0.917236 1.56744 -0.908806 1.56744 -0.904163 3.23877 -0.826295 2.92666 -0.826295 2.92666 -0.830964 3.23859 -0.830964 3.23877 -0.822531 2.92666 -0.822531 3.23868 -0.820208 2.92666 -0.820208 3.23855 -0.818181 2.92666 -0.818181 3.23836 -0.816154 2.92666 -0.816154 3.23384 -0.770777 2.92663 -0.770777 3.23368 -0.769035 2.92663 -0.769035 3.23361 -0.767292 2.92663 -0.767292 2.61784 -0.826295 2.61784 -0.830964 2.61784 -0.822531 2.61784 -0.820208 2.61784 -0.818181 2.61784 -0.816154 2.61784 -0.770777 2.61784 -0.769035 2.61784 -0.767292 2.30901 -0.826295 2.30901 -0.830964 2.30901 -0.822531 2.30901 -0.820208 2.30901 -0.818181 2.30901 -0.816154 2.30902 -0.770777 2.30902 -0.769035 2.30902 -0.767292 2 -0.826295 2 -0.830964 2 -0.822531 2 -0.820208 2 -0.818181 2 -0.816154 2 -0.770777 2 -0.769035 2 -0.767292 1.69099 -0.826295 1.69099 -0.830964 1.69099 -0.822531 1.69099 -0.820208 1.69099 -0.818181 1.69099 -0.816154 1.69098 -0.770777 1.69098 -0.769035 1.69098 -0.767292 1.38216 -0.826295 1.38216 -0.830964 1.38216 -0.822531 1.38216 -0.820208 1.38216 -0.818181 1.38216 -0.816154 1.38216 -0.770777 1.38216 -0.769035 1.38216 -0.767292 1.3068 -0.642658 1.4771 -0.642658 1.4771 -0.639679 1.30671 -0.639679 1.30679 -0.646288 1.47709 -0.646288 1.30674 -0.647766 1.47709 -0.647766 1.30658 -0.64962 1.47709 -0.64962 1.30649 -0.650613 1.47709 -0.650613 1.29535 -0.748639 1.47629 -0.748639 1.29519 -0.750383 1.47629 -0.750383 1.29513 -0.752128 1.47629 -0.752128 1.65116 -0.642658 1.65116 -0.639679 1.65116 -0.646288 1.65116 -0.647766 1.65116 -0.64962 1.65116 -0.650613 1.6511 -0.748639 1.6511 -0.750383 1.6511 -0.752127 1.82554 -0.642658 1.82554 -0.639679 1.82554 -0.646288 1.82554 -0.647766 1.82554 -0.64962 1.82554 -0.650613 1.82553 -0.748639 1.82553 -0.750383 1.82553 -0.752127 2 -0.642658 2 -0.639679 2 -0.646288 2 -0.647766 2 -0.64962 2 -0.650613 2 -0.748639 2 -0.750383 2 -0.752127 2.17446 -0.642658 2.17446 -0.639679 2.17446 -0.646288 2.17446 -0.647766 2.17446 -0.64962 2.17446 -0.650613 2.17447 -0.748639 2.17447 -0.750383 2.17447 -0.752127 2.34884 -0.642658 2.34884 -0.639679 2.34884 -0.646288 2.34884 -0.647766 2.34884 -0.64962 2.34884 -0.650613 2.3489 -0.748639 2.3489 -0.750383 2.3489 -0.752127 1.33799 -0.598537 1.50277 -0.598537 1.50277 -0.593028 1.33765 -0.593028 1.33799 -0.602313 1.50277 -0.602313 1.33781 -0.606972 1.50277 -0.606972 1.669 -0.598537 1.669 -0.593028 1.669 -0.602313 1.669 -0.606972 1.83381 -0.598537 1.83381 -0.593028 1.83381 -0.602313 1.83381 -0.606972 2 -0.598537 2 -0.593028 2 -0.602313 2 -0.606972 2.16619 -0.598537 2.16619 -0.593028 2.16619 -0.602313 2.16619 -0.606972 2.331 -0.598537 2.331 -0.593028 2.331 -0.602313 2.331 -0.606972 </float_array>
          <technique_common>
            <accessor count="381" offset="0" source="#meshId34-tex0-array" stride="2">
              <param name="S" type="float" />
              <param name="T" type="float" />
            </accessor>
          </technique_common>
        </source>
        <vertices id="meshId34-vertices">
          <input semantic="POSITION" source="#meshId34-positions" />
        </vertices>
        <polylist count="546" material="defaultMaterial">
          <input offset="0" semantic="VERTEX" source="#meshId34-vertices" />
          <input offset="0" semantic="NORMAL" source="#meshId34-normals" />
          <input offset="0" semantic="TANGENT" source="#meshId34-tangents" />
          <input offset="0" semantic="BINORMAL" source="#meshId34-bitangents" />
          <input offset="0" semantic="TEXCOORD" source="#meshId34-tex0" set="0" />
          <vcount>3 3 3 3 3 3 3 3 3 3 3 3 3 3 3 3 3 3 3 3 3 3 3 3 3 3 3 3 3 3 3 3 3 3 3 3 3 3 3 3 3 3 3 3 3 3 3 3 3 3 3 3 3 3 3 3 3 3 3 3 3 3 3 3 3 3 3 3 3 3 3 3 3 3 3 3 3 3 3 3 3 3 3 3 3 3 3 3 3 3 3 3 3 3 3 3 3 3 3 3 3 3 3 3 3 3 3 3 3 3 3 3 3 3 3 3 3 3 3 3 3 3 3 3 3 3 3 3 3 3 3 3 3 3 3 3 3 3 3 3 3 3 3 3 3 3 3 3 3 3 3 3 3 3 3 3 3 3 3 3 3 3 3 3 3 3 3 3 3 3 3 3 3 3 3 3 3 3 3 3 3 3 3 3 3 3 3 3 3 3 3 3 3 3 3 3 3 3 3 3 3 3 3 3 3 3 3 3 3 3 3 3 3 3 3 3 3 3 3 3 3 3 3 3 3 3 3 3 3 3 3 3 3 3 3 3 3 3 3 3 3 3 3 3 3 3 3 3 3 3 3 3 3 3 3 3 3 3 3 3 3 3 3 3 3 3 3 3 3 3 3 3 3 3 3 3 3 3 3 3 3 3 3 3 3 3 3 3 3 3 3 3 3 3 3 3 3 3 3 3 3 3 3 3 3 3 3 3 3 3 3 3 3 3 3 3 3 3 3 3 3 3 3 3 3 3 3 3 3 3 3 3 3 3 3 3 3 3 3 3 3 3 3 3 3 3 3 3 3 3 3 3 3 3 3 3 3 3 3 3 3 3 3 3 3 3 3 3 3 3 3 3 3 3 3 3 3 3 3 3 3 3 3 3 3 3 3 3 3 3 3 3 3 3 3 3 3 3 3 3 3 3 3 3 3 3 3 3 3 3 3 3 3 3 3 3 3 3 3 3 3 3 3 3 3 3 3 3 3 3 3 3 3 3 3 3 3 3 3 3 3 3 3 3 3 3 3 3 3 3 3 3 3 3 3 3 3 3 3 3 3 3 3 3 3 3 3 3 3 3 3 3 3 3 3 3 3 3 3 3 3 3 3 3 3 3 3 3 3 3 3 3 3 3 3 3 3 3 3 3 3 3 3 3 3 3 3 3 3 3 3 3 3 3 3 3 3 3 3 3 3 3 3 3 3 3 3 3 3 3 3 3 3 3 3 3 3 3 3 3 3 3 3 3 3 3 </vcount>
          <p>0 1 2 2 3 0 4 5 6 6 7 4 5 0 3 3 6 5 8 9 10 10 11 8 12 13 14 14 15 12 13 12 9 9 8 13 16 17 18 18 19 16 20 20 21 21 22 20 23 24 25 25 26 23 27 28 29 29 30 27 30 29 24 24 23 30 31 32 33 33 34 31 35 36 37 37 38 35 36 31 34 34 37 36 39 40 41 41 42 39 4 7 43 43 44 4 44 43 18 18 17 44 35 38 45 45 46 35 46 45 41 41 40 46 16 19 47 47 48 16 48 47 49 49 50 48 39 42 51 51 52 39 52 51 53 53 54 52 55 56 57 57 58 55 59 60 61 61 62 59 60 55 58 58 61 60 63 64 65 65 66 63 67 68 69 69 70 67 68 63 66 66 69 68 71 72 73 73 74 71 75 76 77 77 78 75 76 71 74 74 77 76 79 80 81 81 82 79 83 84 85 85 86 83 84 79 82 82 85 84 87 29 28 28 88 87 89 24 29 29 87 89 90 25 24 24 89 90 88 91 92 92 87 88 87 92 93 93 89 87 89 93 94 94 90 89 91 95 96 96 92 91 92 96 97 97 93 92 93 97 98 98 94 93 95 99 100 100 96 95 96 100 101 101 97 96 97 101 102 102 98 97 99 103 104 104 100 99 100 104 105 105 101 100 101 105 106 106 102 101 107 104 103 103 108 107 109 105 104 104 107 109 110 106 105 105 109 110 111 107 108 108 112 111 113 109 107 107 111 113 114 110 109 109 113 114 115 116 117 117 118 115 119 120 116 116 115 119 121 122 120 120 119 121 116 123 124 124 117 116 120 125 123 123 116 120 122 126 125 125 120 122 123 127 128 128 124 123 125 129 127 127 123 125 126 130 129 129 125 126 127 131 132 132 128 127 129 133 131 131 127 129 130 134 133 133 129 130 131 135 136 136 132 131 133 137 135 135 131 133 134 138 137 137 133 134 135 139 140 140 136 135 137 141 139 139 135 137 138 142 141 141 137 138 139 58 57 57 140 139 141 61 58 58 139 141 142 62 61 61 141 142 143 144 145 145 146 143 147 148 144 144 143 147 149 150 148 148 147 149 144 151 152 152 145 144 148 153 151 151 144 148 150 154 153 153 148 150 151 155 156 156 152 151 153 157 155 155 151 153 154 158 157 157 153 154 155 159 160 160 156 155 157 161 159 159 155 157 158 162 161 161 157 158 159 163 164 164 160 159 161 165 163 163 159 161 162 166 165 165 161 162 163 167 168 168 164 163 165 169 167 167 163 165 166 170 169 169 165 166 167 66 65 65 168 167 169 69 66 66 167 169 170 70 69 69 169 170 171 172 173 173 174 171 175 176 172 172 171 175 177 178 176 176 175 177 172 179 180 180 173 172 176 181 179 179 172 176 178 182 181 181 176 178 179 183 184 184 180 179 181 185 183 183 179 181 182 186 185 185 181 182 183 187 188 188 184 183 185 189 187 187 183 185 186 190 189 189 185 186 187 191 192 192 188 187 189 193 191 191 187 189 190 194 193 193 189 190 191 195 196 196 192 191 193 197 195 195 191 193 194 198 197 197 193 194 195 74 73 73 196 195 197 77 74 74 195 197 198 78 77 77 197 198 199 200 201 201 202 199 203 204 200 200 199 203 205 206 204 204 203 205 200 207 208 208 201 200 204 209 207 207 200 204 206 210 209 209 204 206 207 211 212 212 208 207 209 213 211 211 207 209 210 214 213 213 209 210 211 215 216 216 212 211 213 217 215 215 211 213 214 218 217 217 213 214 215 219 220 220 216 215 217 221 219 219 215 217 218 222 221 221 217 218 219 223 224 224 220 219 221 225 223 223 219 221 222 226 225 225 221 222 223 82 81 81 224 223 225 85 82 82 223 225 226 86 85 85 225 226 227 228 229 229 230 227 231 232 228 228 227 231 233 234 232 232 231 233 234 233 235 235 236 234 236 235 237 237 238 236 239 240 238 238 237 239 240 239 241 241 242 240 242 241 243 243 244 242 228 245 246 246 229 228 232 247 245 245 228 232 234 248 247 247 232 234 248 234 236 236 249 248 249 236 238 238 250 249 240 251 250 250 238 240 251 240 242 242 252 251 252 242 244 244 253 252 245 254 255 255 246 245 247 256 254 254 245 247 248 257 256 256 247 248 257 248 249 249 258 257 258 249 250 250 259 258 251 260 259 259 250 251 260 251 252 252 261 260 261 252 253 253 262 261 254 263 264 264 255 254 256 265 263 263 254 256 257 266 265 265 256 257 266 257 258 258 267 266 267 258 259 259 268 267 260 269 268 268 259 260 269 260 261 261 270 269 270 261 262 262 271 270 263 272 273 273 264 263 265 274 272 272 263 265 266 275 274 274 265 266 275 266 267 267 276 275 276 267 268 268 277 276 269 278 277 277 268 269 278 269 270 270 279 278 279 270 271 271 280 279 272 281 282 282 273 272 274 283 281 281 272 274 275 284 283 283 274 275 284 275 276 276 285 284 285 276 277 277 286 285 278 287 286 286 277 278 287 278 279 279 288 287 288 279 280 280 289 288 281 34 33 33 282 281 283 37 34 34 281 283 284 38 37 37 283 284 38 284 285 285 45 38 45 285 286 286 41 45 287 42 41 41 286 287 42 287 288 288 51 42 51 288 289 289 53 51 290 291 292 292 293 290 294 295 291 291 290 294 296 297 295 295 294 296 297 296 298 298 299 297 299 298 300 300 301 299 302 303 301 301 300 302 303 302 304 304 305 303 305 304 306 306 307 305 291 308 309 309 292 291 295 310 308 308 291 295 297 311 310 310 295 297 311 297 299 299 312 311 312 299 301 301 313 312 303 314 313 313 301 303 314 303 305 305 315 314 315 305 307 307 316 315 308 317 318 318 309 308 310 319 317 317 308 310 311 320 319 319 310 311 320 311 312 312 321 320 321 312 313 313 322 321 314 323 322 322 313 314 323 314 315 315 324 323 324 315 316 316 325 324 317 326 327 327 318 317 319 328 326 326 317 319 320 329 328 328 319 320 329 320 321 321 330 329 330 321 322 322 331 330 323 332 331 331 322 323 332 323 324 324 333 332 333 324 325 325 334 333 326 335 336 336 327 326 328 337 335 335 326 328 329 338 337 337 328 329 338 329 330 330 339 338 339 330 331 331 340 339 332 341 340 340 331 332 341 332 333 333 342 341 342 333 334 334 343 342 335 344 345 345 336 335 337 346 344 344 335 337 338 347 346 346 337 338 347 338 339 339 348 347 348 339 340 340 349 348 341 350 349 349 340 341 350 341 342 342 351 350 351 342 343 343 352 351 344 3 2 2 345 344 346 6 3 3 344 346 347 7 6 6 346 347 7 347 348 348 43 7 43 348 349 349 18 43 350 19 18 18 349 350 19 350 351 351 47 19 47 351 352 352 49 47 353 354 355 355 356 353 357 358 354 354 353 357 357 359 360 360 358 357 354 361 362 362 355 354 358 363 361 361 354 358 363 358 360 360 364 363 361 365 366 366 362 361 363 367 365 365 361 363 367 363 364 364 368 367 365 369 370 370 366 365 367 371 369 369 365 367 371 367 368 368 372 371 369 373 374 374 370 369 371 375 373 373 369 371 375 371 372 372 376 375 373 377 378 378 374 373 375 379 377 377 373 375 379 375 376 376 380 379 377 8 11 11 378 377 379 13 8 8 377 379 13 379 380 380 14 13 </p>
        </polylist>
      </mesh>
    </geometry>
    <geometry id="meshId35" name="meshId35_name" >
      <mesh>
        <source id="meshId35-positions" name="meshId35-positions">
          <float_array id="meshId35-positions-array" count="81"> 0.441484 0.143728 0.3839 0.43337 0.143728 0.466284 0.43337 -0.113683 0.466284 0.441484 -0.113683 0.3839 0.434473 0.146442 0.466504 0.442609 0.146442 0.3839 0.410378 0.146442 0.545933 0.409339 0.143728 0.545503 0.409339 -0.113683 0.545503 0.37125 0.146442 0.619136 0.370316 0.143728 0.618511 0.370316 -0.113683 0.618511 0.318594 0.146442 0.683298 0.317799 0.143728 0.682503 0.317799 -0.113683 0.682503 0.254431 0.146442 0.735955 0.253806 0.143728 0.73502 0.253806 -0.113683 0.73502 0.181228 0.146442 0.775083 0.180798 0.143728 0.774044 0.180798 -0.113683 0.774044 0.101799 0.146442 0.799177 0.10158 0.143728 0.798075 0.10158 -0.113683 0.798075 0.019195 0.146442 0.807313 0.019195 0.143728 0.806189 0.019195 -0.113683 0.806189 </float_array>
          <technique_common>
            <accessor count="27" offset="0" source="#meshId35-positions-array" stride="3">
              <param name="X" type="float" />
              <param name="Y" type="float" />
              <param name="Z" type="float" />
            </accessor>
          </technique_common>
        </source>
        <source id="meshId35-normals" name="meshId35-normals">
          <float_array id="meshId35-normals-array" count="81"> 0.995175 -0.00440882 0.0980169 0.980776 -0.00443009 0.195089 0.980785 0 0.195091 0.995185 0 0.0980178 0.906127 -0.382685 0.180242 0.920076 -0.381115 0.0906209 0.853554 -0.38268 0.353554 0.92387 -0.00443004 0.38268 0.923879 0 0.382684 0.768177 -0.382684 0.513281 0.831461 -0.00443007 0.555565 0.831469 0 0.55557 0.65328 -0.382683 0.653283 0.7071 -0.00443006 0.7071 0.707107 0 0.707107 0.513279 -0.38268 0.76818 0.555565 -0.00443003 0.831461 0.55557 0 0.83147 0.353554 -0.382681 0.853554 0.38268 -0.00443005 0.923871 0.382683 0 0.92388 0.18024 -0.382682 0.906128 0.195089 -0.00443007 0.980776 0.19509 0 0.980785 0.0906198 -0.381107 0.920079 0.0980162 -0.00440873 0.995175 0.0980172 0 0.995185 </float_array>
          <technique_common>
            <accessor count="27" offset="0" source="#meshId35-normals-array" stride="3">
              <param name="X" type="float" />
              <param name="Y" type="float" />
              <param name="Z" type="float" />
            </accessor>
          </technique_common>
        </source>
        <source id="meshId35-tangents" name="meshId35-tangents">
          <float_array id="meshId35-tangents-array" count="81"> 0.0980178 -3.54762e-09 -0.995185 0.195091 4.63202e-11 -0.980785 0.195091 0 -0.980785 0.0980178 0 -0.995185 0.195092 -4.89738e-07 -0.980785 0.0980184 -5.70262e-07 -0.995185 0.382684 -7.19752e-07 -0.923879 0.382684 4.03912e-09 -0.923879 0.382684 0 -0.923879 0.555571 -9.93307e-07 -0.831469 0.555571 -6.47788e-07 -0.831469 0.55557 0 -0.831469 0.707108 -1.11367e-06 -0.707105 0.707107 -2.1147e-07 -0.707107 0.707107 -1.45207e-07 -0.707107 0.831471 -5.59267e-08 -0.555569 0.831469 9.4697e-08 -0.55557 0.83147 3.56668e-08 -0.55557 0.92388 -1.24581e-07 -0.382683 0.92388 6.29954e-10 -0.382683 0.92388 0 -0.382683 0.980785 -2.76594e-08 -0.19509 0.980785 -2.84406e-09 -0.19509 0.980785 0 -0.19509 0.995185 -1.30616e-07 -0.0980171 0.995185 -1.77937e-09 -0.0980172 0.995185 0 -0.0980172 </float_array>
          <technique_common>
            <accessor count="27" offset="0" source="#meshId35-tangents-array" stride="3">
              <param name="X" type="float" />
              <param name="Y" type="float" />
              <param name="Z" type="float" />
            </accessor>
          </technique_common>
        </source>
        <source id="meshId35-bitangents" name="meshId35-bitangents">
          <float_array id="meshId35-bitangents-array" count="81"> 0.00438759 0.99999 0.00043214 0.00434497 0.99999 0.000864269 -0 1 0 -0 1 0 0.375331 0.923879 0.0746584 0.37928 0.924528 0.0373558 0.353551 0.923881 0.146445 0.00409282 0.99999 0.00169531 -0 1 0 0.31819 0.923879 0.212607 0.00368382 0.99999 0.00246068 -0 1 0 0.270598 0.92388 0.270598 0.00313268 0.99999 0.00313238 1.02677e-07 1 -1.02677e-07 0.212605 0.923881 0.318187 0.00246111 0.99999 0.00368349 -2.96559e-08 1 1.98154e-08 0.146446 0.923881 0.353551 0.00169531 0.99999 0.00409283 -0 1 0 0.0746574 0.92388 0.375329 0.000864267 0.99999 0.00434495 -0 1 0 0.0373551 0.924531 0.379272 0.000432133 0.99999 0.0043875 -0 1 0 </float_array>
          <technique_common>
            <accessor count="27" offset="0" source="#meshId35-bitangents-array" stride="3">
              <param name="X" type="float" />
              <param name="Y" type="float" />
              <param name="Z" type="float" />
            </accessor>
          </technique_common>
        </source>
        <source id="meshId35-tex0" name="meshId35-tex0">
          <float_array id="meshId35-tex0-array" count="54"> 2.86256 -1.31857 2.64692 -1.31857 2.64692 -1.98908 2.86256 -1.98908 2.64692 -1.31092 2.86285 -1.31092 2.43128 -1.31092 2.43128 -1.31857 2.43128 -1.98908 2.21564 -1.31092 2.21564 -1.31857 2.21564 -1.98908 2 -1.31092 2 -1.31857 2 -1.98908 1.78436 -1.31092 1.78436 -1.31857 1.78436 -1.98908 1.56872 -1.31092 1.56872 -1.31857 1.56872 -1.98908 1.35308 -1.31092 1.35308 -1.31857 1.35308 -1.98908 1.13715 -1.31092 1.13744 -1.31857 1.13745 -1.98908 </float_array>
          <technique_common>
            <accessor count="27" offset="0" source="#meshId35-tex0-array" stride="2">
              <param name="S" type="float" />
              <param name="T" type="float" />
            </accessor>
          </technique_common>
        </source>
        <vertices id="meshId35-vertices">
          <input semantic="POSITION" source="#meshId35-positions" />
        </vertices>
        <polylist count="32" material="defaultMaterial">
          <input offset="0" semantic="VERTEX" source="#meshId35-vertices" />
          <input offset="0" semantic="NORMAL" source="#meshId35-normals" />
          <input offset="0" semantic="TANGENT" source="#meshId35-tangents" />
          <input offset="0" semantic="BINORMAL" source="#meshId35-bitangents" />
          <input offset="0" semantic="TEXCOORD" source="#meshId35-tex0" set="0" />
          <vcount>3 3 3 3 3 3 3 3 3 3 3 3 3 3 3 3 3 3 3 3 3 3 3 3 3 3 3 3 3 3 3 3 </vcount>
          <p>3 0 1 1 2 3 5 4 1 1 0 5 7 1 4 4 6 7 8 2 1 1 7 8 6 9 10 10 7 6 11 8 7 7 10 11 9 12 13 13 10 9 14 11 10 10 13 14 12 15 16 16 13 12 17 14 13 13 16 17 15 18 19 19 16 15 20 17 16 16 19 20 22 19 18 18 21 22 23 20 19 19 22 23 25 22 21 21 24 25 26 23 22 22 25 26 </p>
        </polylist>
      </mesh>
    </geometry>
    <geometry id="meshId36" name="meshId36_name" >
      <mesh>
        <source id="meshId36-positions" name="meshId36-positions">
          <float_array id="meshId36-positions-array" count="189"> 0.441755 -0.12452 0.467952 0.441755 -0.188346 0.467952 0.450033 -0.188346 0.3839 0.450033 -0.12452 0.3839 0.443621 -0.117676 0.3839 0.435466 -0.117676 0.466701 0.439659 -0.120527 0.467535 0.447896 -0.120527 0.3839 0.448114 -0.190265 0.3839 0.449471 -0.189703 0.3839 0.441203 -0.189703 0.467842 0.439872 -0.190265 0.467578 0.43337 -0.113683 0.466284 0.441484 -0.113683 0.3839 0.409339 -0.113683 0.545503 0.411314 -0.117676 0.54632 0.415263 -0.120527 0.547956 0.417237 -0.12452 0.548774 0.417237 -0.188346 0.548774 0.416718 -0.189703 0.548559 0.415464 -0.190265 0.54804 0.370316 -0.113683 0.618511 0.372092 -0.117676 0.619698 0.375647 -0.120527 0.622073 0.377424 -0.12452 0.62326 0.377424 -0.188346 0.62326 0.376956 -0.189703 0.622948 0.375828 -0.190265 0.622194 0.317799 -0.113683 0.682503 0.31931 -0.117676 0.684014 0.322332 -0.120527 0.687037 0.323843 -0.12452 0.688548 0.323843 -0.188346 0.688548 0.323446 -0.189703 0.688151 0.322486 -0.190265 0.687191 0.253806 -0.113683 0.73502 0.254993 -0.117676 0.736797 0.257368 -0.120527 0.740352 0.258556 -0.12452 0.742128 0.258556 -0.188346 0.742128 0.258243 -0.189703 0.741661 0.257489 -0.190265 0.740533 0.180798 -0.113683 0.774044 0.181616 -0.117676 0.776018 0.183252 -0.120527 0.779968 0.18407 -0.12452 0.781942 0.18407 -0.188346 0.781942 0.183854 -0.189703 0.781423 0.183335 -0.190265 0.780169 0.10158 -0.113683 0.798075 0.101996 -0.117676 0.800171 0.10283 -0.120527 0.804363 0.103247 -0.12452 0.806459 0.103247 -0.188346 0.806459 0.103138 -0.189703 0.805908 0.102873 -0.190265 0.804577 0.019195 -0.113683 0.806189 0.019195 -0.117676 0.808326 0.019195 -0.120527 0.812601 0.019195 -0.12452 0.814738 0.019195 -0.188346 0.814738 0.019195 -0.189703 0.814176 0.019195 -0.190265 0.812818 </float_array>
          <technique_common>
            <accessor count="63" offset="0" source="#meshId36-positions-array" stride="3">
              <param name="X" type="float" />
              <param name="Y" type="float" />
              <param name="Z" type="float" />
            </accessor>
          </technique_common>
        </source>
        <source id="meshId36-normals" name="meshId36-normals">
          <float_array id="meshId36-normals-array" count="189"> 0.980328 0.0305491 0.194999 0.980751 -0.00841623 0.195083 0.99515 -0.00837597 0.0980132 0.994725 0.0304024 0.0979714 0.720419 0.6899 0.0709548 0.708361 0.691644 0.140901 0.723249 0.675436 0.143863 0.735482 0.673661 0.0724385 0.382404 -0.923227 0.0376633 0.71768 -0.692777 0.0706851 0.705655 -0.694514 0.140363 0.375318 -0.923885 0.0746558 0.864757 0.471813 0.172011 0.878394 0.470042 0.0865137 0.814583 0.471814 0.337412 0.667258 0.691647 0.276388 0.681285 0.675437 0.282197 0.923448 0.0305489 0.382505 0.923847 -0.00841583 0.38267 0.664715 -0.694512 0.275333 0.353538 -0.923886 0.146441 0.733106 0.471812 0.489845 0.600517 0.691647 0.401252 0.61314 0.675437 0.409687 0.831082 0.0305487 0.555311 0.83144 -0.00841605 0.555551 0.598229 -0.69451 0.399723 0.318181 -0.923884 0.212602 0.623457 0.471809 0.623456 0.510698 0.691646 0.510699 0.521433 0.675437 0.521433 0.706777 0.0305489 0.706777 0.707082 -0.00841676 0.707082 0.508748 -0.694515 0.508749 0.270596 -0.923881 0.270596 0.489848 0.471808 0.733108 0.401253 0.691645 0.600519 0.409686 0.675439 0.613139 0.555311 0.0305493 0.831082 0.555551 -0.00841704 0.83144 0.399719 -0.694518 0.598222 0.212606 -0.923881 0.318187 0.337412 0.47181 0.814585 0.276389 0.691645 0.667261 0.282197 0.675438 0.681284 0.382505 0.0305495 0.923448 0.38267 -0.00841691 0.923847 0.275331 -0.694517 0.66471 0.146445 -0.923881 0.35355 0.172011 0.471811 0.864758 0.140902 0.691645 0.70836 0.143863 0.675438 0.723248 0.194999 0.0305494 0.980328 0.195083 -0.00841679 0.980751 0.140364 -0.694515 0.705654 0.0746571 -0.923881 0.375327 0.0865142 0.470041 0.878394 0.0709549 0.689901 0.720418 0.0724385 0.673663 0.73548 0.0979718 0.0304023 0.994725 0.0980137 -0.00837623 0.99515 0.0706852 -0.692777 0.717679 0.0376639 -0.923226 0.382408 </float_array>
          <technique_common>
            <accessor count="63" offset="0" source="#meshId36-normals-array" stride="3">
              <param name="X" type="float" />
              <param name="Y" type="float" />
              <param name="Z" type="float" />
            </accessor>
          </technique_common>
        </source>
        <source id="meshId36-tangents" name="meshId36-tangents">
          <float_array id="meshId36-tangents-array" count="189"> 0.19509 -2.48277e-08 -0.980785 0.19509 8.51887e-09 -0.980785 0.0980166 4.44373e-09 -0.995185 0.0980167 -1.29076e-08 -0.995185 0.0980165 1.43924e-07 -0.995185 0.19509 -2.91193e-08 -0.980785 0.195091 -5.03592e-08 -0.980785 0.0980169 7.7255e-08 -0.995185 0.0980178 4.71183e-07 -0.995185 0.0980172 3.43977e-07 -0.995185 0.195089 -6.27563e-07 -0.980786 0.195092 -2.58904e-08 -0.980785 0.19509 -1.33819e-07 -0.980785 0.0980165 4.36851e-08 -0.995185 0.382684 -3.68957e-07 -0.923879 0.382684 7.72554e-08 -0.92388 0.382683 7.3979e-08 -0.92388 0.382683 3.8168e-09 -0.92388 0.382683 2.01546e-08 -0.92388 0.382681 -1.04172e-06 -0.92388 0.382685 9.1179e-08 -0.923879 0.55557 -8.76273e-08 -0.83147 0.55557 -1.44297e-07 -0.83147 0.55557 -1.01424e-07 -0.83147 0.55557 -8.44884e-09 -0.831469 0.55557 -2.4038e-07 -0.831469 0.555569 -1.13865e-06 -0.831471 0.555572 9.32052e-07 -0.831468 0.707107 -4.45055e-07 -0.707107 0.707107 -2.46029e-07 -0.707107 0.707106 5.82473e-07 -0.707107 0.707107 -4.70615e-09 -0.707107 0.707107 -1.45373e-09 -0.707107 0.707107 2.15948e-07 -0.707106 0.707106 -5.75216e-07 -0.707108 0.831469 7.44833e-07 -0.555571 0.83147 3.14073e-07 -0.555569 0.83147 1.74029e-07 -0.55557 0.83147 3.46884e-07 -0.55557 0.83147 2.53874e-07 -0.55557 0.831469 -8.71916e-07 -0.555571 0.831471 8.44252e-07 -0.555568 0.92388 -2.05016e-07 -0.382683 0.923879 1.11686e-07 -0.382684 0.92388 3.45755e-07 -0.382684 0.923879 2.77922e-07 -0.382683 0.92388 1.56827e-07 -0.382684 0.92388 -3.13782e-07 -0.382683 0.92388 7.0917e-08 -0.382683 0.980785 -6.02077e-07 -0.19509 0.980785 -2.4614e-07 -0.19509 0.980785 -1.11488e-07 -0.19509 0.980785 -3.55926e-07 -0.19509 0.980785 5.69449e-10 -0.19509 0.980785 3.20913e-08 -0.195091 0.980785 -2.38642e-07 -0.195091 0.995185 2.66158e-07 -0.0980172 0.995185 -2.91623e-07 -0.0980168 0.995185 -2.75649e-07 -0.098017 0.995185 -5.56943e-07 -0.0980171 0.995185 -3.22657e-07 -0.0980171 0.995185 2.64584e-07 -0.0980169 0.995185 2.58755e-07 -0.0980165 </float_array>
          <technique_common>
            <accessor count="63" offset="0" source="#meshId36-tangents-array" stride="3">
              <param name="X" type="float" />
              <param name="Y" type="float" />
              <param name="Z" type="float" />
            </accessor>
          </technique_common>
        </source>
        <source id="meshId36-bitangents" name="meshId36-bitangents">
          <float_array id="meshId36-bitangents-array" count="189"> -0.0299621 0.999533 -0.00595985 0.00825451 0.999965 0.00164193 0.00833564 0.999965 0.000820988 -0.030256 0.999538 -0.00297995 -0.686577 0.723905 -0.0676215 -0.678355 0.722238 -0.134933 -0.662458 0.737419 -0.131771 -0.670418 0.73904 -0.0660301 0.918782 0.384254 0.0904929 0.689441 0.721152 0.0679043 0.68117 0.719479 0.135491 0.906132 0.382671 0.180242 -0.462747 0.881699 -0.0920463 -0.467779 0.882644 -0.0460718 -0.435899 0.881698 -0.180556 -0.638999 0.722235 -0.264682 -0.624023 0.737417 -0.258478 -0.0282235 0.999533 -0.0116906 0.0077752 0.999965 0.00322062 0.641646 0.719481 0.265776 0.853559 0.382667 0.353557 -0.392298 0.881699 -0.262125 -0.575084 0.722235 -0.384259 -0.561606 0.737417 -0.375253 -0.0254003 0.999533 -0.016972 0.00699782 0.999965 0.00467551 0.577465 0.719483 0.385847 0.76818 0.382673 0.513284 -0.333619 0.881701 -0.33362 -0.489067 0.722237 -0.489068 -0.477607 0.737418 -0.477606 -0.0216013 0.999533 -0.0216013 0.00595155 0.999965 0.00595155 0.491095 0.719479 0.491096 0.653284 0.38268 0.653281 -0.262123 0.881702 -0.392293 -0.384257 0.722238 -0.575082 -0.375254 0.737416 -0.561607 -0.0169725 0.999533 -0.0254006 0.00467605 0.999965 0.00699865 0.385854 0.719476 0.57747 0.513278 0.38268 0.76818 -0.180553 0.881701 -0.435895 -0.264681 0.722238 -0.638996 -0.258479 0.737417 -0.624023 -0.011691 0.999533 -0.0282239 0.00322087 0.999965 0.00777627 0.26578 0.719477 0.64165 0.353554 0.382679 0.853555 -0.0920452 0.8817 -0.462745 -0.134933 0.722238 -0.678355 -0.131771 0.737417 -0.66246 -0.00595954 0.999533 -0.0299624 0.00164203 0.999965 0.00825506 0.135493 0.719478 0.68117 0.180241 0.38268 0.906129 -0.0460724 0.882644 -0.467778 -0.0676217 0.723903 -0.686579 -0.0660303 0.739038 -0.67042 -0.00297939 0.999538 -0.030256 0.000821335 0.999965 0.00833586 0.0679037 0.721152 0.689441 0.0904913 0.384259 0.91878 </float_array>
          <technique_common>
            <accessor count="63" offset="0" source="#meshId36-bitangents-array" stride="3">
              <param name="X" type="float" />
              <param name="Y" type="float" />
              <param name="Z" type="float" />
            </accessor>
          </technique_common>
        </source>
        <source id="meshId36-tex0" name="meshId36-tex0">
          <float_array id="meshId36-tex0-array" count="126"> 2.6585 -2.36392 2.65857 -2.53018 2.8784 -2.53018 2.87828 -2.36392 2.87661 -2.33874 2.65848 -2.33874 2.65849 -2.35213 2.87772 -2.35213 2.87791 -2.53783 2.87826 -2.53401 2.65857 -2.53401 2.65857 -2.53783 2.65847 -2.32694 2.87605 -2.32694 2.43902 -2.32694 2.43902 -2.33874 2.43901 -2.35213 2.43901 -2.36392 2.43903 -2.53018 2.43903 -2.53401 2.43903 -2.53783 2.21951 -2.32694 2.21951 -2.33874 2.21951 -2.35213 2.21951 -2.36392 2.21951 -2.53018 2.21951 -2.53401 2.21951 -2.53783 2 -2.32694 2 -2.33874 2 -2.35213 2 -2.36392 2 -2.53018 2 -2.53401 2 -2.53783 1.78049 -2.32694 1.78049 -2.33874 1.78049 -2.35213 1.78049 -2.36392 1.78049 -2.53018 1.78049 -2.53401 1.78049 -2.53783 1.56099 -2.32694 1.56099 -2.33874 1.56099 -2.35213 1.56098 -2.36392 1.56097 -2.53018 1.56097 -2.53401 1.56097 -2.53783 1.34152 -2.32694 1.34152 -2.33874 1.34151 -2.35213 1.3415 -2.36392 1.34143 -2.53018 1.34143 -2.53401 1.34143 -2.53783 1.12395 -2.32694 1.12339 -2.33874 1.12228 -2.35213 1.12171 -2.36392 1.1216 -2.53018 1.12174 -2.53401 1.12209 -2.53783 </float_array>
          <technique_common>
            <accessor count="63" offset="0" source="#meshId36-tex0-array" stride="2">
              <param name="S" type="float" />
              <param name="T" type="float" />
            </accessor>
          </technique_common>
        </source>
        <vertices id="meshId36-vertices">
          <input semantic="POSITION" source="#meshId36-positions" />
        </vertices>
        <polylist count="96" material="defaultMaterial">
          <input offset="0" semantic="VERTEX" source="#meshId36-vertices" />
          <input offset="0" semantic="NORMAL" source="#meshId36-normals" />
          <input offset="0" semantic="TANGENT" source="#meshId36-tangents" />
          <input offset="0" semantic="BINORMAL" source="#meshId36-bitangents" />
          <input offset="0" semantic="TEXCOORD" source="#meshId36-tex0" set="0" />
          <vcount>3 3 3 3 3 3 3 3 3 3 3 3 3 3 3 3 3 3 3 3 3 3 3 3 3 3 3 3 3 3 3 3 3 3 3 3 3 3 3 3 3 3 3 3 3 3 3 3 3 3 3 3 3 3 3 3 3 3 3 3 3 3 3 3 3 3 3 3 3 3 3 3 3 3 3 3 3 3 3 3 3 3 3 3 3 3 3 3 3 3 3 3 3 3 3 3 </vcount>
          <p>3 0 1 1 2 3 7 4 5 5 6 7 11 8 9 9 10 11 10 9 2 2 1 10 13 12 5 5 4 13 0 3 7 7 6 0 15 5 12 12 14 15 16 6 5 5 15 16 17 0 6 6 16 17 18 1 0 0 17 18 19 10 1 1 18 19 19 20 11 11 10 19 14 21 22 22 15 14 23 16 15 15 22 23 24 17 16 16 23 24 17 24 25 25 18 17 26 19 18 18 25 26 27 20 19 19 26 27 21 28 29 29 22 21 30 23 22 22 29 30 31 24 23 23 30 31 24 31 32 32 25 24 33 26 25 25 32 33 34 27 26 26 33 34 28 35 36 36 29 28 37 30 29 29 36 37 38 31 30 30 37 38 31 38 39 39 32 31 40 33 32 32 39 40 41 34 33 33 40 41 35 42 43 43 36 35 44 37 36 36 43 44 45 38 37 37 44 45 38 45 46 46 39 38 47 40 39 39 46 47 48 41 40 40 47 48 50 43 42 42 49 50 51 44 43 43 50 51 52 45 44 44 51 52 53 46 45 45 52 53 54 47 46 46 53 54 54 55 48 48 47 54 57 50 49 49 56 57 58 51 50 50 57 58 59 52 51 51 58 59 60 53 52 52 59 60 61 54 53 53 60 61 61 62 55 55 54 61 </p>
        </polylist>
      </mesh>
    </geometry>
    <geometry id="meshId37" name="meshId37_name" >
      <mesh>
        <source id="meshId37-positions" name="meshId37-positions">
          <float_array id="meshId37-positions-array" count="54"> 0.381998 0.0978823 0.3839 0.290826 0.0978823 0.3839 0.285607 0.0978823 0.436892 0.375027 0.0978823 0.454679 0.0899744 0.0978823 0.739732 0.0721875 0.0978823 0.650311 0.019195 0.0978823 0.655531 0.019195 0.0978823 0.746703 0.158034 0.0978823 0.719086 0.123144 0.0978823 0.634854 0.220758 0.0978823 0.68556 0.170105 0.0978823 0.609753 0.275736 0.0978823 0.64044 0.211267 0.0978823 0.575972 0.320855 0.0978823 0.585462 0.245048 0.0978823 0.53481 0.354382 0.0978823 0.522739 0.270149 0.0978823 0.487848 </float_array>
          <technique_common>
            <accessor count="18" offset="0" source="#meshId37-positions-array" stride="3">
              <param name="X" type="float" />
              <param name="Y" type="float" />
              <param name="Z" type="float" />
            </accessor>
          </technique_common>
        </source>
        <source id="meshId37-normals" name="meshId37-normals">
          <float_array id="meshId37-normals-array" count="54"> 3.35644e-07 1 -1.69608e-22 0 1 0 1.46e-07 1 -7.37771e-23 1.48078e-07 1 -7.48271e-23 5.30616e-08 1 -2.68131e-23 6.49488e-08 1 -3.282e-23 -1.6103e-08 1 8.13719e-24 -4.19556e-08 1 2.12011e-23 7.40392e-08 1 -3.74136e-23 7.30002e-08 1 -3.68886e-23 0 1 0 0 1 0 0 1 0 0 1 0 0 1 0 6.4412e-08 1 -3.25488e-23 -1.97437e-08 1 9.97691e-24 2.10413e-07 1 -1.06326e-22 </float_array>
          <technique_common>
            <accessor count="18" offset="0" source="#meshId37-normals-array" stride="3">
              <param name="X" type="float" />
              <param name="Y" type="float" />
              <param name="Z" type="float" />
            </accessor>
          </technique_common>
        </source>
        <source id="meshId37-tangents" name="meshId37-tangents">
          <float_array id="meshId37-tangents-array" count="54"> 0.0979383 -3.28724e-08 -0.995192 0.0979218 0 -0.995194 0.194991 -2.84688e-08 -0.980805 0.195008 -2.88764e-08 -0.980802 0.980769 -5.20411e-08 -0.195172 0.980766 -6.36995e-08 -0.195188 0.995174 1.60253e-08 -0.0981222 0.995176 4.17532e-08 -0.0981046 0.923847 -6.84009e-08 -0.382761 0.923841 -6.74406e-08 -0.382776 0.831423 0 -0.55564 0.831414 0 -0.555654 0.707048 0 -0.707166 0.707036 0 -0.707178 0.5555 0 -0.831516 0.555487 -3.578e-08 -0.831525 0.382606 7.55404e-09 -0.923912 0.382591 -8.05019e-08 -0.923918 </float_array>
          <technique_common>
            <accessor count="18" offset="0" source="#meshId37-tangents-array" stride="3">
              <param name="X" type="float" />
              <param name="Y" type="float" />
              <param name="Z" type="float" />
            </accessor>
          </technique_common>
        </source>
        <source id="meshId37-bitangents" name="meshId37-bitangents">
          <float_array id="meshId37-bitangents-array" count="54"> -0.995192 3.34031e-07 -0.0979383 -0.995194 0 -0.0979218 -0.980805 1.43198e-07 -0.194991 -0.980802 1.45235e-07 -0.195008 -0.195172 1.03562e-08 -0.980769 -0.195188 1.26772e-08 -0.980766 -0.0981222 -1.58006e-09 -0.995174 -0.0981046 -4.11604e-09 -0.995176 -0.382761 2.83393e-08 -0.923847 -0.382776 2.79427e-08 -0.923841 -0.55564 0 -0.831423 -0.555654 0 -0.831414 -0.707166 0 -0.707048 -0.707178 0 -0.707036 -0.831516 0 -0.5555 -0.831525 5.35603e-08 -0.555487 -0.923912 -1.82414e-08 -0.382606 -0.923918 1.94404e-07 -0.382591 </float_array>
          <technique_common>
            <accessor count="18" offset="0" source="#meshId37-bitangents-array" stride="3">
              <param name="X" type="float" />
              <param name="Y" type="float" />
              <param name="Z" type="float" />
            </accessor>
          </technique_common>
        </source>
        <source id="meshId37-tex0" name="meshId37-tex0">
          <float_array id="meshId37-tex0-array" count="36"> -0.338984 0.030357 -0.380427 0.269524 -0.527535 0.269539 -0.51614 0.0303719 -1.48388 0.0304612 -1.47244 0.269628 -1.61955 0.269643 -1.66104 0.0304761 -1.31988 0.0304463 -1.31673 0.269613 -1.15948 0.0304314 -1.15866 0.269598 -1.00001 0.0304165 -0.999992 0.269583 -0.840538 0.0304016 -0.841313 0.269569 -0.68014 0.0303868 -0.683248 0.269554 </float_array>
          <technique_common>
            <accessor count="18" offset="0" source="#meshId37-tex0-array" stride="2">
              <param name="S" type="float" />
              <param name="T" type="float" />
            </accessor>
          </technique_common>
        </source>
        <vertices id="meshId37-vertices">
          <input semantic="POSITION" source="#meshId37-positions" />
        </vertices>
        <polylist count="16" material="defaultMaterial">
          <input offset="0" semantic="VERTEX" source="#meshId37-vertices" />
          <input offset="0" semantic="NORMAL" source="#meshId37-normals" />
          <input offset="0" semantic="TANGENT" source="#meshId37-tangents" />
          <input offset="0" semantic="BINORMAL" source="#meshId37-bitangents" />
          <input offset="0" semantic="TEXCOORD" source="#meshId37-tex0" set="0" />
          <vcount>3 3 3 3 3 3 3 3 3 3 3 3 3 3 3 3 </vcount>
          <p>3 0 1 1 2 3 7 4 5 5 6 7 4 8 9 9 5 4 8 10 11 11 9 8 10 12 13 13 11 10 12 14 15 15 13 12 14 16 17 17 15 14 16 3 2 2 17 16 </p>
        </polylist>
      </mesh>
    </geometry>
    <geometry id="meshId38" name="meshId38_name" >
      <mesh>
        <source id="meshId38-positions" name="meshId38-positions">
          <float_array id="meshId38-positions-array" count="162"> 0.378369 0.190265 0.455344 0.602308 0.190265 0.499888 0.613731 0.190265 0.3839 0.385405 0.190265 0.3839 0.613731 0.190265 0.3839 0.602308 0.190265 0.499888 0.604992 0.189598 0.500422 0.616469 0.189598 0.3839 0.375684 0.189598 0.45481 0.378369 0.190265 0.455344 0.385405 0.190265 0.3839 0.382668 0.189598 0.3839 0.355 0.189598 0.522995 0.357529 0.190265 0.524042 0.357529 0.190265 0.524042 0.568475 0.190265 0.611419 0.568475 0.190265 0.611419 0.571004 0.189598 0.612466 0.321412 0.189598 0.585834 0.323687 0.190265 0.587355 0.323687 0.190265 0.587355 0.513534 0.190265 0.714207 0.513534 0.190265 0.714207 0.51581 0.189598 0.715727 0.276209 0.189598 0.640914 0.278145 0.190265 0.642849 0.278145 0.190265 0.642849 0.439596 0.190265 0.8043 0.439596 0.190265 0.8043 0.441531 0.189598 0.806236 0.22113 0.189598 0.686116 0.22265 0.190265 0.688392 0.22265 0.190265 0.688392 0.349502 0.190265 0.878239 0.349502 0.190265 0.878239 0.351022 0.189598 0.880515 0.15829 0.189598 0.719705 0.159338 0.190265 0.722234 0.159338 0.190265 0.722234 0.246714 0.190265 0.93318 0.246714 0.190265 0.93318 0.247762 0.189598 0.935709 0.090105 0.189598 0.740389 0.090639 0.190265 0.743073 0.090639 0.190265 0.743073 0.135183 0.190265 0.967012 0.135183 0.190265 0.967012 0.135717 0.189598 0.969697 0.019195 0.190265 0.75011 0.019195 0.189598 0.747373 0.019195 0.190265 0.978436 0.019195 0.190265 0.75011 0.019195 0.190265 0.978436 0.019195 0.189598 0.981173 </float_array>
          <technique_common>
            <accessor count="54" offset="0" source="#meshId38-positions-array" stride="3">
              <param name="X" type="float" />
              <param name="Y" type="float" />
              <param name="Z" type="float" />
            </accessor>
          </technique_common>
        </source>
        <source id="meshId38-normals" name="meshId38-normals">
          <float_array id="meshId38-normals-array" count="162"> 4.20383e-08 1 -2.12428e-23 4.20383e-08 1 -2.12428e-23 8.40765e-08 1 -4.24857e-23 8.40765e-08 1 -4.24857e-23 0.236572 0.971335 0.0233009 0.232095 0.971597 0.0461667 0.232095 0.971597 0.0461666 0.236572 0.971335 0.0233009 -0.232094 0.971597 -0.0461674 -0.232094 0.971597 -0.0461673 -0.23658 0.971333 -0.0233014 -0.23658 0.971333 -0.0233014 -0.218627 0.971597 -0.0905599 -0.218627 0.971597 -0.0905601 0 1 0 0 1 0 0.218633 0.971596 0.0905599 0.218633 0.971596 0.09056 -0.196762 0.971597 -0.131472 -0.196762 0.971597 -0.131472 0 1 0 0 1 0 0.196761 0.971596 0.131474 0.196761 0.971596 0.131474 -0.167334 0.971596 -0.167332 -0.167334 0.971596 -0.167332 -1.26115e-07 1 6.37285e-23 -1.26115e-07 1 6.37285e-23 0.167333 0.971596 0.167335 0.167333 0.971596 0.167335 -0.131476 0.971596 -0.196762 -0.131476 0.971596 -0.196762 -2.10191e-08 1 1.06214e-23 -2.10192e-08 1 1.06214e-23 0.131476 0.971596 0.196763 0.131476 0.971596 0.196763 -0.0905621 0.971596 -0.218631 -0.0905622 0.971596 -0.218631 4.20383e-08 1 -2.12428e-23 4.20383e-08 1 -2.12428e-23 0.0905616 0.971596 0.21863 0.0905617 0.971596 0.21863 -0.046167 0.971596 -0.232097 -0.046167 0.971596 -0.232097 -6.30574e-08 1 3.18642e-23 -6.30574e-08 1 3.18642e-23 0.0461672 0.971597 0.232096 0.0461672 0.971597 0.232096 -0.0233026 0.971333 -0.23658 -0.0233026 0.971333 -0.23658 0 1 0 0 1 0 0.0233004 0.971333 0.236578 0.0233004 0.971333 0.236578 </float_array>
          <technique_common>
            <accessor count="54" offset="0" source="#meshId38-normals-array" stride="3">
              <param name="X" type="float" />
              <param name="Y" type="float" />
              <param name="Z" type="float" />
            </accessor>
          </technique_common>
        </source>
        <source id="meshId38-tangents" name="meshId38-tangents">
          <float_array id="meshId38-tangents-array" count="162"> 0.19509 -8.20125e-09 -0.980785 0.19509 -8.20126e-09 -0.980785 0.0980169 -8.24092e-09 -0.995185 0.0980165 -8.24089e-09 -0.995185 0.0980171 6.63995e-07 -0.995185 0.19509 1.81752e-07 -0.980785 0.195091 -6.59486e-08 -0.980785 0.0980171 6.6304e-07 -0.995185 0.195092 -6.61451e-07 -0.980785 0.195091 -7.30507e-07 -0.980785 0.0980165 -4.8126e-07 -0.995185 0.0980165 -4.67406e-07 -0.995185 0.382684 -1.60028e-06 -0.923879 0.382685 -1.61701e-06 -0.923879 0.382684 0 -0.923879 0.382683 0 -0.923879 0.382683 -6.14688e-07 -0.92388 0.382684 -8.04064e-07 -0.923879 0.555571 8.42255e-08 -0.831469 0.55557 -2.21942e-07 -0.83147 0.55557 0 -0.831469 0.555571 0 -0.831469 0.555571 1.71636e-06 -0.831469 0.555571 1.77807e-06 -0.831469 0.707107 1.13087e-06 -0.707106 0.707106 1.13888e-06 -0.707108 0.707107 8.91766e-08 -0.707107 0.707107 8.91766e-08 -0.707107 0.707107 1.23636e-06 -0.707107 0.707108 1.40395e-06 -0.707106 0.831469 2.91645e-06 -0.555571 0.831469 2.80915e-06 -0.555571 0.83147 1.74767e-08 -0.55557 0.83147 1.74768e-08 -0.55557 0.831469 -2.12466e-06 -0.555571 0.83147 -2.38049e-06 -0.55557 0.923879 2.0158e-06 -0.382684 0.92388 2.32976e-06 -0.382683 0.92388 -3.88383e-08 -0.382684 0.92388 -3.88383e-08 -0.382683 0.923879 -1.73273e-06 -0.382684 0.92388 -2.04948e-06 -0.382683 0.980785 -2.24601e-08 -0.19509 0.980785 -5.45344e-08 -0.19509 0.980785 6.18457e-08 -0.19509 0.980785 6.18457e-08 -0.19509 0.980785 -3.63889e-07 -0.195091 0.980785 -3.60181e-07 -0.19509 0.995185 1.43654e-06 -0.0980175 0.995185 1.43935e-06 -0.0980175 0.995185 0 -0.0980175 0.995185 0 -0.0980173 0.995185 6.40474e-07 -0.0980173 0.995185 6.39768e-07 -0.0980173 </float_array>
          <technique_common>
            <accessor count="54" offset="0" source="#meshId38-tangents-array" stride="3">
              <param name="X" type="float" />
              <param name="Y" type="float" />
              <param name="Z" type="float" />
            </accessor>
          </technique_common>
        </source>
        <source id="meshId38-bitangents" name="meshId38-bitangents">
          <float_array id="meshId38-bitangents-array" count="162"> -0.980785 4.12305e-08 -0.19509 -0.980785 4.12305e-08 -0.19509 -0.995185 8.36717e-08 -0.0980169 -0.995185 8.36717e-08 -0.0980165 -0.966657 0.237716 -0.0952072 -0.952928 0.236642 -0.189549 -0.952928 0.236642 -0.18955 -0.966657 0.237716 -0.0952072 -0.952928 -0.236641 -0.18955 -0.952928 -0.236641 -0.18955 -0.966656 -0.237724 -0.0952065 -0.966656 -0.237724 -0.0952065 -0.897639 -0.236641 -0.371814 -0.897639 -0.236641 -0.371815 -0.923879 0 -0.382684 -0.923879 0 -0.382683 -0.897638 0.236646 -0.371813 -0.897637 0.236646 -0.371814 -0.807853 -0.236644 -0.539791 -0.807853 -0.236644 -0.53979 -0.831469 0 -0.55557 -0.831469 0 -0.555571 -0.807853 0.236644 -0.53979 -0.807853 0.236644 -0.53979 -0.687022 -0.236645 -0.687023 -0.687023 -0.236645 -0.687022 -0.707107 -8.91766e-08 -0.707107 -0.707107 -8.91766e-08 -0.707107 -0.687022 0.236646 -0.687022 -0.687022 0.236646 -0.687023 -0.53979 -0.236646 -0.807852 -0.53979 -0.236646 -0.807853 -0.55557 -1.16776e-08 -0.83147 -0.55557 -1.16776e-08 -0.83147 -0.53979 0.236647 -0.807852 -0.539789 0.236647 -0.807853 -0.371814 -0.236645 -0.897638 -0.371813 -0.236645 -0.897638 -0.382684 1.60874e-08 -0.92388 -0.382683 1.60874e-08 -0.92388 -0.371814 0.236645 -0.897638 -0.371813 0.236645 -0.897638 -0.189549 -0.236644 -0.952927 -0.189549 -0.236644 -0.952927 -0.19509 -1.23019e-08 -0.980785 -0.19509 -1.23019e-08 -0.980785 -0.189549 0.236643 -0.952928 -0.189549 0.236643 -0.952928 -0.0952073 -0.237725 -0.966655 -0.0952073 -0.237725 -0.966655 -0.0980175 0 -0.995185 -0.0980173 0 -0.995185 -0.0952076 0.237723 -0.966656 -0.0952076 0.237723 -0.966656 </float_array>
          <technique_common>
            <accessor count="54" offset="0" source="#meshId38-bitangents-array" stride="3">
              <param name="X" type="float" />
              <param name="Y" type="float" />
              <param name="Z" type="float" />
            </accessor>
          </technique_common>
        </source>
        <source id="meshId38-tex0" name="meshId38-tex0">
          <float_array id="meshId38-tex0-array" count="108"> -0.321875 0.952705 -0.252296 0.347295 0.0373554 0.347295 -0.11878 0.952705 0.0373554 0.347295 -0.252296 0.347295 -0.252325 0.339825 0.038033 0.339825 -0.321922 0.960175 -0.321875 0.952705 -0.11878 0.952705 -0.119559 0.960175 -0.542068 0.960175 -0.542049 0.952705 -0.542049 0.952705 -0.511849 0.347295 -0.511849 0.347295 -0.511861 0.339825 -0.769652 0.960175 -0.769645 0.952705 -0.769645 0.952705 -0.758364 0.347295 -0.758364 0.347295 -0.758367 0.339825 -0.999998 0.960175 -0.999998 0.952705 -0.999998 0.952705 -1 0.347295 -1 0.347295 -1 0.339825 -1.23035 0.960175 -1.23036 0.952705 -1.23036 0.952705 -1.24164 0.347295 -1.24164 0.347295 -1.24163 0.339825 -1.45793 0.960175 -1.45795 0.952705 -1.45795 0.952705 -1.48815 0.347295 -1.48815 0.347295 -1.48814 0.339825 -1.67808 0.960175 -1.67813 0.952705 -1.67813 0.952705 -1.7477 0.347295 -1.7477 0.347295 -1.74768 0.339825 -1.88122 0.952705 -1.88044 0.960175 -2.03735 0.347295 -1.88122 0.952705 -2.03735 0.347295 -2.03803 0.339825 </float_array>
          <technique_common>
            <accessor count="54" offset="0" source="#meshId38-tex0-array" stride="2">
              <param name="S" type="float" />
              <param name="T" type="float" />
            </accessor>
          </technique_common>
        </source>
        <vertices id="meshId38-vertices">
          <input semantic="POSITION" source="#meshId38-positions" />
        </vertices>
        <polylist count="48" material="defaultMaterial">
          <input offset="0" semantic="VERTEX" source="#meshId38-vertices" />
          <input offset="0" semantic="NORMAL" source="#meshId38-normals" />
          <input offset="0" semantic="TANGENT" source="#meshId38-tangents" />
          <input offset="0" semantic="BINORMAL" source="#meshId38-bitangents" />
          <input offset="0" semantic="TEXCOORD" source="#meshId38-tex0" set="0" />
          <vcount>3 3 3 3 3 3 3 3 3 3 3 3 3 3 3 3 3 3 3 3 3 3 3 3 3 3 3 3 3 3 3 3 3 3 3 3 3 3 3 3 3 3 3 3 3 3 3 3 </vcount>
          <p>3 0 1 1 2 3 7 4 5 5 6 7 11 8 9 9 10 11 8 12 13 13 9 8 0 14 15 15 1 0 17 6 5 5 16 17 12 18 19 19 13 12 14 20 21 21 15 14 23 17 16 16 22 23 18 24 25 25 19 18 20 26 27 27 21 20 29 23 22 22 28 29 24 30 31 31 25 24 26 32 33 33 27 26 35 29 28 28 34 35 30 36 37 37 31 30 32 38 39 39 33 32 41 35 34 34 40 41 36 42 43 43 37 36 38 44 45 45 39 38 47 41 40 40 46 47 49 48 43 43 42 49 51 50 45 45 44 51 53 47 46 46 52 53 </p>
        </polylist>
      </mesh>
    </geometry>
    <geometry id="meshId39" name="meshId39_name" >
      <mesh>
        <source id="meshId39-positions" name="meshId39-positions">
          <float_array id="meshId39-positions-array" count="276"> 0.019195 0.187131 -0.99985 0.019195 0.185487 -0.999136 -0.172755 0.185487 -0.999136 -0.172755 0.187131 -0.99985 0.019195 0.189395 -0.999493 0.019195 0.188577 -0.99985 -0.172755 0.188577 -0.99985 -0.172755 0.189395 -0.999493 0.019195 0.190212 -0.980816 0.019195 0.190212 -0.998245 -0.172755 0.190212 -0.998245 -0.172755 0.190212 -0.980816 0.019195 0.18999 -0.998991 -0.172755 0.18999 -0.998991 0.019195 0.18999 -0.998991 -0.172755 0.18999 -0.998991 0.019195 0.189956 -0.980198 -0.172755 0.189956 -0.980198 -0.172755 0.189338 -0.979942 0.019195 0.189338 -0.979942 0.019195 0.189956 -0.980198 -0.172755 0.189956 -0.980198 0.019195 -0.0523446 -0.807991 0.019195 -0.0545076 -0.806828 -0.172755 -0.0545076 -0.806828 -0.172755 -0.0523446 -0.807991 -0.172755 -0.0486709 -0.806828 0.019195 -0.0486709 -0.806828 0.019195 -0.0508233 -0.807991 -0.172755 -0.0508233 -0.807991 0.019195 -0.022621 -0.807842 0.019195 -0.0242658 -0.807127 -0.172755 -0.0242658 -0.807127 -0.172755 -0.022621 -0.807842 -0.172755 -0.0195401 -0.807128 0.019195 -0.0195401 -0.807128 0.019195 -0.0211752 -0.807841 -0.172755 -0.0211753 -0.807841 0.019195 0.0525262 -0.807991 0.019195 0.0503632 -0.806828 -0.172755 0.0503632 -0.806828 -0.172755 0.0525262 -0.807991 -0.172755 0.0561999 -0.806828 0.019195 0.0561999 -0.806828 0.019195 0.0540475 -0.807991 -0.172755 0.0540475 -0.807991 0.019195 0.0822498 -0.807842 0.019195 0.080605 -0.807127 -0.172755 0.080605 -0.807127 -0.172755 0.0822498 -0.807842 -0.172755 0.0853307 -0.807128 0.019195 0.0853307 -0.807128 0.019195 0.0836956 -0.807841 -0.172755 0.0836955 -0.807841 -0.172755 0.158929 -1 -0.172755 0.161081 -0.998837 0.019195 0.161081 -0.998837 0.019195 0.158929 -1 -0.172755 0.157408 -1 0.019195 0.157408 -1 -0.172755 0.155245 -0.998139 0.019195 0.155245 -0.998139 -0.172755 0.187789 -0.709008 -0.172755 0.186696 -0.709346 0.019195 0.186696 -0.709346 0.019195 0.187789 -0.709008 -0.172755 0.189182 -0.709009 0.019195 0.189182 -0.709009 -0.172755 0.189723 -0.709176 0.019195 0.189723 -0.709176 -0.172755 0.190146 -0.709749 -0.172755 0.189723 -0.709176 0.019195 0.189723 -0.709176 0.019195 0.190146 -0.709749 0.019195 0.190265 -0.710111 -0.172755 0.190265 -0.710111 -0.172755 0.190265 -0.74773 0.019195 0.190265 -0.74773 -0.172755 0.190009 -0.748348 0.019195 0.190009 -0.748348 0.019195 0.18939 -0.748604 -0.172755 0.18939 -0.748604 -0.172755 0.190009 -0.748348 0.019195 0.190009 -0.748348 -0.172755 0.158077 -0.708882 -0.172755 0.156441 -0.710214 0.019195 0.156441 -0.710214 0.019195 0.158076 -0.708882 -0.172755 0.159522 -0.708883 0.019195 0.159522 -0.708883 0.019195 0.161157 -0.709596 -0.172755 0.161157 -0.709596 </float_array>
          <technique_common>
            <accessor count="92" offset="0" source="#meshId39-positions-array" stride="3">
              <param name="X" type="float" />
              <param name="Y" type="float" />
              <param name="Z" type="float" />
            </accessor>
          </technique_common>
        </source>
        <source id="meshId39-normals" name="meshId39-normals">
          <float_array id="meshId39-normals-array" count="276"> -2.25426e-11 -0.225213 -0.97431 4.63434e-16 -0.39864 -0.917107 4.63434e-16 -0.39864 -0.917107 -2.25427e-11 -0.225213 -0.97431 4.31762e-16 0.519567 -0.85443 -3.12057e-11 0.155897 -0.987773 -3.12058e-11 0.155896 -0.987773 4.31762e-16 0.519567 -0.85443 1.89059e-07 0.999899 0.0141921 1.79004e-07 0.999925 -0.012246 1.79004e-07 0.999925 -0.012246 1.89059e-07 0.999899 0.0141921 3.86098e-16 0.64514 -0.764064 3.86098e-16 0.64514 -0.764064 1.44449e-16 0.958273 -0.285855 1.44449e-16 0.958273 -0.285855 2.37075e-07 0.923876 0.382692 2.37075e-07 0.923876 0.382692 -5.46976e-08 0.382719 0.923865 -5.46976e-08 0.382719 0.923865 -5.46976e-08 0.382719 0.923865 -5.46976e-08 0.382719 0.923865 4.81868e-16 -0.301118 -0.953587 4.45031e-16 -0.473697 -0.880688 4.45031e-16 -0.473697 -0.880688 4.81868e-16 -0.301118 -0.953587 4.44541e-16 0.475494 -0.879719 4.44541e-16 0.475494 -0.879719 4.81743e-16 0.301903 -0.953339 4.81743e-16 0.301903 -0.953339 8.55285e-09 -0.225216 -0.974309 1.48877e-08 -0.398643 -0.917106 1.48877e-08 -0.398643 -0.917106 8.55284e-09 -0.225216 -0.974309 4.63176e-16 0.399813 -0.916597 4.63176e-16 0.399813 -0.916597 1.35666e-10 0.225714 -0.974194 1.35666e-10 0.225713 -0.974194 3.7904e-08 -0.301117 -0.953587 5.96279e-08 -0.473696 -0.880689 5.96279e-08 -0.473696 -0.880689 3.7904e-08 -0.301117 -0.953587 5.98544e-08 0.475495 -0.879718 5.98544e-08 0.475495 -0.879718 3.8003e-08 0.301904 -0.953338 3.8003e-08 0.301904 -0.953338 5.12972e-09 -0.225216 -0.974309 8.9132e-09 -0.398645 -0.917105 8.9132e-09 -0.398645 -0.917105 5.12971e-09 -0.225216 -0.974309 -4.10452e-08 0.399812 -0.916597 -4.10452e-08 0.399812 -0.916597 -2.30631e-08 0.225713 -0.974194 -2.30631e-08 0.225712 -0.974194 4.81743e-16 0.301903 -0.953339 4.44542e-16 0.475491 -0.879721 4.44542e-16 0.475491 -0.879721 4.81743e-16 0.301903 -0.953339 4.51032e-16 -0.450919 -0.892565 4.51032e-16 -0.450919 -0.892565 3.8303e-16 -0.652264 -0.757992 3.8303e-16 -0.652264 -0.757992 5.70215e-11 -0.134259 0.990946 -4.82803e-16 -0.295191 0.955438 -4.82803e-16 -0.295191 0.955438 5.70219e-11 -0.134258 0.990946 -1.34621e-09 0.0865736 0.996246 -1.34621e-09 0.0865736 0.996246 -4.86432e-09 0.295372 0.955382 -4.86432e-09 0.295372 0.955382 -2.53265e-16 0.865334 0.501195 -2.99922e-16 0.804815 0.593526 -2.99922e-16 0.804815 0.593526 -2.53263e-16 0.865336 0.501192 -6.77123e-08 0.999995 0.00313632 -6.77123e-08 0.999995 0.00313647 -6.91724e-08 0.999978 -0.00669813 -6.91724e-08 0.999978 -0.00669813 -1.09399e-07 0.923891 -0.382655 -1.09399e-07 0.923891 -0.382655 5.46974e-08 0.382675 -0.923883 5.46974e-08 0.382675 -0.923883 5.46974e-08 0.382675 -0.923883 5.46974e-08 0.382675 -0.923883 -1.30847e-07 -0.396576 0.918002 -2.08297e-07 -0.631378 0.775475 -2.08297e-07 -0.631378 0.775475 -1.30847e-07 -0.396577 0.918002 4.52216e-11 0.225717 0.974193 4.52216e-11 0.225717 0.974193 -4.63176e-16 0.399813 0.916597 -4.63176e-16 0.399813 0.916597 </float_array>
          <technique_common>
            <accessor count="92" offset="0" source="#meshId39-normals-array" stride="3">
              <param name="X" type="float" />
              <param name="Y" type="float" />
              <param name="Z" type="float" />
            </accessor>
          </technique_common>
        </source>
        <source id="meshId39-tangents" name="meshId39-tangents">
          <float_array id="meshId39-tangents-array" count="276"> -1 -7.40319e-08 1.71357e-08 -1 -1.29812e-07 5.64255e-08 -1 -1.84743e-16 -4.25019e-16 -1 -7.41188e-08 1.71558e-08 -1 5.68189e-08 3.45508e-08 -1 7.55223e-08 1.1951e-08 -1 -7.539e-08 -1.18669e-08 -1 5.68404e-08 3.45638e-08 -1 1.91254e-07 -1.5333e-07 -1 1.79014e-07 -2.909e-10 -1 1.79003e-07 -1.23913e-09 -1 1.89071e-07 4.79884e-10 -1 2.49087e-16 -2.95004e-16 -1 9.04065e-08 7.6335e-08 -1 1.26541e-08 4.24204e-08 -1 1.38421e-16 -4.12913e-17 -1 3.28816e-07 -1.74319e-07 -1 2.41961e-07 3.53639e-08 -1 -1.31006e-07 -4.93504e-09 -1 8.83591e-08 -9.58088e-08 -1 8.88495e-08 -9.60119e-08 -1 -1.30515e-07 -5.1382e-09 1 1.8634e-07 -5.88412e-08 1 1.18586e-07 -6.37842e-08 1 -1.04985e-07 5.64685e-08 1 1.57632e-08 -4.97759e-09 1 1.04917e-07 5.67081e-08 1 2.08783e-07 1.12849e-07 1 2.33215e-07 7.38544e-08 1 1.27084e-07 4.02448e-08 -1 1.92281e-07 -5.32249e-08 -1 1.02092e-07 -6.06102e-08 -1 -1.15264e-07 3.3869e-08 -1 -1.78912e-09 -8.36481e-09 -1 1.09132e-07 4.76029e-08 -1 2.69907e-07 1.17732e-07 -1 2.76617e-07 6.39509e-08 -1 1.1447e-07 2.63827e-08 1 1.38107e-07 -3.8617e-09 1 1.92953e-07 -3.60779e-08 1 1.33232e-07 -3.95554e-09 1 1.57031e-07 -9.83731e-09 1 -2.84605e-08 5.2655e-08 1 3.08917e-08 8.47353e-08 1 5.894e-08 5.85283e-08 1 7.79936e-08 6.45622e-08 -1 -1.47491e-07 2.88283e-08 -1 -2.4037e-08 7.2951e-10 -1 1.05773e-07 -5.56959e-08 -1 3.84058e-08 -1.41427e-08 -1 9.2619e-08 8.51796e-08 -1 -2.54093e-07 -6.60531e-08 -1 -2.66247e-07 -3.80131e-08 -1 3.30565e-08 3.13329e-08 -1 -1.91482e-08 -6.06385e-09 -1 -2.24781e-07 -1.21495e-07 -1 -1.94454e-07 -1.05103e-07 -1 -2.21848e-07 -7.02547e-08 -1 2.49419e-07 -1.26005e-07 -1 -5.12798e-09 2.59063e-09 -1 2.71085e-07 -2.33273e-07 -1 1.8158e-07 -1.56252e-07 -1 1.80433e-08 2.50215e-09 -1 2.77322e-08 8.56813e-09 -1 1.42519e-16 -4.61289e-16 -1 1.77675e-08 2.46476e-09 -1 -1.16547e-10 -1.34116e-09 -1 1.76921e-08 -2.88873e-09 -1 -1.43678e-09 -4.64728e-09 -1 -1.43678e-09 -4.64728e-09 -1 -5.89468e-08 1.01774e-07 -1 -7.05914e-08 9.57211e-08 -1 -2.41381e-16 -1.78011e-16 -1 -1.06926e-10 1.84614e-10 -1 -6.7712e-08 -2.12367e-10 -1 -6.78897e-08 5.64454e-08 -1 -6.87983e-08 5.60806e-08 -1 -6.91708e-08 4.63325e-10 -1 -3.27283e-08 2.06874e-07 -1 -1.00919e-07 4.22335e-08 -1 -8.94513e-08 -9.62548e-08 -1 2.62725e-07 4.96177e-08 -1 2.63512e-07 4.99439e-08 -1 -8.86601e-08 -9.59271e-08 -1 2.14159e-07 -5.00183e-08 -1 4.09664e-07 6.49359e-08 -1 1.32437e-07 -1.60778e-07 -1 2.62158e-07 -2.92828e-08 -1 -7.9933e-08 1.85666e-08 -1 2.19583e-07 -5.083e-08 -1 -1.85184e-16 -4.24546e-16 -1 -8.75301e-08 3.818e-08 </float_array>
          <technique_common>
            <accessor count="92" offset="0" source="#meshId39-tangents-array" stride="3">
              <param name="X" type="float" />
              <param name="Y" type="float" />
              <param name="Z" type="float" />
            </accessor>
          </technique_common>
        </source>
        <source id="meshId39-bitangents" name="meshId39-bitangents">
          <float_array id="meshId39-bitangents-array" count="276"> -7.59892e-08 0.974309 -0.225213 -1.41545e-07 0.917107 -0.39864 -1.32349e-23 0.917107 -0.39864 -7.60784e-08 0.97431 -0.225213 6.64992e-08 0.85443 0.519567 7.64621e-08 0.987773 0.155897 -7.63183e-08 0.987773 0.155896 6.65244e-08 0.85443 0.519567 -1.56029e-07 -0.0141921 0.999899 1.90132e-09 0.012246 0.999925 9.53023e-10 0.012246 0.999925 -2.20347e-09 -0.0141921 0.999899 -1.32349e-23 0.764064 0.64514 1.18323e-07 0.764064 0.64514 4.42675e-08 0.285855 0.958273 0 0.285855 0.958273 -2.86884e-07 -0.382692 0.923876 -5.99246e-08 -0.382692 0.923876 1.19143e-07 -0.923865 0.382719 -1.183e-07 -0.923865 0.382719 -1.18831e-07 -0.923865 0.382719 1.18612e-07 -0.923865 0.382719 1.95409e-07 -0.953587 0.301118 1.34652e-07 -0.880688 0.473697 -1.19208e-07 -0.880688 0.473697 1.65304e-08 -0.953587 0.301118 1.19261e-07 -0.879719 -0.475494 2.37329e-07 -0.879719 -0.475494 2.4463e-07 -0.953339 -0.301903 1.33304e-07 -0.953339 -0.301903 1.99328e-07 0.974309 -0.225216 1.17791e-07 0.917106 -0.398643 -1.19211e-07 0.917106 -0.398643 1.40728e-10 0.974309 -0.225216 1.19063e-07 0.916597 0.399813 2.94467e-07 0.916597 0.399813 2.83913e-07 0.974194 0.225714 1.17471e-07 0.974194 0.225713 1.3286e-07 -0.953587 0.301117 1.87022e-07 -0.880689 0.473696 1.1921e-07 -0.880689 0.473696 1.52705e-07 -0.953587 0.301117 -1.77636e-15 -0.879718 -0.475495 6.74673e-08 -0.879718 -0.475495 7.38597e-08 -0.953338 -0.301904 9.38459e-08 -0.953338 -0.301904 -1.50194e-07 0.974309 -0.225216 -2.23353e-08 0.917105 -0.398645 1.19207e-07 0.917105 -0.398645 4.06043e-08 0.974309 -0.225216 1.1895e-07 0.916597 0.399812 -2.5931e-07 0.916597 0.399812 -2.67956e-07 0.974194 0.225713 3.92757e-08 0.974194 0.225712 -2.00854e-08 0.953339 0.301903 -2.55514e-07 0.879721 0.475491 -2.21041e-07 0.879721 0.475491 -2.32706e-07 0.953339 0.301903 2.79441e-07 0.892565 -0.450919 -5.74522e-09 0.892565 -0.450919 3.57636e-07 0.757992 -0.652264 2.39554e-07 0.757992 -0.652264 -1.82159e-08 -0.990946 -0.134259 -2.90257e-08 -0.955438 -0.295191 0 -0.955438 -0.295191 -1.79375e-08 -0.990946 -0.134258 1.38778e-17 -0.996246 0.0865736 -1.78758e-08 -0.996246 0.0865736 0 -0.955382 0.295372 1.11022e-16 -0.955382 0.295372 1.17612e-07 -0.501195 0.865334 1.18936e-07 -0.593526 0.804815 0 -0.593526 0.804815 2.13344e-10 -0.501192 0.865336 1.38778e-17 -0.00313632 0.999995 5.66581e-08 -0.00313647 0.999995 5.56186e-08 0.00669813 0.999978 2.77556e-17 0.00669813 0.999978 1.78605e-07 0.382655 0.923891 4.02267e-10 0.382655 0.923891 -1.19477e-07 0.923883 0.382675 2.61715e-07 0.923883 0.382675 2.62567e-07 0.923883 0.382675 -1.1862e-07 0.923883 0.382675 -1.76762e-07 -0.918002 -0.396576 -3.58683e-07 -0.775475 -0.631378 -1.18991e-09 -0.775475 -0.631378 -2.29049e-07 -0.918002 -0.396577 8.2061e-08 -0.974193 0.225717 -2.25389e-07 -0.974193 0.225717 0 -0.916597 0.399813 9.54947e-08 -0.916597 0.399813 </float_array>
          <technique_common>
            <accessor count="92" offset="0" source="#meshId39-bitangents-array" stride="3">
              <param name="X" type="float" />
              <param name="Y" type="float" />
              <param name="Z" type="float" />
            </accessor>
          </technique_common>
        </source>
        <source id="meshId39-tex0" name="meshId39-tex0">
          <float_array id="meshId39-tex0-array" count="184"> 0.999999 -0.826308 0.999999 -0.83098 1.5 -0.83098 1.5 -0.826308 0.999999 -0.820219 0.999999 -0.822542 1.5 -0.822542 1.5 -0.820219 0.999999 -0.770763 0.999999 -0.816162 1.5 -0.816162 1.5 -0.770763 0.999999 -0.81819 1.5 -0.81819 0.999999 -0.81819 1.5 -0.81819 0.999999 -0.76902 1.5 -0.76902 1.5 -0.767277 0.999999 -0.767277 0.999999 -0.76902 1.5 -0.76902 2 -0.972214 2 -0.965817 1.5 -0.965816 1.5 -0.972214 1.5 -0.98255 2 -0.98255 2 -0.976177 1.5 -0.976177 1 -0.901871 1 -0.906542 1.5 -0.906542 1.5 -0.901871 1.5 -0.893458 1 -0.893458 1 -0.898104 1.5 -0.898105 2 -0.972214 2 -0.965816 1.5 -0.965816 1.5 -0.972214 1.5 -0.98255 2 -0.98255 2 -0.976177 1.5 -0.976177 1 -0.901871 1 -0.906542 1.5 -0.906542 1.5 -0.901871 1.5 -0.893458 1 -0.893458 1 -0.898105 1.5 -0.898105 1.5 -0.852027 1.5 -0.845654 0.999998 -0.845654 0.999998 -0.852028 1.5 -0.85599 0.999998 -0.85599 1.5 -0.863423 0.999998 -0.863423 1.5 -0.642678 1.5 -0.6397 1 -0.6397 1 -0.642677 1.5 -0.646307 1 -0.646307 1.5 -0.647783 1 -0.647783 1.5 -0.649637 1.5 -0.647783 1 -0.647783 1 -0.649637 1 -0.65063 1.5 -0.65063 1.5 -0.748619 1 -0.748619 1.5 -0.750363 1 -0.750363 1 -0.752107 1.5 -0.752107 1.5 -0.750363 1 -0.750363 1.5 -0.598541 1.5 -0.593047 1 -0.593047 1 -0.598541 1.5 -0.602307 1 -0.602306 1 -0.606953 1.5 -0.606953 </float_array>
          <technique_common>
            <accessor count="92" offset="0" source="#meshId39-tex0-array" stride="2">
              <param name="S" type="float" />
              <param name="T" type="float" />
            </accessor>
          </technique_common>
        </source>
        <vertices id="meshId39-vertices">
          <input semantic="POSITION" source="#meshId39-positions" />
        </vertices>
        <polylist count="68" material="defaultMaterial">
          <input offset="0" semantic="VERTEX" source="#meshId39-vertices" />
          <input offset="0" semantic="NORMAL" source="#meshId39-normals" />
          <input offset="0" semantic="TANGENT" source="#meshId39-tangents" />
          <input offset="0" semantic="BINORMAL" source="#meshId39-bitangents" />
          <input offset="0" semantic="TEXCOORD" source="#meshId39-tex0" set="0" />
          <vcount>3 3 3 3 3 3 3 3 3 3 3 3 3 3 3 3 3 3 3 3 3 3 3 3 3 3 3 3 3 3 3 3 3 3 3 3 3 3 3 3 3 3 3 3 3 3 3 3 3 3 3 3 3 3 3 3 3 3 3 3 3 3 3 3 3 3 3 3 </vcount>
          <p>3 0 1 1 2 3 7 4 5 5 6 7 6 5 0 0 3 6 11 8 9 9 10 11 13 12 4 4 7 13 10 9 14 14 15 10 17 16 8 8 11 17 21 18 19 19 20 21 25 22 23 23 24 25 29 26 27 27 28 29 29 28 22 22 25 29 33 30 31 31 32 33 37 34 35 35 36 37 37 36 30 30 33 37 41 38 39 39 40 41 45 42 43 43 44 45 45 44 38 38 41 45 49 46 47 47 48 49 53 50 51 51 52 53 53 52 46 46 49 53 57 54 55 55 56 57 59 58 54 54 57 59 61 60 58 58 59 61 65 62 63 63 64 65 67 66 62 62 65 67 69 68 66 66 67 69 73 70 71 71 72 73 73 74 75 75 70 73 77 76 75 75 74 77 79 78 76 76 77 79 83 80 81 81 82 83 87 84 85 85 86 87 89 88 84 84 87 89 89 90 91 91 88 89 </p>
        </polylist>
      </mesh>
    </geometry>
    <geometry id="meshId40" name="meshId40_name" >
      <mesh>
        <source id="meshId40-positions" name="meshId40-positions">
          <float_array id="meshId40-positions-array" count="228"> -0.172755 -0.0195401 -0.806828 0.019195 -0.0195401 -0.806828 0.019195 -0.054497 -0.806828 -0.172755 -0.054497 -0.806828 -0.172755 0.0853307 -0.806828 0.019195 0.0853307 -0.806828 0.019195 0.0503738 -0.806828 -0.172755 0.0503738 -0.806828 -0.172755 0.148872 -0.998139 -0.172755 0.155245 -0.998139 0.019195 0.155245 -0.998139 0.019195 0.148872 -0.998139 -0.172755 0.147949 -0.997756 0.019195 0.147949 -0.997756 -0.172755 0.147567 -0.996834 -0.172755 0.147949 -0.997756 0.019195 0.147949 -0.997756 0.019195 0.147567 -0.996834 -0.172755 0.147567 -0.810028 0.019195 0.147567 -0.810028 -0.172755 0.146442 -0.807313 0.019195 0.146442 -0.807313 0.019195 0.158009 -0.99886 -0.172755 0.158009 -0.99886 -0.172755 0.187106 -0.99911 0.019195 0.187106 -0.99911 0.019195 -0.18959 -0.643291 -0.172755 -0.18959 -0.643291 -0.172755 -0.190265 -0.644919 0.019195 -0.190265 -0.644919 0.019195 -0.187962 -0.642616 -0.172755 -0.187962 -0.642616 -0.172755 -0.18959 -0.643291 0.019195 -0.18959 -0.643291 -0.172755 0.0963005 -0.642616 0.019195 0.0963005 -0.642616 0.019195 0.097419 -0.643079 -0.172755 0.097419 -0.643079 0.019195 0.0978823 -0.644198 -0.172755 0.0978823 -0.644198 -0.172755 0.097419 -0.643079 0.019195 0.097419 -0.643079 0.019195 0.0978823 -0.655531 -0.172755 0.0978823 -0.655531 -0.172755 0.0978823 -0.752054 -0.172755 0.0978823 -0.746703 0.019195 0.0978823 -0.746703 0.019195 0.0978823 -0.752054 0.019195 0.0983456 -0.753172 -0.172755 0.0983456 -0.753172 0.019195 0.0994642 -0.753636 -0.172755 0.0994642 -0.753636 -0.172755 0.0983456 -0.753172 0.019195 0.0983456 -0.753172 -0.172755 0.144977 -0.753636 0.019195 0.144977 -0.753636 -0.172755 0.146095 -0.753172 0.019195 0.146095 -0.753172 0.019195 0.146558 -0.752054 -0.172755 0.146558 -0.752054 -0.172755 0.146095 -0.753172 0.019195 0.146095 -0.753172 -0.172755 0.146558 -0.711796 0.019195 0.146558 -0.711796 0.019195 0.147022 -0.710677 -0.172755 0.147022 -0.710677 0.019195 0.14814 -0.710214 -0.172755 0.14814 -0.710214 -0.172755 0.147022 -0.710677 0.019195 0.147022 -0.710677 -0.172755 0.156441 -0.710214 0.019195 0.156441 -0.710214 0.019195 0.188081 -0.709896 -0.172755 0.188081 -0.709896 -0.172755 0.160024 -0.709896 0.019195 0.160024 -0.709896 </float_array>
          <technique_common>
            <accessor count="76" offset="0" source="#meshId40-positions-array" stride="3">
              <param name="X" type="float" />
              <param name="Y" type="float" />
              <param name="Z" type="float" />
            </accessor>
          </technique_common>
        </source>
        <source id="meshId40-normals" name="meshId40-normals">
          <float_array id="meshId40-normals-array" count="228"> 2.98024e-10 0 -1 2.98024e-10 0 -1 2.98024e-10 0 -1 2.98024e-10 0 -1 2.98024e-10 0 -1 2.98024e-10 0 -1 2.98024e-10 0 -1 2.98024e-10 0 -1 6.03079e-09 -0.0523219 -0.99863 5.05322e-16 0 -1 5.05322e-16 0 -1 6.03079e-09 -0.0523219 -0.99863 4.41077e-08 -0.382669 -0.923885 4.41077e-08 -0.382669 -0.923886 -2.14525e-09 -0.999998 -0.00203619 1.93372e-16 -0.923885 -0.382671 1.93372e-16 -0.923885 -0.382671 -2.14525e-09 -0.999998 -0.00203619 -2.12494e-09 -0.999982 -0.00593222 -2.12494e-09 -0.999982 -0.00593222 1.93377e-16 -0.923881 -0.382681 1.93377e-16 -0.923881 -0.382681 -3.7747e-08 -0.0085848 -0.999963 -3.7747e-08 -0.0085848 -0.999963 -3.7747e-08 -0.0085848 -0.999963 -3.7747e-08 -0.0085848 -0.999963 1.46035e-08 -0.923879 0.382686 1.46035e-08 -0.923879 0.382686 1.46035e-08 -0.923879 0.382686 1.46035e-08 -0.923879 0.382686 3.79296e-08 -0.00235963 0.999997 3.79296e-08 -0.00235963 0.999997 -4.66857e-16 -0.382682 0.92388 -4.66857e-16 -0.382682 0.92388 3.79974e-08 0.00162337 0.999999 3.79974e-08 0.00162339 0.999999 -4.66857e-16 0.38268 0.923881 -4.66857e-16 0.38268 0.923881 -1.87894e-17 0.999308 0.037183 -1.87894e-17 0.999308 0.037183 -1.93375e-16 0.923882 0.382677 -1.93375e-16 0.923882 0.382677 0 1 0 0 1 0 -3.60958e-17 0.997446 0.0714314 0 1 0 0 1 0 -3.60962e-17 0.997446 0.0714321 -1.93377e-16 0.923881 0.382681 -1.93377e-16 0.923881 0.382681 -5.05297e-16 0.00993526 0.999951 -5.05297e-16 0.00993526 0.999951 -4.66856e-16 0.382683 0.92388 -4.66856e-16 0.382683 0.92388 -5.05297e-16 -0.00993497 0.999951 -5.05297e-16 -0.00993496 0.999951 -4.66857e-16 -0.38268 0.923881 -4.66857e-16 -0.38268 0.923881 -1.97262e-07 -0.999937 0.0111968 -1.97262e-07 -0.999937 0.011197 -1.93376e-16 -0.923881 0.38268 -1.93376e-16 -0.923881 0.38268 -1.97262e-07 -0.999937 0.0111963 -1.97262e-07 -0.999937 0.0111964 -1.93368e-16 -0.923888 0.382664 -1.93368e-16 -0.923888 0.382664 -5.04711e-16 -0.0491267 0.998793 -5.04711e-16 -0.0491266 0.998793 -4.66857e-16 -0.38268 0.923881 -4.66857e-16 -0.38268 0.923881 -5.05322e-16 1.12913e-06 1 -5.05322e-16 1.12913e-06 1 1.90736e-08 0 1 1.90736e-08 0 1 1.90736e-08 0 1 1.90736e-08 0 1 </float_array>
          <technique_common>
            <accessor count="76" offset="0" source="#meshId40-normals-array" stride="3">
              <param name="X" type="float" />
              <param name="Y" type="float" />
              <param name="Z" type="float" />
            </accessor>
          </technique_common>
        </source>
        <source id="meshId40-tangents" name="meshId40-tangents">
          <float_array id="meshId40-tangents-array" count="228"> -1 0 -2.98024e-10 -1 -4.24559e-07 -2.98024e-10 -1 -4.79555e-07 -2.98024e-10 -1 -5.4996e-08 -2.98024e-10 -1 0 -2.98024e-10 -1 -4.12767e-07 -2.98024e-10 -1 -4.66235e-07 -2.98024e-10 -1 -5.34685e-08 -2.98024e-10 -1 -3.15542e-10 -6.02253e-09 -1 1.00754e-08 -5.05322e-16 -1 4.76837e-07 -5.05322e-16 -1 2.32433e-07 -1.82171e-08 -1 -1.68787e-08 -4.07505e-08 -1 -1.68787e-08 -4.07505e-08 -1 1.89832e-09 1.21275e-07 -1 -1.78653e-16 -7.39977e-17 -1 -1.78653e-16 -7.39977e-17 -1 2.14525e-09 4.36815e-12 -1 6.98758e-10 2.40415e-07 -1 1.20084e-10 3.37961e-07 -1 -1.78657e-16 -7.40018e-17 -1 -1.807e-07 4.36251e-07 -1 -4.79777e-07 4.18673e-08 -1 -4.56579e-08 3.81403e-08 -1 3.2405e-10 3.77456e-08 -1 -4.33795e-07 4.14725e-08 -1 -1.34919e-08 5.58856e-09 -1 -1.34919e-08 5.58856e-09 -1 -1.34919e-08 5.58856e-09 -1 -1.34919e-08 5.58856e-09 -1 8.60355e-07 3.99598e-08 -1 7.7199e-07 3.97513e-08 -1 7.16149e-07 2.96638e-07 -1 8.25352e-07 3.41871e-07 -1 6.87753e-07 3.6881e-08 -1 7.21904e-07 3.68255e-08 -1 6.60682e-07 -2.73661e-07 -1 5.51366e-07 -2.28381e-07 -1 2.36229e-08 -6.34876e-07 -1 2.57353e-08 -6.91647e-07 -1 2.73801e-07 -6.61028e-07 -1 2.73801e-07 -6.61028e-07 -1 0 -5.95801e-07 -1 0 -7.09497e-07 -1 -8.28392e-09 1.15674e-07 -1 0 1.17096e-07 -1 0 0 -1 -9.05275e-11 1.26408e-09 -1 -1.78657e-16 -7.40017e-17 -1 -4.54104e-08 1.09631e-07 -1 -2.29688e-07 2.28213e-09 -1 -2.29688e-07 2.28212e-09 -1 -2.20067e-07 9.11549e-08 -1 -2.20068e-07 9.11549e-08 -1 -1.74693e-07 -1.73565e-09 -1 -2.29774e-07 -2.28291e-09 -1 -1.10136e-07 -4.56193e-08 -1 -2.19825e-07 -9.10534e-08 -1 1.9725e-07 -2.20871e-09 -1 1.97258e-07 -1.45397e-09 -1 1.78657e-16 -7.40012e-17 -1 1.78657e-16 -7.40012e-17 -1 1.9727e-07 -4.70106e-10 -1 1.97251e-07 -2.09101e-09 -1 1.78651e-16 -7.39951e-17 -1 2.26506e-08 5.46868e-08 -1 -4.62091e-07 -2.27284e-08 -1 6.79314e-08 3.34127e-09 -1 1.78657e-16 -4.3132e-16 -1 -4.38852e-07 -1.81777e-07 -1 1.55261e-07 -1.75815e-13 -1 -4.59442e-07 5.18264e-13 -1 -1.19498e-06 1.90736e-08 -1 -1.2703e-06 1.90736e-08 -1 -1.27797e-06 1.90736e-08 -1 -1.20265e-06 1.90736e-08 </float_array>
          <technique_common>
            <accessor count="76" offset="0" source="#meshId40-tangents-array" stride="3">
              <param name="X" type="float" />
              <param name="Y" type="float" />
              <param name="Z" type="float" />
            </accessor>
          </technique_common>
        </source>
        <source id="meshId40-bitangents" name="meshId40-bitangents">
          <float_array id="meshId40-bitangents-array" count="228"> 0 1 0 -4.24559e-07 1 -1.26529e-16 -4.79555e-07 1 -1.42919e-16 -5.4996e-08 1 -1.63901e-17 0 1 0 -4.12767e-07 1 -1.23014e-16 -4.66235e-07 1 -1.38949e-16 -5.34685e-08 1 -1.59349e-17 2.77556e-17 0.99863 -0.0523219 1.00754e-08 1 5.0913e-24 4.76837e-07 1 2.40956e-22 2.33068e-07 0.99863 -0.0523218 0 0.923885 -0.382669 1.77636e-15 0.923886 -0.382669 -1.2127e-07 0.00203619 -0.999998 6.61744e-24 0.382671 -0.923885 -6.61744e-24 0.382671 -0.923885 4.33681e-19 0.00203619 -0.999998 -2.40407e-07 0.00593222 -0.999982 -3.37954e-07 0.00593222 -0.999982 0 0.382681 -0.923881 -4.72194e-07 0.382681 -0.92388 -4.80119e-07 0.999963 -0.0085848 -4.59837e-08 0.999963 -0.0085848 -2.77556e-17 0.999963 -0.0085848 -4.34135e-07 0.999963 -0.0085848 -4.44089e-16 -0.382686 -0.923879 4.44089e-16 -0.382686 -0.923879 0 -0.382686 -0.923879 -4.44089e-16 -0.382686 -0.923879 -8.60447e-07 -0.999997 -0.00235963 -7.72081e-07 -0.999997 -0.00235963 -7.75154e-07 -0.92388 -0.382682 -8.93354e-07 -0.92388 -0.382682 -6.87693e-07 -0.999999 0.00162337 -7.21843e-07 -0.999999 0.00162339 -7.15116e-07 -0.923881 0.38268 -5.96794e-07 -0.923881 0.38268 -6.35315e-07 -0.037183 0.999308 -6.92126e-07 -0.037183 0.999308 -7.1549e-07 -0.382677 0.923882 -7.1549e-07 -0.382677 0.923882 -5.95801e-07 0 1 -7.09497e-07 0 1 1.1597e-07 -0.0714314 0.997446 1.17096e-07 -0 1 0 -0 1 1.26732e-09 -0.0714321 0.997445 6.61744e-24 -0.382681 0.923881 1.18664e-07 -0.382681 0.923881 2.297e-07 -0.999951 0.00993526 2.297e-07 -0.999951 0.00993526 2.38199e-07 -0.92388 0.382683 2.38199e-07 -0.92388 0.382683 1.74702e-07 -0.999951 -0.00993497 2.29785e-07 -0.999951 -0.00993496 1.1921e-07 -0.923881 -0.38268 2.37936e-07 -0.923881 -0.38268 0 -0.0111968 -0.999937 -7.54819e-10 -0.011197 -0.999937 0 -0.38268 -0.923881 -6.61744e-24 -0.38268 -0.923881 -1.73861e-09 -0.0111963 -0.999937 -1.17636e-10 -0.0111964 -0.999937 0 -0.382664 -0.923888 -5.9192e-08 -0.382664 -0.923888 4.6265e-07 -0.998793 -0.0491267 -6.80136e-08 -0.998793 -0.0491266 1.32349e-23 -0.923881 -0.38268 4.7501e-07 -0.923881 -0.38268 -1.55261e-07 -1 1.12913e-06 4.59442e-07 -1 1.12913e-06 1.19498e-06 -1 -2.27926e-14 1.2703e-06 -1 -2.42292e-14 1.27797e-06 -1 -2.43755e-14 1.20265e-06 -1 -2.29389e-14 </float_array>
          <technique_common>
            <accessor count="76" offset="0" source="#meshId40-bitangents-array" stride="3">
              <param name="X" type="float" />
              <param name="Y" type="float" />
              <param name="Z" type="float" />
            </accessor>
          </technique_common>
        </source>
        <source id="meshId40-tex0" name="meshId40-tex0">
          <float_array id="meshId40-tex0-array" count="152"> -0.500001 -2.05447 -1 -2.05447 -1 -2.14553 -0.500001 -2.14553 -0.5 -2.20447 -1 -2.20447 -1 -2.29553 -0.5 -2.29553 -0.5 -1.27858 -0.5 -1.26198 -1 -1.26198 -1 -1.27858 -0.5 -1.28118 -1 -1.28118 -0.5 -1.28378 -0.5 -1.28118 -1 -1.28118 -1 -1.28378 -0.5 -1.77038 -1 -1.77038 -0.5 -1.77804 -1 -1.77804 -1 -1.9379 -0.500001 -1.9379 -0.500001 -1.8621 -1 -1.8621 -0.999998 -0.0232736 -0.500003 -0.0232736 -0.500002 -0.0186818 -0.999998 -0.0186818 -1.00032 -0.0406684 -0.500321 -0.040668 -0.500321 -0.0360762 -1.00032 -0.0360766 -0.50032 -0.781128 -1.00032 -0.781128 -1.00032 -0.784282 -0.50032 -0.784282 -1.00032 -0.787436 -0.50032 -0.787435 -0.50032 -0.784282 -1.00032 -0.784282 -1.00032 -0.816956 -0.50032 -0.816955 -0.499999 -0.843387 -0.499999 -0.82945 -0.999999 -0.82945 -0.999999 -0.843387 -0.999999 -0.846541 -0.499999 -0.846541 -1 -0.86495 -0.5 -0.86495 -0.5 -0.861796 -1 -0.861796 -0.5 -0.983503 -1 -0.983502 -0.5 -0.986656 -1 -0.986656 -1 -1.01793 -0.5 -1.01793 -0.5 -1.01478 -1 -1.01478 -0.5 -1.1228 -1 -1.1228 -1 -1.12595 -0.5 -1.12595 -1 -1.1291 -0.5 -1.1291 -0.5 -1.12595 -1 -1.12595 -0.5 -1.15073 -1 -1.15073 -1 -1.23394 -0.5 -1.23394 -0.5 -1.16086 -1 -1.16086 </float_array>
          <technique_common>
            <accessor count="76" offset="0" source="#meshId40-tex0-array" stride="2">
              <param name="S" type="float" />
              <param name="T" type="float" />
            </accessor>
          </technique_common>
        </source>
        <vertices id="meshId40-vertices">
          <input semantic="POSITION" source="#meshId40-positions" />
        </vertices>
        <polylist count="50" material="defaultMaterial">
          <input offset="0" semantic="VERTEX" source="#meshId40-vertices" />
          <input offset="0" semantic="NORMAL" source="#meshId40-normals" />
          <input offset="0" semantic="TANGENT" source="#meshId40-tangents" />
          <input offset="0" semantic="BINORMAL" source="#meshId40-bitangents" />
          <input offset="0" semantic="TEXCOORD" source="#meshId40-tex0" set="0" />
          <vcount>3 3 3 3 3 3 3 3 3 3 3 3 3 3 3 3 3 3 3 3 3 3 3 3 3 3 3 3 3 3 3 3 3 3 3 3 3 3 3 3 3 3 3 3 3 3 3 3 3 3 </vcount>
          <p>3 0 1 1 2 3 7 4 5 5 6 7 11 8 9 9 10 11 13 12 8 8 11 13 17 14 15 15 16 17 19 18 14 14 17 19 21 20 18 18 19 21 25 22 23 23 24 25 29 26 27 27 28 29 33 30 31 31 32 33 35 34 31 31 30 35 35 36 37 37 34 35 41 38 39 39 40 41 38 42 43 43 39 38 47 44 45 45 46 47 47 48 49 49 44 47 53 50 51 51 52 53 55 54 51 51 50 55 57 56 54 54 55 57 61 58 59 59 60 61 63 62 59 59 58 63 63 64 65 65 62 63 69 66 67 67 68 69 71 70 67 67 66 71 75 72 73 73 74 75 </p>
        </polylist>
      </mesh>
    </geometry>
    <geometry id="meshId41" name="meshId41_name" >
      <mesh>
        <source id="meshId41-positions" name="meshId41-positions">
          <float_array id="meshId41-positions-array" count="285"> -0.14375 -0.127056 -0.640711 -0.144702 -0.127048 -0.641664 -0.144702 -0.146722 -0.641664 -0.14375 -0.145769 -0.640711 -0.14375 -0.0255186 -0.640711 -0.144702 -0.0255262 -0.641664 -0.117912 -0.146722 -0.641664 -0.117922 -0.145769 -0.640711 -0.0356479 -0.146722 -0.641664 -0.0356376 -0.145769 -0.640711 -0.119075 -0.128211 -0.640711 -0.118122 -0.127259 -0.641664 -0.118122 -0.0253158 -0.641664 -0.119075 -0.0243636 -0.640711 -0.0344853 -0.128211 -0.640711 -0.0354375 -0.127259 -0.641664 -0.0344853 -0.0243636 -0.640711 -0.0354375 -0.0253158 -0.641664 -0.00885767 -0.146722 -0.641664 -0.00980992 -0.145769 -0.640711 -0.00885767 -0.127048 -0.641664 -0.00980989 -0.127056 -0.640711 -0.00885761 -0.0255262 -0.641664 -0.00980983 -0.0255186 -0.640711 -0.14375 -0.00522921 -0.640711 -0.144702 -0.00522167 -0.641664 -0.00885761 -0.00522167 -0.641664 -0.00980983 -0.00522921 -0.640711 -0.14375 0.0556992 -0.640711 -0.144702 0.0556916 -0.641664 -0.119075 -0.00638427 -0.640711 -0.118122 -0.00543203 -0.641664 -0.118122 0.055902 -0.641664 -0.119075 0.0568543 -0.640711 -0.0344852 -0.00638427 -0.640711 -0.0354375 -0.00543203 -0.641664 -0.0344852 0.0568543 -0.640711 -0.0354374 0.055902 -0.641664 -0.00885755 0.0556916 -0.641664 -0.00980978 0.0556992 -0.640711 -0.14375 0.0744127 -0.640711 -0.144702 0.075365 -0.641664 -0.00885755 0.075365 -0.641664 -0.00980981 0.0744127 -0.640711 -0.117922 0.0744127 -0.640711 -0.117912 0.075365 -0.641664 -0.0356375 0.0744127 -0.640711 -0.0356478 0.075365 -0.641664 -0.144702 -0.146722 -0.641664 -0.144702 -0.127048 -0.641664 -0.144702 -0.127048 -0.642616 -0.144702 -0.146722 -0.642616 -0.144702 -0.146722 -0.641664 -0.144702 -0.146722 -0.642616 -0.117912 -0.146722 -0.642616 -0.0354375 -0.127259 -0.642616 -0.118122 -0.127259 -0.642616 -0.0356479 -0.146722 -0.642616 -0.00885767 -0.146722 -0.642616 -0.00885767 -0.127048 -0.641664 -0.00885767 -0.146722 -0.641664 -0.00885767 -0.146722 -0.642616 -0.00885767 -0.127048 -0.642616 -0.144702 -0.0255262 -0.641664 -0.144702 -0.0255262 -0.642616 -0.0354375 -0.0253158 -0.642616 -0.0354375 -0.127259 -0.642616 -0.118122 -0.127259 -0.642616 -0.118122 -0.0253158 -0.642616 -0.00885761 -0.0255262 -0.642616 -0.144702 -0.00522167 -0.642616 -0.0354375 -0.00543203 -0.642616 -0.118122 -0.00543203 -0.642616 -0.118122 -0.0253158 -0.642616 -0.0354375 -0.0253158 -0.642616 -0.00885761 -0.00522167 -0.642616 -0.144702 0.0556916 -0.642616 -0.0354374 0.055902 -0.642616 -0.0354375 -0.00543203 -0.642616 -0.118122 -0.00543203 -0.642616 -0.118122 0.055902 -0.642616 -0.00885755 0.0556916 -0.641664 -0.00885755 0.0556916 -0.642616 -0.144702 0.075365 -0.641664 -0.117912 0.075365 -0.642616 -0.144702 0.075365 -0.642616 -0.144702 0.075365 -0.641664 -0.144702 0.075365 -0.642616 -0.0356478 0.075365 -0.642616 -0.118122 0.055902 -0.642616 -0.0354374 0.055902 -0.642616 -0.00885755 0.075365 -0.641664 -0.00885755 0.075365 -0.642616 -0.00885755 0.075365 -0.641664 -0.00885755 0.075365 -0.642616 </float_array>
          <technique_common>
            <accessor count="95" offset="0" source="#meshId41-positions-array" stride="3">
              <param name="X" type="float" />
              <param name="Y" type="float" />
              <param name="Z" type="float" />
            </accessor>
          </technique_common>
        </source>
        <source id="meshId41-normals" name="meshId41-normals">
          <float_array id="meshId41-normals-array" count="285"> -0.0361743 -1.09095e-07 0.999346 -0.894587 3.16314e-08 0.446894 -0.523955 -0.71525 0.462481 -0.0489447 -0.0670904 0.996546 -0.0363331 -1.47947e-07 0.99934 -0.894243 -8.46638e-08 0.447583 1.50735e-08 -0.894618 0.446832 1.70542e-09 -0.0498168 0.998758 -1.50736e-08 -0.894618 0.446832 -1.70542e-09 -0.0498171 0.998758 0.0133564 0.0108564 0.999852 0.599677 0.487004 0.634992 0.599678 -0.487002 0.634993 0.0130271 -0.0105887 0.999859 -0.0133564 0.0108563 0.999852 -0.599677 0.487004 0.634992 -0.0130271 -0.0105886 0.999859 -0.599678 -0.487002 0.634993 0.523955 -0.715249 0.462482 0.0489448 -0.0670916 0.996546 0.894586 -4.97603e-07 0.446897 0.0361743 -1.42979e-07 0.999346 0.894241 -4.88798e-07 0.447586 0.0363331 -1.38719e-08 0.99934 -0.0365148 2.21855e-07 0.999333 -0.894293 -4.55722e-08 0.447481 0.894294 -4.80107e-07 0.44748 0.0365149 -1.01259e-08 0.999333 -0.0362763 -5.24735e-08 0.999342 -0.894812 -8.12243e-08 0.446443 0.0100804 0.0135361 0.999858 0.461704 0.620982 0.633413 0.461704 -0.620975 0.633418 0.0104084 -0.0139767 0.999848 -0.0100804 0.013536 0.999858 -0.461702 0.620981 0.633415 -0.0104084 -0.0139768 0.999848 -0.461703 -0.620974 0.63342 0.894813 -5.69832e-07 0.446441 0.0362765 -2.37805e-07 0.999342 -0.0489448 0.0670893 0.996546 -0.523953 0.715248 0.462487 0.523952 0.71525 0.462484 0.0489449 0.0670906 0.996546 -4.71309e-08 0.0498159 0.998758 1.20588e-07 0.894616 0.446836 -7.51966e-08 0.0498162 0.998758 -9.28694e-08 0.894617 0.446835 -0.523955 -0.71525 0.462481 -0.894587 3.16314e-08 0.446894 -1 0 -5.05322e-16 -1 0 -5.05322e-16 -0.523955 -0.71525 0.462481 0 -1 0 0 -1 0 0 1 0 0 1 0 0 -1 0 0 -1 0 0.894586 -4.97603e-07 0.446897 0.523955 -0.715249 0.462482 1 -6.51346e-07 5.05322e-16 1 -5.73969e-07 5.05322e-16 -0.894243 -8.46638e-08 0.447583 -1 -1.20208e-07 -5.05322e-16 -1 3.95051e-07 -5.05322e-16 -1 3.95051e-07 -5.05322e-16 1 -1.43655e-07 5.05322e-16 1 -1.43655e-07 5.05322e-16 1 -5.55968e-07 5.05322e-16 -1 -1.80313e-07 -5.05322e-16 0 1 0 0 1 0 0 -1 0 0 -1 0 1 -5.63479e-07 5.05322e-16 -1 0 -5.05322e-16 -1 4.77536e-07 -5.05322e-16 -1 4.77536e-07 -5.05322e-16 1 0 5.05322e-16 1 0 5.05322e-16 0.894813 -5.69832e-07 0.446441 1 -5.67894e-07 5.05322e-16 -0.523953 0.715248 0.462487 0 1 0 0 1 0 -0.523953 0.715248 0.462487 -1 0 -5.05322e-16 0 1 0 0 -1 0 0 -1 0 0.523952 0.71525 0.462484 0 1 0 0.523952 0.71525 0.462484 1 -5.58302e-07 5.05322e-16 </float_array>
          <technique_common>
            <accessor count="95" offset="0" source="#meshId41-normals-array" stride="3">
              <param name="X" type="float" />
              <param name="Y" type="float" />
              <param name="Z" type="float" />
            </accessor>
          </technique_common>
        </source>
        <source id="meshId41-tangents" name="meshId41-tangents">
          <float_array id="meshId41-tangents-array" count="285"> -0.999346 2.79162e-05 -0.0361743 -0.446894 4.30322e-05 -0.894587 -0.807284 0.243881 -0.537415 -0.998512 -0.0207175 -0.050436 -0.99934 -2.78217e-05 -0.0363331 -0.447583 -4.4253e-05 -0.894243 -1 -1.3485e-08 6.73534e-09 -1 -6.10434e-09 1.40306e-09 -1 -4.20038e-08 -1.17832e-07 -1 -5.67984e-07 -3.0038e-08 -0.99991 -0.00120154 0.0133702 -0.763277 0.109707 0.636688 -0.76328 -0.109717 0.636684 -0.999914 0.00117024 0.0130402 -0.99991 0.00120057 -0.0133702 -0.763277 -0.109707 -0.636689 -0.999914 -0.00116795 -0.0130402 -0.763279 0.109714 -0.636685 -0.839169 -0.340526 0.424072 -0.998512 0.0207349 0.0504373 -0.446897 -4.26375e-05 0.894586 -0.999345 -2.72504e-05 0.0361743 -0.447586 6.6327e-06 0.894241 -0.99934 1.69312e-05 0.0363331 -0.999333 5.76964e-06 -0.0365148 -0.447481 -2.68889e-06 -0.894293 -0.44748 -1.23387e-05 0.894294 -0.999333 -7.70395e-06 0.0365149 -0.999342 -1.5702e-05 -0.0362763 -0.446443 -5.57361e-06 -0.894812 -0.999948 -0.00153589 0.0101021 -0.840445 0.0778662 0.536274 -0.840443 -0.0778582 0.536278 -0.999944 0.0015831 0.0104315 -0.999948 0.00153536 -0.010102 -0.840445 -0.0778639 -0.536273 -0.999944 -0.00158315 -0.0104315 -0.840444 0.0778552 -0.536277 -0.446441 3.21082e-05 0.894813 -0.999342 2.18254e-05 0.0362765 -0.998512 0.0207389 -0.0504376 -0.807282 -0.243869 -0.537422 -0.807283 0.243872 0.53742 -0.998512 -0.0207356 0.0504375 -1 -5.70418e-07 -1.87383e-08 -1 5.23901e-08 1.64979e-07 -1 1.87442e-07 -8.46394e-08 -1 -5.58421e-08 -9.60358e-08 -0.273304 -0.373087 -0.886629 -0.446894 1.58016e-08 -0.894587 5.05321e-16 0 -1 5.05322e-16 0 -1 -0.851746 0.439989 -0.284498 -1 0 0 -1 0 0 -1 0 0 -1 0 0 -1 0 0 -1 0 0 -0.446897 2.13266e-07 0.894586 -0.273305 0.373088 0.886629 -5.05322e-16 3.29139e-22 1 -5.05322e-16 2.90039e-22 1 -0.447583 -4.23756e-08 -0.894243 2.17318e-14 -1.7658e-07 -1 -4.6747e-12 -1.18344e-05 -1 -2.72978e-14 -7.03785e-08 -1 -5.05322e-16 7.25919e-23 1 -1.69047e-12 -1.17641e-05 1 -6.56044e-12 -1.17991e-05 1 2.11316e-12 -1.17166e-05 -1 -1 0 0 -1 0 0 -1 0 -5.46e-07 -1 0 -2.74995e-07 -6.66897e-12 -1.18345e-05 1 5.05322e-16 1.16522e-05 -1 5.05322e-16 -2.41309e-22 -1 5.05322e-16 -2.41309e-22 -1 -5.05322e-16 0 1 -5.05322e-16 0 1 -0.446441 -8.02323e-08 0.894813 -3.39481e-14 -5.88892e-08 1 -0.851747 -0.439985 -0.284499 -1 0 -1.01145e-09 -1 0 0 -0.273307 0.373091 -0.886626 5.05322e-16 0 -1 -1 0 -1.37193e-07 -1 0 0 -1 0 0 -0.851748 0.439986 0.284496 -1 0 0 -0.273292 -0.373099 0.886628 -1.28079e-11 -2.29399e-05 1 </float_array>
          <technique_common>
            <accessor count="95" offset="0" source="#meshId41-tangents-array" stride="3">
              <param name="X" type="float" />
              <param name="Y" type="float" />
              <param name="Z" type="float" />
            </accessor>
          </technique_common>
        </source>
        <source id="meshId41-bitangents" name="meshId41-bitangents">
          <float_array id="meshId41-bitangents-array" count="285"> -2.7894e-05 -1 -1.11887e-06 -1.92591e-05 -1 -3.84819e-05 0.271596 -0.654935 -0.705192 0.0240297 -0.997532 -0.0659765 2.78087e-05 -1 8.63001e-07 1.98826e-05 -1 3.9535e-05 0 -0.446832 -0.894618 6.02686e-09 -0.998758 -0.0498168 1.24183e-07 -0.446832 -0.894618 5.68775e-07 -0.998758 -0.0498171 0.00134652 -0.99994 0.0108393 0.240406 -0.866482 0.437508 -0.240397 -0.866482 -0.437514 -0.00130815 -0.999943 -0.0105725 -0.00134555 -0.99994 0.0108393 -0.240407 -0.866482 0.437508 0.00130586 -0.999943 -0.0105724 0.240399 -0.866483 -0.437511 -0.14583 -0.610296 -0.778635 -0.0240472 -0.997531 -0.0659769 1.86094e-05 -1 -3.83652e-05 2.72274e-05 -1 -1.12865e-06 -3.4058e-06 -1 5.71245e-06 -1.69205e-05 -1 6.013e-07 -5.77389e-06 -1 1.103e-08 1.24398e-06 -1 2.38427e-06 5.09197e-06 -1 -1.12493e-05 7.69844e-06 -1 -2.91428e-07 1.56935e-05 -1 5.17171e-07 2.56098e-06 -1 4.95107e-06 0.00167241 -0.999907 0.0135199 0.283695 -0.779948 0.557852 -0.283698 -0.779954 -0.557842 -0.00172865 -0.999901 -0.0139594 -0.00167189 -0.999907 0.0135198 -0.283695 -0.779949 0.557851 0.00172871 -0.999901 -0.0139595 0.283699 -0.779955 -0.55784 -1.48443e-05 -1 2.84764e-05 -2.18197e-05 -1 5.541e-07 -0.0240511 -0.997531 0.0659744 -0.271604 -0.654941 0.705183 0.271603 -0.654938 0.705187 0.0240479 -0.997531 0.0659759 5.68776e-07 -0.998758 0.0498159 1.24184e-07 -0.446836 0.894616 -1.91426e-07 -0.998758 0.0498162 -6.09631e-08 -0.446835 0.894617 0.806707 -0.590952 1.49012e-08 -3.53586e-08 -1 -8.88178e-16 0 -1 -0 0 -1 -0 1.49012e-08 -0.542981 -0.839745 -0 -0 -1 -0 -0 -1 0 -0 1 0 -0 1 -0 -0 -1 -0 -0 -1 -5.40456e-07 -1 -3.15923e-08 -0.806707 -0.590952 0 -6.51346e-07 -1 0 -5.73969e-07 -1 0 9.46766e-08 -1 -3.55271e-15 1.20208e-07 -1 1.7658e-07 -3.95051e-07 -1 1.18344e-05 -3.95051e-07 -1 7.03785e-08 -1.43655e-07 -1 0 -1.43655e-07 -1 -1.17641e-05 -5.55968e-07 -1 -1.17991e-05 1.80313e-07 -1 1.17166e-05 0 -0 1 0 -0 1 5.46e-07 0 -1 2.74995e-07 0 -1 -5.63479e-07 -1 -1.18345e-05 5.8881e-21 -1 -1.16522e-05 -4.77536e-07 -1 0 -4.77536e-07 -1 -2.52435e-29 0 -1 0 0 -1 0 -4.74075e-07 -1 -3.26189e-07 -5.67894e-07 -1 -5.88892e-08 1.49012e-08 -0.542986 0.839742 -1.01145e-09 0 1 0 -0 1 -0.806708 -0.590951 -1.78814e-07 0 -1 -0 -1.37193e-07 0 1 -0 -0 -1 -0 -0 -1 -1.49012e-08 -0.542982 0.839744 0 -0 1 0.806713 -0.590943 -1.39922e-05 -5.58302e-07 -1 -2.29399e-05 </float_array>
          <technique_common>
            <accessor count="95" offset="0" source="#meshId41-bitangents-array" stride="3">
              <param name="X" type="float" />
              <param name="Y" type="float" />
              <param name="Z" type="float" />
            </accessor>
          </technique_common>
        </source>
        <source id="meshId41-tex0" name="meshId41-tex0">
          <float_array id="meshId41-tex0-array" count="190"> 0.977062 0.541593 0.97958 0.541574 0.97958 0.593588 0.977062 0.59107 0.977062 0.273139 0.97958 0.273158 0.908749 0.593588 0.908776 0.59107 0.69125 0.593588 0.691223 0.59107 0.911823 0.544647 0.909305 0.54213 0.909305 0.272602 0.911823 0.270085 0.688177 0.544647 0.690694 0.54213 0.688176 0.270085 0.690694 0.272602 0.62042 0.593588 0.622937 0.59107 0.620419 0.541574 0.622937 0.541593 0.620419 0.273159 0.622937 0.273139 0.977062 0.219495 0.97958 0.219475 0.620419 0.219475 0.622937 0.219495 0.977062 0.0584064 0.97958 0.0584263 0.911823 0.222549 0.909305 0.220032 0.909305 0.0578701 0.911823 0.0553525 0.688176 0.222549 0.690694 0.220032 0.688176 0.0553525 0.690694 0.0578701 0.620419 0.0584262 0.622937 0.0584064 0.977062 0.00892958 0.97958 0.00641197 0.620419 0.00641197 0.622937 0.00892958 0.908776 0.00892958 0.908749 0.00641197 0.691223 0.00892958 0.69125 0.00641197 0.979581 0.593588 0.979581 0.541574 0.982099 0.541574 0.982099 0.593588 0.97958 0.593588 0.97958 0.596106 0.908749 0.596106 0.690694 0.539612 0.909305 0.539612 0.69125 0.596106 0.62042 0.596106 0.62042 0.541573 0.62042 0.593587 0.617902 0.593587 0.617902 0.541573 0.97958 0.273159 0.982098 0.273159 0.693212 0.272602 0.693212 0.54213 0.906787 0.54213 0.906787 0.272602 0.617901 0.273159 0.982098 0.219475 0.690694 0.217513 0.909305 0.217513 0.909305 0.275121 0.690694 0.275121 0.617901 0.219475 0.982098 0.0584263 0.693212 0.0578701 0.693212 0.220032 0.906787 0.220032 0.906787 0.0578701 0.620419 0.0584269 0.617901 0.0584269 0.97958 0.00641197 0.908749 0.00389373 0.97958 0.00389373 0.979579 0.00641179 0.982098 0.00641179 0.69125 0.00389367 0.909305 0.0603884 0.690694 0.0603884 0.620419 0.00641197 0.620419 0.00389367 0.620419 0.00641245 0.617901 0.00641251 </float_array>
          <technique_common>
            <accessor count="95" offset="0" source="#meshId41-tex0-array" stride="2">
              <param name="S" type="float" />
              <param name="T" type="float" />
            </accessor>
          </technique_common>
        </source>
        <vertices id="meshId41-vertices">
          <input semantic="POSITION" source="#meshId41-positions" />
        </vertices>
        <polylist count="122" material="defaultMaterial">
          <input offset="0" semantic="VERTEX" source="#meshId41-vertices" />
          <input offset="0" semantic="NORMAL" source="#meshId41-normals" />
          <input offset="0" semantic="TANGENT" source="#meshId41-tangents" />
          <input offset="0" semantic="BINORMAL" source="#meshId41-bitangents" />
          <input offset="0" semantic="TEXCOORD" source="#meshId41-tex0" set="0" />
          <vcount>3 3 3 3 3 3 3 3 3 3 3 3 3 3 3 3 3 3 3 3 3 3 3 3 3 3 3 3 3 3 3 3 3 3 3 3 3 3 3 3 3 3 3 3 3 3 3 3 3 3 3 3 3 3 3 3 3 3 3 3 3 3 3 3 3 3 3 3 3 3 3 3 3 3 3 3 3 3 3 3 3 3 3 3 3 3 3 3 3 3 3 3 3 3 3 3 3 3 3 3 3 3 3 3 3 3 3 3 3 3 3 3 3 3 3 3 3 3 3 3 3 3 </vcount>
          <p>3 0 1 1 2 3 5 1 0 0 4 5 7 3 2 2 6 7 9 7 6 6 8 9 13 10 11 11 12 13 15 11 10 10 14 15 17 15 14 14 16 17 19 9 8 8 18 19 21 19 18 18 20 21 23 21 20 20 22 23 25 5 4 4 24 25 12 17 16 16 13 12 27 23 22 22 26 27 29 25 24 24 28 29 33 30 31 31 32 33 35 31 30 30 34 35 37 35 34 34 36 37 39 27 26 26 38 39 41 29 28 28 40 41 32 37 36 36 33 32 43 39 38 38 42 43 40 44 45 45 41 40 47 45 44 44 46 47 42 47 46 46 43 42 7 10 0 0 3 7 9 14 10 10 7 9 19 21 14 14 9 19 0 10 13 13 4 0 14 21 23 23 16 14 13 30 24 24 4 13 16 34 30 30 13 16 23 27 34 34 16 23 24 30 33 33 28 24 34 27 39 39 36 34 33 44 40 40 28 33 36 46 44 44 33 36 39 43 46 46 36 39 51 48 49 49 50 51 54 6 52 52 53 54 56 11 15 15 55 56 57 8 6 6 54 57 58 18 8 8 57 58 62 59 60 60 61 62 50 49 63 63 64 50 66 15 17 17 65 66 68 12 11 11 67 68 69 22 59 59 62 69 64 63 25 25 70 64 72 31 35 35 71 72 74 17 12 12 73 74 75 26 22 22 69 75 70 25 29 29 76 70 78 35 37 37 77 78 80 32 31 31 79 80 82 81 26 26 75 82 85 83 45 45 84 85 76 29 86 86 87 76 84 45 47 47 88 84 90 37 32 32 89 90 88 47 91 91 92 88 94 93 81 81 82 94 </p>
        </polylist>
      </mesh>
    </geometry>
    <geometry id="meshId42" name="meshId42_name" >
      <mesh>
        <source id="meshId42-positions" name="meshId42-positions">
          <float_array id="meshId42-positions-array" count="18"> -0.172755 0.143728 -0.806189 -0.172755 0.146442 -0.807313 0.019195 0.146442 -0.807313 0.019195 0.143728 -0.806189 -0.172755 -0.113683 -0.806189 0.019195 -0.113683 -0.806189 </float_array>
          <technique_common>
            <accessor count="6" offset="0" source="#meshId42-positions-array" stride="3">
              <param name="X" type="float" />
              <param name="Y" type="float" />
              <param name="Z" type="float" />
            </accessor>
          </technique_common>
        </source>
        <source id="meshId42-normals" name="meshId42-normals">
          <float_array id="meshId42-normals-array" count="18"> 5.05317e-16 -0.00432212 -0.999991 4.66856e-16 -0.382684 -0.923879 4.66856e-16 -0.382684 -0.923879 5.05317e-16 -0.00432212 -0.999991 5.05322e-16 0 -1 5.05322e-16 0 -1 </float_array>
          <technique_common>
            <accessor count="6" offset="0" source="#meshId42-normals-array" stride="3">
              <param name="X" type="float" />
              <param name="Y" type="float" />
              <param name="Z" type="float" />
            </accessor>
          </technique_common>
        </source>
        <source id="meshId42-tangents" name="meshId42-tangents">
          <float_array id="meshId42-tangents-array" count="18"> -1 1.23593e-07 -5.34187e-10 -1 1.31232e-07 -5.43582e-08 -1 -1.78658e-16 -4.31319e-16 -1 7.83291e-08 -3.38551e-10 -1 0 -5.05322e-16 -1 6.33321e-08 -5.05322e-16 </float_array>
          <technique_common>
            <accessor count="6" offset="0" source="#meshId42-tangents-array" stride="3">
              <param name="X" type="float" />
              <param name="Y" type="float" />
              <param name="Z" type="float" />
            </accessor>
          </technique_common>
        </source>
        <source id="meshId42-bitangents" name="meshId42-bitangents">
          <float_array id="meshId42-bitangents-array" count="18"> 1.23594e-07 0.999991 -0.00432212 1.42045e-07 0.923879 -0.382684 -1.32349e-23 0.923879 -0.382684 7.83299e-08 0.999991 -0.00432212 0 1 0 6.33321e-08 1 3.20031e-23 </float_array>
          <technique_common>
            <accessor count="6" offset="0" source="#meshId42-bitangents-array" stride="3">
              <param name="X" type="float" />
              <param name="Y" type="float" />
              <param name="Z" type="float" />
            </accessor>
          </technique_common>
        </source>
        <source id="meshId42-tex0" name="meshId42-tex0">
          <float_array id="meshId42-tex0-array" count="12"> 0.5 -1.31857 0.5 -1.31092 -5.96046e-08 -1.31092 -5.96046e-08 -1.31857 0.5 -1.98908 5.96046e-08 -1.98908 </float_array>
          <technique_common>
            <accessor count="6" offset="0" source="#meshId42-tex0-array" stride="2">
              <param name="S" type="float" />
              <param name="T" type="float" />
            </accessor>
          </technique_common>
        </source>
        <vertices id="meshId42-vertices">
          <input semantic="POSITION" source="#meshId42-positions" />
        </vertices>
        <polylist count="4" material="defaultMaterial">
          <input offset="0" semantic="VERTEX" source="#meshId42-vertices" />
          <input offset="0" semantic="NORMAL" source="#meshId42-normals" />
          <input offset="0" semantic="TANGENT" source="#meshId42-tangents" />
          <input offset="0" semantic="BINORMAL" source="#meshId42-bitangents" />
          <input offset="0" semantic="TEXCOORD" source="#meshId42-tex0" set="0" />
          <vcount>3 3 3 3 </vcount>
          <p>3 0 1 1 2 3 5 4 0 0 3 5 </p>
        </polylist>
      </mesh>
    </geometry>
    <geometry id="meshId43" name="meshId43_name" >
      <mesh>
        <source id="meshId43-positions" name="meshId43-positions">
          <float_array id="meshId43-positions-array" count="42"> -0.172755 -0.117676 -0.808326 -0.172755 -0.113683 -0.806189 0.019195 -0.113683 -0.806189 0.019195 -0.117676 -0.808326 -0.172755 -0.120527 -0.812601 0.019195 -0.120527 -0.812601 -0.172755 -0.12452 -0.814738 0.019195 -0.12452 -0.814738 -0.172755 -0.188346 -0.814738 0.019195 -0.188346 -0.814738 -0.172755 -0.189703 -0.814176 0.019195 -0.189703 -0.814176 0.019195 -0.190265 -0.812818 -0.172755 -0.190265 -0.812818 </float_array>
          <technique_common>
            <accessor count="14" offset="0" source="#meshId43-positions-array" stride="3">
              <param name="X" type="float" />
              <param name="Y" type="float" />
              <param name="Z" type="float" />
            </accessor>
          </technique_common>
        </source>
        <source id="meshId43-normals" name="meshId43-normals">
          <float_array id="meshId43-normals-array" count="42"> 3.68771e-16 0.683688 -0.729774 4.45542e-16 0.471811 -0.8817 4.45542e-16 0.471811 -0.8817 3.68771e-16 0.683688 -0.729774 3.6877e-16 0.683689 -0.729774 3.6877e-16 0.683689 -0.729774 5.05071e-16 0.0314945 -0.999504 5.05071e-16 0.0314945 -0.999504 5.05303e-16 -0.00862393 -0.999963 5.05303e-16 -0.00862393 -0.999963 3.57316e-16 -0.707107 -0.707107 3.57316e-16 -0.707107 -0.707107 1.93376e-16 -0.923881 -0.38268 1.93376e-16 -0.923881 -0.38268 </float_array>
          <technique_common>
            <accessor count="14" offset="0" source="#meshId43-normals-array" stride="3">
              <param name="X" type="float" />
              <param name="Y" type="float" />
              <param name="Z" type="float" />
            </accessor>
          </technique_common>
        </source>
        <source id="meshId43-tangents" name="meshId43-tangents">
          <float_array id="meshId43-tangents-array" count="42"> -1 2.52124e-16 -2.69119e-16 -1 2.10211e-16 -3.92834e-16 -1 2.10211e-16 -3.92834e-16 -1 2.52124e-16 -2.69119e-16 -1 2.52124e-16 -2.69119e-16 -1 2.52124e-16 -2.69119e-16 -1 1.59069e-17 -5.0482e-16 -1 1.59069e-17 -5.0482e-16 -1 2.20021e-07 -1.89752e-09 -1 -4.3577e-18 -5.05284e-16 -1 3.11608e-07 -3.11608e-07 -1 1.56572e-07 -1.56572e-07 -1 1.82605e-07 -4.40852e-07 -1 1.82605e-07 -4.40852e-07 </float_array>
          <technique_common>
            <accessor count="14" offset="0" source="#meshId43-tangents-array" stride="3">
              <param name="X" type="float" />
              <param name="Y" type="float" />
              <param name="Z" type="float" />
            </accessor>
          </technique_common>
        </source>
        <source id="meshId43-bitangents" name="meshId43-bitangents">
          <float_array id="meshId43-bitangents-array" count="42"> 0 0.729774 0.683688 0 0.8817 0.47181 0 0.8817 0.471811 0 0.729774 0.683688 -1.32349e-23 0.729774 0.683689 -1.32349e-23 0.729774 0.683689 0 0.999504 0.0314945 -1.65436e-24 0.999504 0.0314945 2.20029e-07 0.999963 -0.00862393 0 0.999963 -0.00862393 4.4068e-07 0.707107 -0.707107 2.21426e-07 0.707107 -0.707107 4.77174e-07 0.38268 -0.923881 4.77174e-07 0.38268 -0.923881 </float_array>
          <technique_common>
            <accessor count="14" offset="0" source="#meshId43-bitangents-array" stride="3">
              <param name="X" type="float" />
              <param name="Y" type="float" />
              <param name="Z" type="float" />
            </accessor>
          </technique_common>
        </source>
        <source id="meshId43-tex0" name="meshId43-tex0">
          <float_array id="meshId43-tex0-array" count="28"> 0.5 -2.33874 0.5 -2.32694 6.55651e-07 -2.32694 6.55651e-07 -2.33874 0.5 -2.35213 6.55651e-07 -2.35213 0.5 -2.36392 6.55651e-07 -2.36392 0.5 -2.53018 6.55651e-07 -2.53018 0.5 -2.53401 6.70552e-07 -2.53401 6.25849e-07 -2.53783 0.5 -2.53783 </float_array>
          <technique_common>
            <accessor count="14" offset="0" source="#meshId43-tex0-array" stride="2">
              <param name="S" type="float" />
              <param name="T" type="float" />
            </accessor>
          </technique_common>
        </source>
        <vertices id="meshId43-vertices">
          <input semantic="POSITION" source="#meshId43-positions" />
        </vertices>
        <polylist count="12" material="defaultMaterial">
          <input offset="0" semantic="VERTEX" source="#meshId43-vertices" />
          <input offset="0" semantic="NORMAL" source="#meshId43-normals" />
          <input offset="0" semantic="TANGENT" source="#meshId43-tangents" />
          <input offset="0" semantic="BINORMAL" source="#meshId43-bitangents" />
          <input offset="0" semantic="TEXCOORD" source="#meshId43-tex0" set="0" />
          <vcount>3 3 3 3 3 3 3 3 3 3 3 3 </vcount>
          <p>3 0 1 1 2 3 5 4 0 0 3 5 7 6 4 4 5 7 9 8 6 6 7 9 11 10 8 8 9 11 11 12 13 13 10 11 </p>
        </polylist>
      </mesh>
    </geometry>
    <geometry id="meshId44" name="meshId44_name" >
      <mesh>
        <source id="meshId44-positions" name="meshId44-positions">
          <float_array id="meshId44-positions-array" count="12"> 0.019195 0.0978823 -0.746703 -0.172755 0.0978823 -0.746703 -0.172755 0.0978823 -0.655531 0.019195 0.0978823 -0.655531 </float_array>
          <technique_common>
            <accessor count="4" offset="0" source="#meshId44-positions-array" stride="3">
              <param name="X" type="float" />
              <param name="Y" type="float" />
              <param name="Z" type="float" />
            </accessor>
          </technique_common>
        </source>
        <source id="meshId44-normals" name="meshId44-normals">
          <float_array id="meshId44-normals-array" count="12"> 0 1 0 0 1 0 0 1 0 0 1 0 </float_array>
          <technique_common>
            <accessor count="4" offset="0" source="#meshId44-normals-array" stride="3">
              <param name="X" type="float" />
              <param name="Y" type="float" />
              <param name="Z" type="float" />
            </accessor>
          </technique_common>
        </source>
        <source id="meshId44-tangents" name="meshId44-tangents">
          <float_array id="meshId44-tangents-array" count="12"> -1 0 0.000118167 -1 0 0.000118225 -1 0 0.000118249 -1 0 0.00011819 </float_array>
          <technique_common>
            <accessor count="4" offset="0" source="#meshId44-tangents-array" stride="3">
              <param name="X" type="float" />
              <param name="Y" type="float" />
              <param name="Z" type="float" />
            </accessor>
          </technique_common>
        </source>
        <source id="meshId44-bitangents" name="meshId44-bitangents">
          <float_array id="meshId44-bitangents-array" count="12"> 0.000118167 -0 1 0.000118225 -0 1 0.000118249 -0 1 0.00011819 -0 1 </float_array>
          <technique_common>
            <accessor count="4" offset="0" source="#meshId44-bitangents-array" stride="3">
              <param name="X" type="float" />
              <param name="Y" type="float" />
              <param name="Z" type="float" />
            </accessor>
          </technique_common>
        </source>
        <source id="meshId44-tex0" name="meshId44-tex0">
          <float_array id="meshId44-tex0-array" count="8"> -1.00001 0.0313141 -0.500014 0.031255 -0.499986 0.268745 -0.999986 0.268804 </float_array>
          <technique_common>
            <accessor count="4" offset="0" source="#meshId44-tex0-array" stride="2">
              <param name="S" type="float" />
              <param name="T" type="float" />
            </accessor>
          </technique_common>
        </source>
        <vertices id="meshId44-vertices">
          <input semantic="POSITION" source="#meshId44-positions" />
        </vertices>
        <polylist count="2" material="defaultMaterial">
          <input offset="0" semantic="VERTEX" source="#meshId44-vertices" />
          <input offset="0" semantic="NORMAL" source="#meshId44-normals" />
          <input offset="0" semantic="TANGENT" source="#meshId44-tangents" />
          <input offset="0" semantic="BINORMAL" source="#meshId44-bitangents" />
          <input offset="0" semantic="TEXCOORD" source="#meshId44-tex0" set="0" />
          <vcount>3 3 </vcount>
          <p>3 0 1 1 2 3 </p>
        </polylist>
      </mesh>
    </geometry>
    <geometry id="meshId45" name="meshId45_name" >
      <mesh>
        <source id="meshId45-positions" name="meshId45-positions">
          <float_array id="meshId45-positions-array" count="36"> -0.172755 0.190265 -0.75011 -0.172755 0.189598 -0.747373 0.019195 0.189598 -0.747373 0.019195 0.190265 -0.75011 -0.172755 0.190265 -0.978436 -0.172755 0.190265 -0.75011 0.019195 0.190265 -0.75011 0.019195 0.190265 -0.978436 0.019195 0.189598 -0.981173 -0.172755 0.189598 -0.981173 -0.172755 0.190265 -0.978436 0.019195 0.190265 -0.978436 </float_array>
          <technique_common>
            <accessor count="12" offset="0" source="#meshId45-positions-array" stride="3">
              <param name="X" type="float" />
              <param name="Y" type="float" />
              <param name="Z" type="float" />
            </accessor>
          </technique_common>
        </source>
        <source id="meshId45-normals" name="meshId45-normals">
          <float_array id="meshId45-normals-array" count="36"> -1.19582e-16 0.971596 0.236645 -1.19582e-16 0.971596 0.236645 -1.19582e-16 0.971596 0.236645 -1.19582e-16 0.971596 0.236645 2.01239e-07 1 1.01691e-22 2.0124e-07 1 1.01691e-22 2.01239e-07 1 1.01691e-22 2.0124e-07 1 1.01691e-22 1.19582e-16 0.971596 -0.236645 1.19582e-16 0.971596 -0.236645 1.19582e-16 0.971596 -0.236645 1.19582e-16 0.971596 -0.236645 </float_array>
          <technique_common>
            <accessor count="12" offset="0" source="#meshId45-normals-array" stride="3">
              <param name="X" type="float" />
              <param name="Y" type="float" />
              <param name="Z" type="float" />
            </accessor>
          </technique_common>
        </source>
        <source id="meshId45-tangents" name="meshId45-tangents">
          <float_array id="meshId45-tangents-array" count="36"> -1 -1.16185e-16 -2.82983e-17 -1 -1.16185e-16 -2.82983e-17 -1 -1.16185e-16 -2.82983e-17 -1 -1.16185e-16 -2.82983e-17 -1 2.0124e-07 -2.51016e-07 -1 2.0124e-07 -1.11711e-07 -1 2.01239e-07 2.04642e-29 -1 2.0124e-07 -1.39305e-07 -1 1.41329e-08 5.80255e-08 -1 -5.66361e-08 -2.32531e-07 -1 -5.73034e-08 -2.35271e-07 -1 1.34656e-08 5.52858e-08 </float_array>
          <technique_common>
            <accessor count="12" offset="0" source="#meshId45-tangents-array" stride="3">
              <param name="X" type="float" />
              <param name="Y" type="float" />
              <param name="Z" type="float" />
            </accessor>
          </technique_common>
        </source>
        <source id="meshId45-bitangents" name="meshId45-bitangents">
          <float_array id="meshId45-bitangents-array" count="36"> 0 -0.236645 0.971596 -3.30872e-24 -0.236644 0.971596 0 -0.236645 0.971596 -3.30872e-24 -0.236644 0.971596 -2.51016e-07 5.05142e-14 1 -1.11711e-07 2.24806e-14 1 0 -1.01691e-22 1 -1.39305e-07 2.80337e-14 1 5.97219e-08 0.236645 0.971596 -2.39329e-07 0.236645 0.971596 -2.42149e-07 0.236645 0.971596 5.6902e-08 0.236645 0.971596 </float_array>
          <technique_common>
            <accessor count="12" offset="0" source="#meshId45-bitangents-array" stride="3">
              <param name="X" type="float" />
              <param name="Y" type="float" />
              <param name="Z" type="float" />
            </accessor>
          </technique_common>
        </source>
        <source id="meshId45-tex0" name="meshId45-tex0">
          <float_array id="meshId45-tex0-array" count="24"> -0.499589 0.947868 -0.499589 0.955218 -0.998767 0.955218 -0.998767 0.947868 -0.499589 0.352132 -0.499589 0.947868 -0.998767 0.947868 -0.998767 0.352132 -0.998767 0.344782 -0.499589 0.344782 -0.499589 0.352132 -0.998767 0.352132 </float_array>
          <technique_common>
            <accessor count="12" offset="0" source="#meshId45-tex0-array" stride="2">
              <param name="S" type="float" />
              <param name="T" type="float" />
            </accessor>
          </technique_common>
        </source>
        <vertices id="meshId45-vertices">
          <input semantic="POSITION" source="#meshId45-positions" />
        </vertices>
        <polylist count="6" material="defaultMaterial">
          <input offset="0" semantic="VERTEX" source="#meshId45-vertices" />
          <input offset="0" semantic="NORMAL" source="#meshId45-normals" />
          <input offset="0" semantic="TANGENT" source="#meshId45-tangents" />
          <input offset="0" semantic="BINORMAL" source="#meshId45-bitangents" />
          <input offset="0" semantic="TEXCOORD" source="#meshId45-tex0" set="0" />
          <vcount>3 3 3 3 3 3 </vcount>
          <p>3 0 1 1 2 3 7 4 5 5 6 7 11 8 9 9 10 11 </p>
        </polylist>
      </mesh>
    </geometry>
    <geometry id="meshId46" name="meshId46_name" >
      <mesh>
        <source id="meshId46-positions" name="meshId46-positions">
          <float_array id="meshId46-positions-array" count="1026"> -0.206396 0.160024 0.706582 -0.206396 0.188081 0.706582 -0.172755 0.188081 0.709896 -0.172755 0.160024 0.709896 -0.262375 0.147567 0.988006 -0.225931 0.147567 0.804789 -0.172755 0.147567 0.810027 -0.172755 0.147567 0.996833 -0.262629 0.155245 0.989286 -0.262629 0.148872 0.989286 -0.172755 0.148872 0.998138 -0.172755 0.155245 0.998138 -0.172755 0.187106 0.999109 -0.262819 0.187106 0.990239 -0.26277 0.158009 0.989994 -0.172755 0.158009 0.998859 -0.172755 0.156441 0.710213 -0.172755 0.14814 0.710213 -0.206458 0.14814 0.706894 -0.206458 0.156441 0.706894 -0.19327 -0.187962 0.640595 -0.19327 0.0963005 0.640595 -0.172755 0.0963005 0.642615 -0.172755 -0.187962 0.642615 -0.172755 0.144977 0.753635 -0.172755 0.0994642 0.753635 -0.214929 0.0994642 0.749481 -0.214929 0.144977 0.749481 -0.172755 0.0978823 0.752053 -0.172755 0.0978823 0.746702 -0.213577 0.0978823 0.742682 -0.214621 0.0978823 0.74793 -0.172755 0.146558 0.711795 -0.172755 0.146558 0.752053 -0.214621 0.146558 0.74793 -0.206767 0.146558 0.708445 -0.172755 -0.18959 0.64329 -0.193402 -0.18959 0.641256 -0.172755 -0.18959 0.64329 -0.172755 -0.190265 0.644919 -0.19372 -0.190265 0.642854 -0.193402 -0.18959 0.641256 -0.172755 0.0978823 0.644197 -0.172755 0.097419 0.643079 -0.193361 0.097419 0.641049 -0.193579 0.0978823 0.642146 -0.172755 0.097419 0.643079 -0.193361 0.097419 0.641049 -0.172755 0.147022 0.710677 -0.206549 0.147022 0.707348 -0.172755 0.147022 0.710677 -0.206549 0.147022 0.707348 -0.172755 0.0983456 0.753172 -0.214839 0.0983456 0.749027 -0.172755 0.0983456 0.753172 -0.214839 0.0983456 0.749027 -0.172755 0.146095 0.753172 -0.214839 0.146095 0.749027 -0.172755 0.146095 0.753172 -0.214839 0.146095 0.749027 -0.225401 0.146442 0.802127 -0.172755 0.146442 0.807312 -0.262555 0.147949 0.988911 -0.172755 0.147949 0.997756 -0.262555 0.147949 0.988911 -0.172755 0.147949 0.997756 -0.172755 0.0978823 0.65553 -0.19579 0.0978823 0.653261 -0.442124 -0.0195401 0.537459 -0.442124 -0.054497 0.537459 -0.436948 -0.054497 0.59001 -0.436948 -0.0195401 0.59001 -0.442124 0.0853307 0.537459 -0.442124 0.0503738 0.537459 -0.436948 0.0503738 0.59001 -0.436948 0.0853307 0.59001 -0.34905 0.155245 0.963071 -0.34905 0.148872 0.963071 -0.348903 0.147949 0.962718 -0.348903 0.147949 0.962718 -0.34855 0.147567 0.961865 -0.277063 0.147567 0.789279 -0.276024 0.146442 0.786771 -0.428695 0.155245 0.9205 -0.428695 0.148872 0.9205 -0.428483 0.147949 0.920182 -0.428483 0.147949 0.920182 -0.42797 0.147567 0.919414 -0.324186 0.147567 0.764091 -0.322678 0.146442 0.761834 -0.498505 0.155245 0.863208 -0.498505 0.148872 0.863208 -0.498234 0.147949 0.862938 -0.498234 0.147949 0.862938 -0.497582 0.147567 0.862285 -0.36549 0.147567 0.730194 -0.363571 0.146442 0.728274 -0.555796 0.155245 0.793399 -0.555796 0.148872 0.793399 -0.555478 0.147949 0.793186 -0.555478 0.147949 0.793186 -0.554711 0.147567 0.792674 -0.399387 0.147567 0.68889 -0.39713 0.146442 0.687382 -0.598367 0.155245 0.713753 -0.598367 0.148872 0.713753 -0.598014 0.147949 0.713607 -0.598014 0.147949 0.713607 -0.597161 0.147567 0.713254 -0.424575 0.147567 0.641766 -0.422067 0.146442 0.640728 -0.624582 0.155245 0.627333 -0.624582 0.148872 0.627333 -0.624207 0.147949 0.627259 -0.624207 0.147949 0.627259 -0.623302 0.147567 0.627079 -0.440086 0.147567 0.590635 -0.437424 0.146442 0.590105 -0.633434 0.148872 0.537459 -0.633434 0.155245 0.537459 -0.633052 0.147949 0.537459 -0.633052 0.147949 0.537459 -0.632129 0.147567 0.537459 -0.445323 0.147567 0.537459 -0.442609 0.146442 0.537459 -0.225307 -0.0195401 0.801651 -0.225307 -0.054497 0.801651 -0.172755 -0.054497 0.806827 -0.172755 -0.0195401 0.806827 -0.275838 -0.0195401 0.786323 -0.275838 -0.054497 0.786323 -0.322408 -0.0195401 0.761431 -0.322408 -0.054497 0.761431 -0.363228 -0.0195401 0.727931 -0.363228 -0.054497 0.727931 -0.396727 -0.0195401 0.687112 -0.396727 -0.054497 0.687112 -0.421619 -0.0195401 0.640542 -0.421619 -0.054497 0.640542 -0.225307 0.0853307 0.801651 -0.225307 0.0503738 0.801651 -0.172755 0.0503738 0.806827 -0.172755 0.0853307 0.806827 -0.275838 0.0853307 0.786323 -0.275838 0.0503738 0.786323 -0.322408 0.0853307 0.761431 -0.322408 0.0503738 0.761431 -0.363228 0.0853307 0.727931 -0.363228 0.0503738 0.727931 -0.396727 0.0853307 0.687112 -0.396727 0.0503738 0.687112 -0.421619 0.0853307 0.640542 -0.421619 0.0503738 0.640542 -0.349421 0.187106 0.963968 -0.349326 0.158009 0.963737 -0.429235 0.187106 0.921307 -0.429096 0.158009 0.921099 -0.499191 0.187106 0.863895 -0.499015 0.158009 0.863718 -0.556603 0.187106 0.793938 -0.556396 0.158009 0.793799 -0.599264 0.187106 0.714125 -0.599034 0.158009 0.71403 -0.625535 0.187106 0.627523 -0.62529 0.158009 0.627474 -0.634405 0.187106 0.537459 -0.634156 0.158009 0.537459 -0.276553 -0.18959 0.558106 -0.27815 -0.190265 0.558424 -0.280215 -0.190265 0.537459 -0.278586 -0.18959 0.537459 -0.275891 -0.187962 0.557974 -0.276553 -0.18959 0.558106 -0.278586 -0.18959 0.537459 -0.277912 -0.187962 0.537459 -0.277912 0.0963005 0.537459 -0.275891 0.0963005 0.557974 -0.276345 0.097419 0.558065 -0.278375 0.097419 0.537459 -0.277442 0.0978823 0.558283 -0.276345 0.097419 0.558065 -0.278375 0.097419 0.537459 -0.279493 0.0978823 0.537459 -0.288557 0.0978823 0.560494 -0.290826 0.0978823 0.537459 -0.383226 0.0978823 0.579324 -0.377978 0.0978823 0.578281 -0.381998 0.0978823 0.537459 -0.387349 0.0978823 0.537459 -0.384323 0.0983456 0.579543 -0.388468 0.0983456 0.537459 -0.384777 0.0994642 0.579633 -0.384323 0.0983456 0.579543 -0.388468 0.0983456 0.537459 -0.388931 0.0994642 0.537459 -0.384777 0.144977 0.579633 -0.388931 0.144977 0.537459 -0.384323 0.146095 0.579543 -0.388468 0.146095 0.537459 -0.383226 0.146558 0.579324 -0.384323 0.146095 0.579543 -0.388468 0.146095 0.537459 -0.387349 0.146558 0.537459 -0.343742 0.146558 0.57147 -0.347091 0.146558 0.537459 -0.342645 0.147022 0.571252 -0.345973 0.147022 0.537459 -0.34219 0.14814 0.571162 -0.342645 0.147022 0.571252 -0.345973 0.147022 0.537459 -0.34551 0.14814 0.537459 -0.34219 0.156441 0.571162 -0.34551 0.156441 0.537459 -0.27053 -0.18959 0.577959 -0.272035 -0.190265 0.578582 -0.269907 -0.187962 0.577701 -0.27053 -0.18959 0.577959 -0.269907 0.0963005 0.577701 -0.270335 0.097419 0.577878 -0.271368 0.0978823 0.578306 -0.270335 0.097419 0.577878 -0.281839 0.0978823 0.582643 -0.371014 0.0978823 0.619581 -0.366071 0.0978823 0.617533 -0.372048 0.0983456 0.620009 -0.372476 0.0994642 0.620186 -0.372048 0.0983456 0.620009 -0.372476 0.144977 0.620186 -0.372048 0.146095 0.620009 -0.371014 0.146558 0.619581 -0.372048 0.146095 0.620009 -0.333821 0.146558 0.604175 -0.332788 0.147022 0.603747 -0.33236 0.14814 0.603569 -0.332788 0.147022 0.603747 -0.33236 0.156441 0.603569 -0.26075 -0.18959 0.596256 -0.262105 -0.190265 0.59716 -0.26019 -0.187962 0.595881 -0.26075 -0.18959 0.596256 -0.26019 0.0963005 0.595881 -0.260575 0.097419 0.596138 -0.261505 0.0978823 0.59676 -0.260575 0.097419 0.596138 -0.270928 0.0978823 0.603056 -0.351184 0.0978823 0.656681 -0.346735 0.0978823 0.653709 -0.352114 0.0983456 0.657303 -0.352499 0.0994642 0.65756 -0.352114 0.0983456 0.657303 -0.352499 0.144977 0.65756 -0.352114 0.146095 0.657303 -0.351184 0.146558 0.656681 -0.352114 0.146095 0.657303 -0.31771 0.146558 0.634315 -0.31678 0.147022 0.633694 -0.316395 0.14814 0.633436 -0.31678 0.147022 0.633694 -0.316395 0.156441 0.633436 -0.247589 -0.18959 0.612293 -0.248741 -0.190265 0.613444 -0.247112 -0.187962 0.611816 -0.247589 -0.18959 0.612293 -0.247112 0.0963005 0.611816 -0.24744 0.097419 0.612143 -0.248231 0.0978823 0.612934 -0.24744 0.097419 0.612143 -0.256244 0.0978823 0.620948 -0.324496 0.0978823 0.6892 -0.320713 0.0978823 0.685416 -0.325287 0.0983456 0.689991 -0.325615 0.0994642 0.690319 -0.325287 0.0983456 0.689991 -0.325615 0.144977 0.690319 -0.325287 0.146095 0.689991 -0.324496 0.146558 0.6892 -0.325287 0.146095 0.689991 -0.29603 0.146558 0.660733 -0.295239 0.147022 0.659943 -0.294911 0.14814 0.659615 -0.295239 0.147022 0.659943 -0.294911 0.156441 0.659615 -0.231552 -0.18959 0.625454 -0.232457 -0.190265 0.626808 -0.231177 -0.187962 0.624893 -0.231552 -0.18959 0.625454 -0.231177 0.0963005 0.624893 -0.231434 0.097419 0.625279 -0.232056 0.0978823 0.626209 -0.231434 0.097419 0.625279 -0.238352 0.0978823 0.635631 -0.291977 0.0978823 0.715887 -0.289005 0.0978823 0.711438 -0.292599 0.0983456 0.716817 -0.292856 0.0994642 0.717203 -0.292599 0.0983456 0.716817 -0.292856 0.144977 0.717203 -0.292599 0.146095 0.716817 -0.291977 0.146558 0.715887 -0.292599 0.146095 0.716817 -0.269611 0.146558 0.682414 -0.26899 0.147022 0.681484 -0.268733 0.14814 0.681099 -0.26899 0.147022 0.681484 -0.268733 0.156441 0.681099 -0.213255 -0.18959 0.635234 -0.213878 -0.190265 0.636739 -0.212997 -0.187962 0.634611 -0.213255 -0.18959 0.635234 -0.212997 0.0963005 0.634611 -0.213174 0.097419 0.635039 -0.213602 0.0978823 0.636072 -0.213174 0.097419 0.635039 -0.217939 0.0978823 0.646542 -0.254877 0.0978823 0.735718 -0.252829 0.0978823 0.730775 -0.255305 0.0983456 0.736751 -0.255482 0.0994642 0.737179 -0.255305 0.0983456 0.736751 -0.255482 0.144977 0.737179 -0.255305 0.146095 0.736751 -0.254877 0.146558 0.735718 -0.255305 0.146095 0.736751 -0.239471 0.146558 0.698525 -0.239043 0.147022 0.697491 -0.238866 0.14814 0.697063 -0.239043 0.147022 0.697491 -0.238866 0.156441 0.697063 -0.238744 0.160024 0.69677 -0.238744 0.188081 0.69677 -0.268556 0.160024 0.680835 -0.268556 0.188081 0.680835 -0.294686 0.160024 0.65939 -0.294686 0.188081 0.65939 -0.316131 0.160024 0.63326 -0.316131 0.188081 0.63326 -0.332066 0.160024 0.603448 -0.332066 0.188081 0.603448 -0.341879 0.160024 0.5711 -0.341879 0.188081 0.5711 -0.345192 0.188081 0.537459 -0.345192 0.160024 0.537459 </float_array>
          <technique_common>
            <accessor count="342" offset="0" source="#meshId46-positions-array" stride="3">
              <param name="X" type="float" />
              <param name="Y" type="float" />
              <param name="Z" type="float" />
            </accessor>
          </technique_common>
        </source>
        <source id="meshId46-normals" name="meshId46-normals">
          <float_array id="meshId46-normals-array" count="1026"> 0.195091 1.51891e-06 -0.980785 0.195091 1.51891e-06 -0.980785 0.0980168 2.07474e-06 -0.995185 0.0980168 2.07474e-06 -0.995185 -0.000561981 -0.999996 0.00282524 -0.000764365 -0.999992 0.00384281 -0.000385884 -0.999992 0.00391805 -0.000283718 -0.999996 0.00288049 -0.19509 0 0.980785 -0.194834 -0.0512107 0.979498 -0.0978908 -0.050967 0.993891 -0.0980183 0 0.995185 -0.0980141 -0.00854275 0.995148 -0.195084 -0.00858442 0.980749 -0.195084 -0.00858442 0.980749 -0.0980141 -0.00854275 0.995148 0.0980171 0 -0.995185 0.097895 -0.0499734 -0.993941 0.194845 -0.0502146 -0.979548 0.19509 1.60771e-06 -0.980785 0.19509 -0.00242339 -0.980782 0.19509 0.00166574 -0.980784 0.0980188 0.00165768 -0.995183 0.0980186 -0.00241169 -0.995182 0.0980133 -0.00964632 -0.995138 0.0980133 0.00964628 -0.995138 0.195081 0.00969309 -0.980739 0.195081 -0.00969313 -0.980739 0.00785571 0.996783 -0.0797604 0 1 -0 0 1 -0 0.0155613 0.996814 -0.0782318 0.000878869 -0.99996 -0.00892393 0.00136727 -0.999903 -0.0138827 0.00270833 -0.999904 -0.0136162 0.00174088 -0.99996 -0.00875251 0.0906189 -0.381115 -0.920076 0.18024 -0.382695 -0.906122 0.0376653 -0.923223 -0.382414 0.0376653 -0.923223 -0.382414 0.0746594 -0.923877 -0.375335 0.0746598 -0.923877 -0.375335 0.00311386 0.999495 -0.0316146 0.0376641 0.923221 -0.382418 0.0746583 0.923879 -0.375331 0.00616795 0.9995 -0.0310074 0.0906252 0.381101 -0.920081 0.180239 0.382683 -0.906128 0.0906227 -0.381106 -0.920079 0.180242 -0.382688 -0.906125 0.0376632 -0.923228 -0.382403 0.0746575 -0.92388 -0.375328 0.0906192 0.381094 -0.920084 0.18024 0.382673 -0.906132 0.0376627 0.923231 -0.382396 0.0746564 0.923883 -0.375323 0.0906192 -0.381094 -0.920085 0.180241 -0.382676 -0.90613 0.0376627 -0.923231 -0.382395 0.0746565 -0.923883 -0.375322 -0.074657 -0.92388 0.375329 -0.0376634 -0.923223 0.382414 -0.18024 -0.382663 0.906136 -0.0906198 -0.381107 0.920079 -0.0746551 -0.92389 0.375305 -0.0376639 -0.923234 0.382388 -4.09639e-22 1 1.2678e-07 -2.0482e-22 1 6.33904e-08 -0.995185 0 0.0980172 -0.995185 0 0.0980172 -0.980785 0 0.19509 -0.980785 0 0.19509 -0.995185 0 0.0980172 -0.995185 0 0.0980172 -0.980785 0 0.19509 -0.980785 0 0.19509 -0.382682 0 0.92388 -0.38218 -0.0512093 0.922668 -0.353555 -0.382653 0.853567 -0.146438 -0.923892 0.353524 -0.00110237 -0.999996 0.00266126 -0.00149936 -0.999992 0.0036198 -0.146445 -0.923881 0.353551 -0.555571 0 0.831469 -0.554841 -0.0512107 0.830379 -0.51328 -0.382663 0.768188 -0.212596 -0.923888 0.318172 -0.00160039 -0.999996 0.00239493 -0.00217673 -0.999992 0.00325755 -0.212605 -0.92388 0.31819 -0.707108 0 0.707106 -0.706179 -0.0512123 0.706179 -0.653278 -0.382673 0.653291 -0.27059 -0.923882 0.270598 -0.00203691 -0.999996 0.00203697 -0.00277046 -0.999992 0.00277046 -0.270597 -0.92388 0.270598 -0.831469 0 0.55557 -0.830378 -0.051211 0.554842 -0.768183 -0.382668 0.513283 -0.318182 -0.923883 0.212603 -0.00239515 -0.999996 0.00160064 -0.00325771 -0.999992 0.00217696 -0.318189 -0.92388 0.212607 -0.92388 0 0.382683 -0.922668 -0.0512085 0.382181 -0.853563 -0.382651 0.353565 -0.353537 -0.923887 0.146441 -0.00266136 -0.999996 0.00110242 -0.00361977 -0.999992 0.00149945 -0.353552 -0.92388 0.146448 -0.980785 0 0.19509 -0.979499 -0.0512085 0.194834 -0.90614 -0.382651 0.180248 -0.375314 -0.923886 0.0746568 -0.00282529 -0.999996 0.000561959 -0.00384273 -0.999992 0.00076435 -0.375328 -0.92388 0.0746599 -0.993892 -0.0509633 0.0978899 -0.995185 0 0.0980173 -0.92009 -0.381081 0.0906208 -0.382399 -0.923229 0.0376637 -0.00288064 -0.999996 0.000283724 -0.00391801 -0.999992 0.000385891 -0.382409 -0.923225 0.0376641 -0.195091 0 0.980785 -0.195091 0 0.980785 -0.0980171 0 0.995185 -0.0980171 0 0.995185 -0.382684 0 0.92388 -0.382684 0 0.92388 -0.55557 0 0.83147 -0.55557 0 0.83147 -0.707107 0 0.707107 -0.707107 0 0.707107 -0.83147 0 0.55557 -0.83147 0 0.55557 -0.92388 0 0.382683 -0.92388 0 0.382683 -0.19509 0 0.980785 -0.19509 0 0.980785 -0.0980172 0 0.995185 -0.0980172 0 0.995185 -0.382684 0 0.92388 -0.382684 0 0.92388 -0.555571 0 0.831469 -0.555571 0 0.831469 -0.707107 0 0.707107 -0.707107 0 0.707107 -0.83147 0 0.55557 -0.83147 0 0.55557 -0.92388 0 0.382683 -0.92388 0 0.382683 -0.38267 -0.00858497 0.923845 -0.38267 -0.00858497 0.923845 -0.55555 -0.00858448 0.831439 -0.55555 -0.00858448 0.831439 -0.707081 -0.0085841 0.707081 -0.707081 -0.0085841 0.707081 -0.831439 -0.00858434 0.55555 -0.831439 -0.00858434 0.55555 -0.923845 -0.00858442 0.382669 -0.923845 -0.00858442 0.382669 -0.980749 -0.00858476 0.195083 -0.980749 -0.00858476 0.195083 -0.995148 -0.00854359 0.0980135 -0.995148 -0.00854359 0.0980135 0.375332 -0.923879 -0.0746587 0.375333 -0.923879 -0.0746574 0.382413 -0.923223 -0.0376644 0.382413 -0.923223 -0.0376644 0.980782 -0.00242336 -0.19509 0.906125 -0.38269 -0.18024 0.920075 -0.381118 -0.0906194 0.995182 -0.00241171 -0.098017 0.995183 0.00165766 -0.0980172 0.980784 0.0016657 -0.19509 0.906131 0.382676 -0.18024 0.920083 0.381098 -0.0906184 0.0310084 0.9995 -0.00616791 0.375325 0.923882 -0.0746577 0.382403 0.923228 -0.0376643 0.0316158 0.999495 -0.00311375 3.24299e-23 1 -1.00368e-08 -3.99399e-22 1 1.23611e-07 0.0782323 0.996814 -0.0155612 -7.27763e-23 1 2.25238e-08 -3.44732e-22 1 1.06692e-07 0.0797625 0.996783 -0.00785595 0.375325 0.923882 -0.0746575 0.382408 0.923226 -0.037664 0.980739 0.00969332 -0.195081 0.906129 0.382679 -0.18024 0.920079 0.381108 -0.0906182 0.995138 0.0096467 -0.0980126 0.980739 -0.00969309 -0.195081 0.995138 -0.00964647 -0.0980126 0.906127 -0.382684 -0.18024 0.920079 -0.381108 -0.0906203 0.013616 -0.999904 -0.00270851 0.375333 -0.923878 -0.0746612 0.382409 -0.923225 -0.0376619 0.0138825 -0.999903 -0.00136695 0.00875194 -0.99996 -0.00174087 0.0089234 -0.99996 -0.000878581 0.375326 -0.923881 -0.0746575 0.382409 -0.923225 -0.0376636 0.979548 -0.0502153 -0.194844 0.906129 -0.38268 -0.18024 0.920079 -0.381108 -0.0906178 0.993941 -0.0499744 -0.0978945 0.980785 0 -0.19509 0.995185 0 -0.0980172 0.353554 -0.92388 -0.146446 0.353553 -0.92388 -0.146447 0.923877 -0.00242333 -0.382682 0.853552 -0.382687 -0.353553 0.923878 0.0016657 -0.382682 0.853557 0.382675 -0.353554 0.0292093 0.9995 -0.0120991 0.353552 0.92388 -0.146449 1.16064e-21 1 -3.59212e-07 0.0736931 0.996814 -0.030524 1.01887e-21 1 -3.15334e-07 0.353549 0.923882 -0.146443 0.923836 0.00969335 -0.382666 0.853555 0.382677 -0.353556 0.923836 -0.00969307 -0.382665 0.853553 -0.382688 -0.353549 0.0128262 -0.999904 -0.00531332 0.35356 -0.923876 -0.146452 0.00824414 -0.99996 -0.00341516 0.353549 -0.923882 -0.14644 0.922714 -0.0502156 -0.382201 0.853553 -0.382682 -0.353556 0.923879 0 -0.382684 0.318188 -0.92388 -0.212607 0.318188 -0.92388 -0.212607 0.831467 -0.00242335 -0.555569 0.768177 -0.382685 -0.51328 0.831468 0.00166565 -0.55557 0.768181 0.382675 -0.513281 0.0262877 0.9995 -0.0175651 0.318186 0.92388 -0.212609 4.64258e-22 1 -1.43685e-07 0.0663221 0.996814 -0.0443145 4.59642e-22 1 -1.42256e-07 0.318186 0.923882 -0.212602 0.83143 0.00969315 -0.555544 0.768181 0.382676 -0.513281 0.83143 -0.00969303 -0.555544 0.768179 -0.382678 -0.513283 0.0115434 -0.999904 -0.00771296 0.318192 -0.923879 -0.212607 0.00741966 -0.99996 -0.00495728 0.318181 -0.923888 -0.212585 0.830421 -0.0502152 -0.554869 0.76818 -0.382675 -0.513283 0.83147 -8.03852e-07 -0.55557 0.2706 -0.923879 -0.270599 0.270599 -0.923879 -0.2706 0.707104 -0.00242335 -0.707105 0.653282 -0.382682 -0.653282 0.707105 0.00166561 -0.707106 0.653282 0.38267 -0.653289 0.0223558 0.9995 -0.0223551 0.270593 0.923885 -0.270585 -4.64259e-22 1 1.43685e-07 0.0564022 0.996814 -0.0564035 -4.59643e-22 1 1.42256e-07 0.270592 0.923881 -0.270599 0.707074 0.00969277 -0.707074 0.653288 0.382668 -0.653284 0.707074 -0.00969295 -0.707074 0.653284 -0.382668 -0.653288 0.00981695 -0.999904 -0.00981654 0.270596 -0.923879 -0.270603 0.00630997 -0.99996 -0.0063091 0.270581 -0.923893 -0.270569 0.706215 -0.0502138 -0.706214 0.653286 -0.38266 -0.65329 0.707108 -1.60771e-06 -0.707106 0.212609 -0.923878 -0.318194 0.212609 -0.923878 -0.318194 0.555569 -0.00242338 -0.831467 0.513279 -0.38269 -0.768175 0.55557 0.00166569 -0.831468 0.513278 0.382677 -0.768182 0.0175649 0.9995 -0.0262868 0.212607 0.923884 -0.318178 0 1 -0 0.0443149 0.996814 -0.0663233 0 1 -0 0.212606 0.923879 -0.318192 0.555545 0.00969315 -0.83143 0.513281 0.382679 -0.768179 0.555545 -0.00969335 -0.83143 0.51328 -0.382684 -0.768178 0.0077129 -0.999904 -0.0115431 0.212609 -0.923879 -0.318189 0.00495745 -0.99996 -0.00741963 0.212593 -0.923888 -0.318176 0.554869 -0.050214 -0.830421 0.513281 -0.382672 -0.768183 0.55557 4.01928e-07 -0.83147 0.146448 -0.923877 -0.353559 0.146449 -0.923877 -0.353559 0.382681 -0.00242343 -0.923877 0.353551 -0.382699 -0.853547 0.382681 0.00166579 -0.923879 0.353547 0.382693 -0.853552 0.012099 0.9995 -0.0292088 0.146449 0.92388 -0.353551 0 1 -0 0.0305247 0.996814 -0.0736936 0 1 -0 0.146446 0.92388 -0.353553 0.382665 0.00969337 -0.923836 0.353554 0.382686 -0.853552 0.382665 -0.00969344 -0.923836 0.353556 -0.38269 -0.853549 0.00531254 -0.999904 -0.0128261 0.146448 -0.923882 -0.353548 0.00341471 -0.99996 -0.00824479 0.146444 -0.923879 -0.353556 0.382201 -0.0502145 -0.922714 0.353552 -0.382691 -0.853551 0.382683 2.81349e-06 -0.92388 0.382685 4.7652e-07 -0.923879 0.382685 4.7652e-07 -0.923879 0.55557 1.1913e-07 -0.83147 0.55557 1.1913e-07 -0.83147 0.707107 3.5739e-07 -0.707107 0.707107 3.5739e-07 -0.707107 0.83147 3.5739e-07 -0.55557 0.83147 3.5739e-07 -0.55557 0.923879 -1.62736e-13 -0.382684 0.923879 -9.04091e-14 -0.382684 0.980785 -2.3826e-07 -0.195091 0.980785 -2.3826e-07 -0.195091 0.995185 -2.37113e-07 -0.098017 0.995185 -2.37113e-07 -0.098017 </float_array>
          <technique_common>
            <accessor count="342" offset="0" source="#meshId46-normals-array" stride="3">
              <param name="X" type="float" />
              <param name="Y" type="float" />
              <param name="Z" type="float" />
            </accessor>
          </technique_common>
        </source>
        <source id="meshId46-tangents" name="meshId46-tangents">
          <float_array id="meshId46-tangents-array" count="1026"> 0.980785 -2.72078e-06 0.195091 0.980785 -2.72078e-06 0.195091 0.995185 -2.70767e-06 0.0980168 0.995185 -2.70767e-06 0.0980168 0.980785 -1.04026e-08 0.195089 0.980785 1.61136e-08 0.19509 0.995185 5.10423e-09 0.0980157 0.995185 -1.35505e-08 0.0980175 0.980785 0 0.19509 0.980785 -1.07612e-07 0.19509 0.995185 -2.68949e-08 0.0980182 0.995185 0 0.0980183 0.995185 -1.57848e-08 0.0980177 0.980785 -2.09276e-07 0.195091 0.980785 -3.43067e-07 0.195091 0.995185 -1.1595e-07 0.0980177 0.995185 0 0.0980171 0.995185 7.78125e-08 0.0980175 0.980785 -3.60301e-07 0.195091 0.980785 -1.20324e-12 0.19509 0.980782 -0.00214139 0.195095 0.980785 -7.86194e-05 0.195091 0.995182 0.00206737 0.0980221 0.995182 -0.00215123 0.0980238 0.995185 -2.66885e-07 0.0980179 0.995185 -5.19935e-07 0.0980179 0.980785 -6.61684e-07 0.19509 0.980785 -6.43206e-07 0.19509 0.995185 -1.15265e-07 0.0980157 0.995185 0 0.0980158 0.980786 0 0.195089 0.980786 -1.40695e-07 0.195089 0.995185 -6.3603e-08 0.0980175 0.995185 -5.00729e-08 0.0980167 0.980786 -7.67422e-08 0.195088 0.980785 -1.00781e-07 0.19509 0.995094 -0.00217649 0.0989091 0.980596 -0.00229973 0.196025 0.995185 1.35163e-06 0.098016 0.995185 1.23627e-06 0.0980163 0.980785 -6.05548e-07 0.195093 0.980785 5.30188e-07 0.195092 0.993829 0.000412383 0.110924 0.994315 0.00351532 0.106416 0.980437 0.000735996 0.196833 0.98026 8.44708e-05 0.197714 0.995003 0.0042205 0.099753 0.980788 -2.77005e-05 0.195079 0.995184 1.50967e-06 0.0980196 0.980785 1.17401e-07 0.195093 0.995185 -1.41011e-07 0.098017 0.980785 -1.6885e-08 0.19509 0.995185 2.4083e-07 0.0980159 0.980785 2.22643e-07 0.195089 0.995185 -5.70924e-07 0.0980158 0.980785 9.5915e-07 0.195093 0.995185 9.36993e-08 0.0980158 0.980785 -1.89008e-06 0.195092 0.995185 2.57311e-07 0.0980165 0.980785 -2.96812e-07 0.195092 0.980785 1.39583e-07 0.195089 0.995185 7.87594e-07 0.0980163 0.980786 6.74449e-07 0.195089 0.995185 1.10739e-07 0.0980171 0.980785 -1.00085e-06 0.195094 0.995185 -1.57626e-06 0.0980184 0.99305 -1.4921e-08 0.117692 0.979853 -1.26602e-08 0.199718 0.0980172 -1.73332e-06 0.995185 0.0980172 -1.73332e-06 0.995185 0.19509 -8.70852e-07 0.980785 0.19509 -8.70852e-07 0.980785 0.0980172 -1.73332e-06 0.995185 0.0980172 -1.08806e-06 0.995185 0.19509 0 0.980785 0.19509 -3.25427e-07 0.980785 0.92388 1.12486e-08 0.382682 0.92388 3.51297e-08 0.382682 0.923881 1.59109e-06 0.38268 0.923879 -3.10744e-06 0.382685 0.92388 -3.37667e-08 0.382683 0.92388 7.54018e-09 0.382683 0.923879 9.69199e-07 0.382684 0.831469 2.496e-07 0.55557 0.83147 2.09296e-07 0.55557 0.831473 1.284e-06 0.555566 0.831472 -1.97642e-06 0.555567 0.831469 -1.18341e-07 0.555571 0.83147 -8.48409e-08 0.55557 0.83147 2.20405e-06 0.55557 0.707106 1.12487e-08 0.707108 0.707107 1.01683e-07 0.707107 0.707113 2.59581e-06 0.707101 0.707109 4.35974e-06 0.707104 0.707106 4.7502e-08 0.707108 0.707106 3.9935e-09 0.707107 0.707107 3.54585e-07 0.707107 0.555571 2.49599e-07 0.831469 0.555571 1.48078e-07 0.831469 0.55557 1.57603e-07 0.83147 0.555565 2.63986e-06 0.831473 0.555572 2.02854e-07 0.831468 0.55557 1.89696e-07 0.83147 0.55557 -2.71286e-07 0.83147 0.382683 0 0.92388 0.382683 4.07623e-08 0.92388 0.38269 1.65483e-06 0.923877 0.382688 -1.4798e-06 0.923878 0.382682 5.15316e-08 0.92388 0.382683 8.35935e-08 0.92388 0.382684 1.83821e-06 0.923879 0.19509 2.51002e-07 0.980785 0.19509 3.27136e-07 0.980785 0.195096 9.64161e-07 0.980784 0.195092 1.62385e-06 0.980785 0.19509 -2.38493e-08 0.980785 0.195091 -1.71655e-08 0.980785 0.195091 2.13764e-06 0.980785 0.0980173 2.94248e-08 0.995185 0.0980173 2.24066e-08 0.995185 0.0980169 9.82578e-08 0.995185 0.0980161 1.22892e-06 0.995185 0.0980164 7.67013e-09 0.995185 0.0980194 -8.13122e-09 0.995185 0.0980192 -7.69178e-07 0.995185 0.980785 0 0.195091 0.980785 0 0.195091 0.995185 0 0.0980171 0.995185 0 0.0980171 0.92388 0 0.382683 0.92388 0 0.382683 0.83147 0 0.55557 0.83147 0 0.55557 0.707107 0 0.707107 0.707107 0 0.707107 0.55557 3.25427e-07 0.83147 0.55557 0 0.83147 0.382683 8.70853e-07 0.92388 0.382683 5.45427e-07 0.92388 0.980785 6.6598e-08 0.19509 0.980785 1.06334e-07 0.19509 0.995185 0 0.0980172 0.995185 0 0.0980172 0.92388 -6.65979e-08 0.382684 0.92388 -6.65976e-08 0.382684 0.831469 0 0.555571 0.831469 -3.97352e-08 0.555571 0.707107 -5.45429e-07 0.707107 0.707107 -8.70857e-07 0.707107 0.55557 3.25427e-07 0.83147 0.55557 -3.25428e-07 0.83147 0.382683 8.70854e-07 0.92388 0.382683 5.45427e-07 0.92388 0.923879 1.31398e-07 0.382684 0.923879 -1.2222e-09 0.382684 0.83147 -6.76825e-08 0.55557 0.83147 -5.17766e-08 0.55557 0.707107 -3.33639e-07 0.707107 0.707107 -2.66772e-07 0.707107 0.555571 4.56963e-09 0.831469 0.55557 6.66652e-09 0.83147 0.382684 -2.04262e-07 0.92388 0.382684 -2.5692e-07 0.92388 0.19509 -2.05383e-07 0.980785 0.19509 -3.08475e-07 0.980785 0.098017 -2.10061e-09 0.995185 0.0980171 -1.02546e-07 0.995185 0.195092 3.80476e-07 0.980785 0.19509 7.36737e-07 0.980785 0.0980159 -4.71181e-07 0.995185 0.0980161 -4.00222e-07 0.995185 0.195094 0.00187335 0.980783 0.195885 0.00195653 0.980625 0.0992606 0.00303221 0.995057 0.098023 0.00251507 0.995181 0.0980173 4.53028e-05 0.995185 0.195092 -0.00127482 0.980784 0.196176 -0.00267566 0.980565 0.0980997 -0.000206054 0.995177 0.200823 -0.000185056 0.979627 0.198594 -0.00147943 0.980081 0.103672 -0.00236483 0.994609 0.105071 -0.000225515 0.994465 0.203918 9.82594e-09 0.978988 0.109784 -1.22864e-07 0.993955 0.19509 -2.16555e-07 0.980785 0.19509 -2.2091e-08 0.980785 0.0980164 -1.06178e-07 0.995185 0.0980172 2.03927e-08 0.995185 0.19509 1.04508e-06 0.980785 0.0980178 -1.23707e-07 0.995185 0.19509 -1.89913e-07 0.980785 0.195091 -4.22979e-07 0.980785 0.0980154 -3.71971e-07 0.995185 0.0980171 -2.71418e-07 0.995185 0.19509 -2.06218e-07 0.980785 0.0980172 -1.36277e-07 0.995185 0.19509 -1.15885e-07 0.980785 0.0980175 -3.73585e-07 0.995185 0.19509 -1.1934e-07 0.980785 0.195091 -2.81552e-06 0.980785 0.0980157 1.6371e-06 0.995185 0.0980164 3.47845e-07 0.995185 0.19509 -9.7743e-09 0.980785 0.098017 2.94363e-07 0.995185 0.195089 -9.5569e-07 0.980785 0.098017 3.69243e-07 0.995185 0.19509 -6.57384e-07 0.980785 0.195089 -9.14279e-07 0.980785 0.0980152 5.30982e-07 0.995185 0.0980169 -6.4374e-07 0.995185 0.19509 -5.72571e-07 0.980785 0.0980172 -1.14058e-06 0.995185 0.382682 -1.48588e-07 0.92388 0.382685 2.93178e-07 0.923879 0.382686 0.00174477 0.923877 0.38334 0.00171844 0.923606 0.382683 1.46928e-05 0.92388 0.382674 2.33359e-05 0.923884 0.380545 7.33951e-05 0.924762 0.381485 0.000540175 0.924375 0.376577 3.32768e-07 0.926385 0.382684 -6.56813e-07 0.923879 0.382683 2.91331e-07 0.92388 0.382682 -8.78272e-07 0.92388 0.382684 -3.2376e-07 0.92388 0.382685 1.24112e-06 0.923879 0.382683 -5.02278e-07 0.92388 0.38268 2.0048e-07 0.923881 0.382684 -4.83278e-07 0.923879 0.382684 -2.70937e-06 0.923879 0.382683 -3.06448e-07 0.92388 0.382684 4.37546e-06 0.923879 0.382684 -4.64319e-07 0.923879 0.382685 -1.11489e-06 0.923879 0.382684 0 0.923879 0.55557 1.75604e-07 0.83147 0.555571 3.19716e-07 0.831469 0.555573 0.0012329 0.831467 0.555973 0.00117019 0.8312 0.55557 0.000503601 0.83147 0.555203 0.00106216 0.831714 0.549789 0.000219633 0.835303 0.553263 0.001151 0.833006 0.543341 1.20625e-07 0.839512 0.555571 -4.87918e-07 0.831469 0.555571 1.18282e-07 0.831469 0.555569 -1.99412e-06 0.83147 0.55557 -2.02197e-07 0.831469 0.555569 -7.21961e-07 0.83147 0.55557 -3.0664e-08 0.831469 0.555572 -3.34907e-07 0.831469 0.555571 9.23811e-08 0.831469 0.55557 1.76665e-06 0.83147 0.555572 3.29347e-07 0.831469 0.555565 1.26007e-05 0.831473 0.55557 4.29857e-09 0.83147 0.555571 3.76897e-07 0.831469 0.55557 6.79724e-08 0.83147 0.707106 -1.66599e-07 0.707107 0.707107 -1.3648e-07 0.707106 0.707107 9.47756e-06 0.707106 0.707121 4.87085e-05 0.707092 0.707107 0.000471702 0.707107 0.706826 0.000971519 0.707387 0.705789 5.84136e-05 0.708422 0.706483 0.000358361 0.70773 0.70519 -1.01875e-07 0.709019 0.707106 1.02826e-06 0.707108 0.707107 -1.0059e-07 0.707107 0.70711 2.88123e-06 0.707103 0.707107 -1.88894e-07 0.707107 0.707105 -2.22614e-06 0.707108 0.707107 -4.48417e-07 0.707107 0.707109 -9.23601e-07 0.707104 0.707106 2.67834e-07 0.707108 0.70711 -3.4221e-06 0.707103 0.707106 6.13268e-07 0.707107 0.707105 8.04626e-06 0.707109 0.707106 2.16114e-07 0.707107 0.707109 -1.2547e-06 0.707105 0.707106 3.74166e-07 0.707108 0.831469 -1.33392e-06 0.555571 0.83147 -6.14157e-07 0.555569 0.831467 -0.00127787 0.555573 0.831169 -0.00130093 0.556019 0.83147 -0.00032266 0.55557 0.831624 -0.000659645 0.555339 0.834195 -0.000156229 0.55147 0.832946 -0.00110978 0.553353 0.837448 0 0.546517 0.831469 8.62197e-07 0.555571 0.831469 0 0.555571 0.83147 2.61712e-06 0.55557 0.831469 -8.42101e-08 0.555571 0.83147 -5.33069e-08 0.55557 0.831469 7.39641e-08 0.555571 0.83147 -1.61079e-07 0.55557 0.83147 1.84315e-08 0.55557 0.83147 1.83363e-06 0.55557 0.83147 -1.49873e-07 0.555569 0.83147 -4.52518e-06 0.55557 0.83147 -5.37025e-07 0.55557 0.831471 -7.74464e-07 0.555568 0.83147 -1.01471e-06 0.55557 0.92388 -5.69588e-07 0.382683 0.92388 1.13733e-08 0.382683 0.923877 -0.00173665 0.382685 0.923604 -0.00172812 0.383344 0.92388 -0.000486339 0.382681 0.924034 -0.000963854 0.382309 0.925997 -0.000176446 0.377532 0.924577 -0.000759874 0.380994 0.928344 0 0.371723 0.923879 2.13725e-07 0.382684 0.92388 0 0.382683 0.923881 -1.13985e-06 0.382681 0.92388 -6.48668e-08 0.382683 0.923879 5.91011e-08 0.382684 0.92388 1.25973e-07 0.382683 0.923878 2.08824e-06 0.382686 0.923879 -2.18944e-07 0.382685 0.923879 3.43726e-06 0.382684 0.923879 -3.74532e-07 0.382685 0.923881 -2.19055e-06 0.38268 0.92388 -8.42222e-07 0.382683 0.92388 4.18235e-07 0.382683 0.92388 -5.72572e-07 0.382683 0.923879 -1.36039e-06 0.382685 0.923879 -1.36039e-06 0.382685 0.83147 -1.36039e-06 0.55557 0.83147 -1.36039e-06 0.55557 0.707107 -1.96241e-06 0.707107 0.707107 -1.36039e-06 0.707107 0.55557 -2.52475e-06 0.83147 0.55557 -2.11875e-06 0.83147 0.382684 -1.6758e-06 0.923879 0.382684 -2.47385e-06 0.923879 0.195091 -1.37316e-06 0.980785 0.195091 -1.36751e-06 0.980785 0.098017 -3.70992e-14 0.995185 0.098017 -1.20538e-06 0.995185 </float_array>
          <technique_common>
            <accessor count="342" offset="0" source="#meshId46-tangents-array" stride="3">
              <param name="X" type="float" />
              <param name="Y" type="float" />
              <param name="Z" type="float" />
            </accessor>
          </technique_common>
        </source>
        <source id="meshId46-bitangents" name="meshId46-bitangents">
          <float_array id="meshId46-bitangents-array" count="1026"> -2.37217e-06 -1 -2.02052e-06 -2.37217e-06 -1 -2.02052e-06 -2.49127e-06 -1 -2.33014e-06 -2.49127e-06 -1 -2.33014e-06 -0.195088 0.00288059 0.980781 -0.195088 0.0039181 0.980778 -0.0980149 0.00393701 0.995177 -0.0980171 0.00289443 0.995181 0 1 -0 -0.0099906 0.998688 0.0502267 -0.00499567 0.9987 0.0507216 0 1 -0 -0.000837325 0.999963 0.00850162 -0.00167454 0.999963 0.00841952 -0.00167441 0.999963 0.00841954 -0.000837225 0.999964 0.00850163 0 -1 0 -0.00489819 -0.998751 0.0497328 -0.00979675 -0.998738 0.0492496 3.13647e-07 -1 -1.57682e-06 -0.00257303 -0.999995 0.00195906 0.000247862 -0.999999 -0.00164907 0.0022199 -0.999997 -0.00144705 -0.00237727 -0.999995 0.0021892 -0.000945778 -0.999954 0.00959985 0.00094499 -0.999953 -0.00959988 0.00189038 -0.999953 -0.00950697 -0.00189166 -0.999953 0.00950675 0.0977004 -0.0801463 -0.991983 0.0980158 -0 -0.995185 0.195089 -0 -0.980786 0.194467 -0.0797644 -0.977661 -0.0980135 -0.0089671 0.995145 -0.0980072 -0.0139499 0.995088 -0.19507 -0.013883 0.980691 -0.195083 -0.00892396 0.980746 -0.0396983 -0.924525 0.379049 -0.0771018 -0.923872 0.374855 -0.0904901 -0.384264 0.918778 -0.0904904 -0.384265 0.918778 -0.180243 -0.382688 0.906125 -0.180241 -0.382688 0.906125 0.110881 -0.0317649 -0.993326 0.0995897 -0.384252 -0.917841 0.182127 -0.382684 -0.90575 0.197618 -0.0316148 -0.979769 0.0418991 -0.924524 -0.378814 0.0746281 -0.92388 -0.375336 -0.0373545 -0.924531 0.379271 -0.0746595 -0.923878 0.375334 -0.0904921 -0.384253 0.918782 -0.18024 -0.382681 0.906128 0.0373535 -0.924536 -0.379259 0.0746556 -0.923884 -0.37532 0.090491 -0.384246 -0.918785 0.180243 -0.382676 -0.90613 -0.0373531 -0.924536 0.379259 -0.0746587 -0.923883 0.375323 -0.0904918 -0.384246 0.918785 -0.180242 -0.382676 0.90613 -0.180239 0.382682 0.906128 -0.0904912 0.384264 0.918778 -0.074654 0.923888 0.37531 -0.0373551 0.924531 0.379272 -0.180245 0.382658 0.906137 -0.0904933 0.384239 0.918788 0.117692 1.25899e-07 -0.99305 0.199718 6.21133e-08 -0.979853 1.69895e-07 1 1.72497e-06 1.69895e-07 1 1.72497e-06 1.69895e-07 1 8.54119e-07 1.69895e-07 1 8.54119e-07 1.69895e-07 1 1.72498e-06 1.06648e-07 1 1.08282e-06 0 1 -0 6.34876e-08 1 3.19174e-07 -1.03924e-08 1 -4.30464e-09 -0.0195969 0.998688 0.0473112 -0.146435 0.923892 0.353525 -0.353558 0.382653 0.853565 -0.382681 0.00288054 0.923876 -0.38268 0.00391804 0.923873 -0.353554 0.38268 0.853554 -2.07535e-07 1 -1.3867e-07 -0.0284513 0.998688 0.0425801 -0.212595 0.923888 0.318173 -0.513281 0.382662 0.768187 -0.555569 0.00288044 0.831465 -0.555566 0.00391788 0.831463 -0.51328 0.382682 0.768178 -7.954e-09 1 -7.95402e-09 -0.0362126 0.998688 0.0362125 -0.27059 0.923884 0.270591 -0.653282 0.382677 0.653284 -0.707105 0.00288066 0.707103 -0.707102 0.00391802 0.707101 -0.653282 0.382683 0.653282 -1.3867e-07 1 -2.07534e-07 -0.0425805 0.998688 0.0284512 -0.318177 0.923886 0.212599 -0.768184 0.382674 0.513277 -0.831465 0.00288076 0.55557 -0.831463 0.00391814 0.555566 -0.768178 0.382682 0.51328 0 1 -0 -0.0473105 0.998688 0.0195966 -0.353523 0.923893 0.146435 -0.853558 0.382666 0.353561 -0.923876 0.00288065 0.38268 -0.923873 0.00391805 0.38268 -0.853554 0.382683 0.353554 -4.89679e-08 1 -2.46179e-07 -0.0502246 0.998688 0.00998995 -0.375298 0.923893 0.0746528 -0.906134 0.382667 0.180242 -0.980781 0.00288063 0.195089 -0.980778 0.00391801 0.195089 -0.906128 0.382682 0.18024 -0.0507179 0.9987 0.00499525 -2.19623e-09 1 -2.22987e-08 -0.379246 0.924542 0.0373523 -0.918784 0.384249 0.0904909 -0.995181 0.00289458 0.098016 -0.995177 0.00393696 0.0980187 -0.918779 0.38426 0.0904941 0 1 -0 0 1 -0 0 1 -0 0 1 -0 0 1 -0 0 1 -0 0 1 -0 0 1 -0 0 1 -0 0 1 -0 -1.80797e-07 1 -2.70582e-07 0 1 -0 -3.33261e-07 1 -8.04564e-07 -2.08726e-07 1 -5.03909e-07 -6.53184e-08 1 -1.29926e-08 -1.0429e-07 1 -2.07446e-08 0 1 -0 0 1 -0 6.15284e-08 1 2.54859e-08 6.15281e-08 1 2.54858e-08 0 1 -0 3.30386e-08 1 2.20757e-08 3.85677e-07 1 3.85677e-07 6.15789e-07 1 6.15789e-07 -1.80797e-07 1 -2.70582e-07 1.80798e-07 1 2.70583e-07 -3.33261e-07 1 -8.04564e-07 -2.08726e-07 1 -5.03909e-07 -0.00328545 0.999963 0.00793143 -0.00328533 0.999963 0.00793148 -0.00476922 0.999963 0.00713777 -0.00476924 0.999963 0.00713776 -0.00606964 0.999963 0.00607011 -0.00606969 0.999963 0.00607006 -0.00713761 0.999963 0.0047692 -0.00713762 0.999963 0.0047692 -0.0079309 0.999963 0.00328531 -0.00793087 0.999963 0.00328535 -0.00841976 0.999963 0.001675 -0.00841974 0.999963 0.00167511 -0.00850245 0.999964 0.000837419 -0.00850244 0.999964 0.00083752 -0.906126 -0.382686 0.180242 -0.906126 -0.382686 0.18024 -0.918778 -0.384264 0.0904904 -0.918778 -0.384264 0.0904906 -0.00201131 -0.999995 0.00231014 -0.374923 -0.923875 0.0767363 -0.378959 -0.924521 0.0406199 -0.00215357 -0.999994 0.00273935 0.00165412 -0.999999 -0.000117395 0.00138499 -0.999998 -0.00157529 0.374756 -0.923879 -0.0774964 0.379241 -0.924535 -0.0375752 0.979137 -0.0316154 -0.200729 0.905368 -0.382675 -0.184033 0.918161 -0.384246 -0.0966174 0.993962 -0.0317679 -0.105026 0.978988 -2.04669e-09 -0.203918 0.993955 1.35705e-08 -0.109784 0.97766 -0.0797649 -0.194469 0.980785 4.39417e-09 -0.19509 0.995185 1.04576e-08 -0.0980164 0.991983 -0.0801484 -0.0977019 0.90613 -0.382678 -0.180239 0.91878 -0.384258 -0.0904926 0.00950703 -0.999953 -0.00189126 0.375325 -0.923881 -0.0746573 0.379273 -0.924531 -0.0373548 0.00960022 -0.999953 -0.000945812 -0.00950688 -0.999953 0.00189082 -0.00960004 -0.999953 0.000945385 -0.375331 -0.923879 0.0746578 -0.379273 -0.924531 0.0373549 -0.980691 -0.0138828 0.195071 -0.906126 -0.382686 0.180239 -0.91878 -0.384259 0.0904912 -0.995088 -0.0139497 0.0980069 -0.980746 -0.0089234 0.195082 -0.995145 -0.00896655 0.0980131 -0.906129 -0.38268 0.180239 -0.91878 -0.384259 0.0904919 -0.0492505 -0.998738 0.00979587 -0.375327 -0.923881 0.074656 -0.379273 -0.924531 0.0373548 -0.0497338 -0.998751 0.0048977 -1.11703e-07 -1 -5.61569e-07 -1.11797e-07 -1 -1.13509e-06 -0.853554 -0.382684 0.353552 -0.853553 -0.382684 0.353555 -0.00157117 -0.999995 0.00253933 -0.352844 -0.923876 0.148166 0.00154452 -0.999999 -0.000623859 0.353556 -0.923883 -0.14642 0.924301 -0.031616 -0.380353 0.85409 -0.382683 -0.352255 0.926385 -1.35271e-07 -0.376577 0.920936 -0.0797646 -0.381464 0.92388 -1.20673e-07 -0.382683 0.853556 -0.382679 -0.353553 0.00895537 -0.999953 -0.00370979 0.353548 -0.923882 -0.146444 -0.00895542 -0.999953 0.00370891 -0.353558 -0.923878 0.146447 -0.92379 -0.0138832 0.382647 -0.85355 -0.382692 0.353551 -0.923843 -0.00892352 0.382668 -0.853555 -0.382677 0.353556 -0.0463933 -0.998739 0.0192163 -0.353552 -0.92388 0.146446 0 -1 0 -0.768178 -0.382682 0.51328 -0.768178 -0.382682 0.513281 -0.00132998 -0.999996 0.00237146 -0.317487 -0.923878 0.213661 0.00166473 -0.999998 -0.000506659 0.318822 -0.923882 -0.211647 0.83489 -0.0316153 -0.549508 0.769842 -0.38268 -0.510783 0.839512 -7.80697e-08 -0.543341 0.82882 -0.0797646 -0.553801 0.831469 -7.90334e-08 -0.555571 0.76818 -0.382678 -0.513281 0.00805945 -0.999953 -0.0053854 0.318184 -0.923882 -0.212604 -0.00805947 -0.999953 0.00538514 -0.318185 -0.923882 0.212605 -0.831389 -0.0138831 0.555518 -0.768177 -0.382684 0.51328 -0.831436 -0.00892334 0.55555 -0.768185 -0.382664 0.513284 -0.0417524 -0.998739 0.027898 -0.318182 -0.923883 0.212604 -6.30615e-07 -1 5.03113e-07 -0.653282 -0.382685 0.65328 -0.65328 -0.382685 0.653281 -0.00170687 -0.999997 0.00172027 -0.27056 -0.92388 0.270635 0.00151131 -0.999998 -0.000844222 0.27133 -0.923885 -0.269846 0.708069 -0.0316154 -0.705435 0.653958 -0.382671 -0.652612 0.709019 1.01325e-07 -0.70519 0.704855 -0.0797656 -0.704853 0.707107 1.0059e-07 -0.707107 0.65328 -0.38268 -0.653285 0.00685369 -0.999953 -0.00685396 0.270587 -0.923886 -0.270588 -0.00685427 -0.999953 0.00685363 -0.270587 -0.923886 0.270588 -0.70704 -0.013883 0.707037 -0.653279 -0.382686 0.653283 -0.707079 -0.00892303 0.707078 -0.653291 -0.382651 0.653292 -0.0355064 -0.998739 0.0355067 -0.270582 -0.923889 0.270582 -8.72249e-07 -1 1.4014e-06 -0.51328 -0.382688 0.768175 -0.513278 -0.382688 0.768177 -0.00240886 -0.999996 0.00130501 -0.213782 -0.923876 0.317412 0.000657128 -0.999999 -0.00156423 0.212009 -0.923882 -0.318582 0.55119 -0.0316148 -0.83378 0.51088 -0.382672 -0.769782 0.546517 -0 -0.837448 0.553801 -0.0797659 -0.82882 0.555571 -0 -0.831469 0.51328 -0.382684 -0.768177 0.00538516 -0.999953 -0.00805961 0.212605 -0.923882 -0.318186 -0.00538528 -0.999953 0.00805977 -0.212608 -0.923879 0.31819 -0.555517 -0.0138828 0.831389 -0.513279 -0.382684 0.768178 -0.555547 -0.00892341 0.831437 -0.513286 -0.382664 0.768184 -0.0278978 -0.998738 0.0417511 -0.212601 -0.923884 0.31818 -6.20403e-07 -1 -8.97934e-07 -0.353553 -0.38269 0.853551 -0.353552 -0.38269 0.853551 -0.00253186 -0.999996 0.00157436 -0.148181 -0.923871 0.352852 0.00018815 -0.999999 -0.00172511 0.145484 -0.923875 -0.353962 0.377338 -0.031615 -0.925536 0.351724 -0.382682 -0.85431 0.371723 -0 -0.928344 0.381465 -0.0797653 -0.920935 0.382683 -0 -0.92388 0.35355 -0.382683 -0.853555 0.00370943 -0.999953 -0.00895553 0.146448 -0.923879 -0.353555 -0.0037094 -0.999953 0.00895562 -0.146449 -0.923877 0.35356 -0.382648 -0.0138828 0.92379 -0.353553 -0.382678 0.853556 -0.382669 -0.00892394 0.923842 -0.353551 -0.382685 0.853554 -0.019217 -0.998739 0.0463918 -0.146449 -0.923876 0.353561 5.47687e-07 -1 -2.81844e-06 -1.07448e-06 -1 -9.60848e-07 -1.07448e-06 -1 -9.60848e-07 -1.06494e-06 -1 -8.54844e-07 -1.06494e-06 -1 -8.54844e-07 -1.13492e-06 -1 -1.64035e-06 -7.09226e-07 -1 -1.21465e-06 -1.10552e-06 -1 -2.29781e-06 -8.79954e-07 -1 -1.96023e-06 -6.413e-07 -1 -1.54823e-06 -9.46701e-07 -1 -2.28554e-06 -5.01573e-07 -1 -1.3003e-06 -5.0047e-07 -1 -1.29475e-06 -2.35971e-07 -1 2.3241e-08 -3.54119e-07 -1 -1.17634e-06 </float_array>
          <technique_common>
            <accessor count="342" offset="0" source="#meshId46-bitangents-array" stride="3">
              <param name="X" type="float" />
              <param name="Y" type="float" />
              <param name="Z" type="float" />
            </accessor>
          </technique_common>
        </source>
        <source id="meshId46-tex0" name="meshId46-tex0">
          <float_array id="meshId46-tex0-array" count="684"> -0.735874 -1.16086 -0.735804 -1.23394 -0.647796 -1.23394 -0.647778 -1.16086 -0.422541 -1.27904 -0.488378 -1.7754 -0.336469 -1.7754 -0.198088 -1.27904 -0.422457 -1.2568 -0.422518 -1.27374 -0.197714 -1.27374 -0.197638 -1.2568 -0.0572746 -1.8621 -0.292978 -1.8621 -0.292981 -1.9379 -0.0573395 -1.9379 -0.620886 -1.15096 -0.620679 -1.12927 -0.712472 -1.12927 -0.712578 -1.15096 -0.840158 -0.05452 -0.840354 -0.788978 -0.787184 -0.788978 -0.786903 -0.054641 -0.558487 -0.983503 -0.558487 -0.86495 -0.668861 -0.86495 -0.668863 -0.983503 -0.56551 -0.843364 -0.566907 -0.829487 -0.674924 -0.829487 -0.674919 -0.843364 -0.620127 -1.12294 -0.604286 -1.01771 -0.709118 -1.01771 -0.712393 -1.12294 -0.786721 -0.0501585 -0.840146 -0.0499902 -0.783194 -0.0232727 -0.782777 -0.0186827 -0.837403 -0.0186827 -0.837403 -0.0232727 -0.786883 -0.794877 -0.787126 -0.791952 -0.840306 -0.792184 -0.840257 -0.795351 -0.787126 -0.791952 -0.840306 -0.792184 -0.620492 -1.1261 -0.712436 -1.1261 -0.620492 -1.1261 -0.712436 -1.1261 -0.558605 -0.861796 -0.668861 -0.861796 -0.565222 -0.846504 -0.674921 -0.846504 -0.558605 -0.986657 -0.668863 -0.986657 -0.604008 -1.01454 -0.709125 -1.01454 -0.488438 -1.78321 -0.337262 -1.78321 -0.422532 -1.27639 -0.197835 -1.27639 -0.422532 -1.27639 -0.197835 -1.27639 -0.783584 -0.822313 -0.839812 -0.823429 -1.55019 -2.05447 -1.5502 -2.14553 -1.41265 -2.14553 -1.41265 -2.05447 -1.5502 -2.20447 -1.5502 -2.29553 -1.41265 -2.29553 -1.41265 -2.20447 -0.623571 -1.2568 -0.623599 -1.27374 -0.623606 -1.27639 -0.623606 -1.27639 -0.623611 -1.27904 -0.653935 -1.7754 -0.653957 -1.78321 -0.813891 -1.2568 -0.8139 -1.27374 -0.813903 -1.27639 -0.813903 -1.27639 -0.813905 -1.27904 -0.825726 -1.7754 -0.825727 -1.78321 -0.999998 -1.2568 -0.999999 -1.27374 -1 -1.27639 -1 -1.27639 -0.999999 -1.27904 -0.999991 -1.7754 -1 -1.78321 -1.18611 -1.2568 -1.1861 -1.27374 -1.18609 -1.27639 -1.18609 -1.27639 -1.18609 -1.27904 -1.17429 -1.7754 -1.17427 -1.78321 -1.37643 -1.2568 -1.3764 -1.27374 -1.37639 -1.27639 -1.37639 -1.27639 -1.37639 -1.27904 -1.34606 -1.7754 -1.34602 -1.78321 -1.57754 -1.2568 -1.57748 -1.27374 -1.57747 -1.27639 -1.57747 -1.27639 -1.57746 -1.27904 -1.51162 -1.7754 -1.51157 -1.78321 -1.80228 -1.27374 -1.80236 -1.2568 -1.80217 -1.27639 -1.80217 -1.27639 -1.80191 -1.27904 -1.66353 -1.7754 -1.66273 -1.78321 -0.587349 -2.05447 -0.587349 -2.14553 -0.449798 -2.14553 -0.449798 -2.05447 -0.724899 -2.05447 -0.724898 -2.14553 -0.862446 -2.05447 -0.862451 -2.14553 -1 -2.05447 -0.999994 -2.14553 -1.13756 -2.05447 -1.13753 -2.14553 -1.2751 -2.05447 -1.2751 -2.14553 -0.587351 -2.20447 -0.587349 -2.29553 -0.4498 -2.29553 -0.4498 -2.20447 -0.724902 -2.20447 -0.724896 -2.29553 -0.862439 -2.20447 -0.862458 -2.29553 -0.999989 -2.20447 -1.00001 -2.29553 -1.13755 -2.20447 -1.13755 -2.29553 -1.2751 -2.20447 -1.2751 -2.29553 -0.528648 -1.8621 -0.528657 -1.9379 -0.764323 -1.8621 -0.764328 -1.9379 -0.999995 -1.8621 -1 -1.9379 -1.23567 -1.8621 -1.23567 -1.9379 -1.47134 -1.8621 -1.47134 -1.9379 -1.70702 -1.8621 -1.70702 -1.9379 -1.94273 -1.8621 -1.94266 -1.9379 -1.16259 -0.0232727 -1.16259 -0.0186827 -1.21722 -0.0186827 -1.2168 -0.0232727 -1.15983 -0.0545213 -1.15985 -0.0499942 -1.21327 -0.0501666 -1.21309 -0.0546299 -1.21282 -0.788977 -1.15965 -0.788977 -1.15969 -0.792214 -1.21288 -0.791894 -1.15974 -0.795331 -1.15969 -0.792214 -1.21288 -0.791894 -1.21312 -0.794912 -1.16019 -0.82343 -1.21641 -0.822312 -1.32508 -0.843364 -1.32507 -0.829487 -1.43309 -0.829487 -1.43449 -0.843364 -1.32508 -0.846504 -1.43478 -0.846504 -1.33114 -0.86495 -1.33114 -0.861796 -1.44139 -0.861796 -1.44151 -0.864949 -1.33113 -0.983503 -1.44151 -0.983503 -1.33113 -0.986656 -1.44139 -0.986656 -1.29088 -1.01771 -1.29087 -1.01454 -1.39599 -1.01454 -1.39571 -1.01771 -1.2876 -1.12294 -1.37986 -1.12294 -1.28756 -1.1261 -1.3795 -1.1261 -1.28753 -1.12927 -1.28756 -1.1261 -1.3795 -1.1261 -1.37932 -1.12927 -1.28742 -1.15096 -1.37913 -1.15096 -1.10838 -0.0232727 -1.10838 -0.0186827 -1.10656 -0.0544313 -1.10657 -0.0498823 -1.10635 -0.788977 -1.10632 -0.792215 -1.10629 -0.795299 -1.10632 -0.792215 -1.106 -0.823252 -1.2168 -0.843364 -1.2168 -0.829487 -1.2168 -0.846504 -1.22076 -0.86495 -1.22076 -0.861796 -1.22076 -0.983503 -1.22076 -0.986656 -1.19289 -1.01771 -1.19289 -1.01454 -1.19223 -1.12294 -1.19223 -1.1261 -1.19222 -1.12927 -1.19223 -1.1261 -1.1922 -1.15096 -1.05421 -0.0232727 -1.05421 -0.0186827 -1.05328 -0.0543286 -1.05329 -0.0497755 -1.05312 -0.788978 -1.05307 -0.792097 -1.05303 -0.795095 -1.05307 -0.792097 -1.0526 -0.821973 -1.10838 -0.843364 -1.10838 -0.829487 -1.10838 -0.846504 -1.11038 -0.86495 -1.11038 -0.861796 -1.11038 -0.983503 -1.11038 -0.986656 -1.09628 -1.01771 -1.09628 -1.01454 -1.09617 -1.12294 -1.09617 -1.1261 -1.09617 -1.12927 -1.09617 -1.1261 -1.09616 -1.15096 -1 -0.0232727 -1 -0.0186827 -0.999996 -0.0542898 -0.999996 -0.0497437 -0.999999 -0.788978 -0.999998 -0.791987 -0.999998 -0.794924 -0.999998 -0.791987 -0.999998 -0.821328 -0.999998 -0.843364 -0.999999 -0.829487 -0.999999 -0.846504 -0.999999 -0.86495 -0.999999 -0.861796 -0.999997 -0.983503 -0.999997 -0.986657 -0.999999 -1.01771 -0.999999 -1.01454 -0.999999 -1.12294 -0.999999 -1.1261 -0.999999 -1.12927 -0.999999 -1.1261 -0.999997 -1.15096 -0.945789 -0.0232727 -0.94579 -0.0186827 -0.94671 -0.05433 -0.946705 -0.0497768 -0.946877 -0.788978 -0.946923 -0.792058 -0.946968 -0.79512 -0.946923 -0.792058 -0.947397 -0.821972 -0.891622 -0.843364 -0.891622 -0.829487 -0.891622 -0.846504 -0.889618 -0.86495 -0.889618 -0.861796 -0.889622 -0.983503 -0.889623 -0.986657 -0.903713 -1.01771 -0.903713 -1.01454 -0.903826 -1.12294 -0.903827 -1.1261 -0.903829 -1.12927 -0.903827 -1.1261 -0.903833 -1.15096 -0.891615 -0.0232727 -0.891616 -0.0186827 -0.893431 -0.0544246 -0.893425 -0.0498871 -0.893647 -0.788978 -0.893675 -0.792171 -0.893704 -0.795327 -0.893675 -0.792171 -0.893995 -0.823251 -0.7832 -0.843364 -0.783202 -0.829487 -0.7832 -0.846504 -0.779242 -0.86495 -0.779242 -0.861796 -0.779238 -0.983503 -0.779238 -0.986656 -0.807109 -1.01771 -0.807111 -1.01454 -0.807765 -1.12294 -0.807772 -1.1261 -0.807778 -1.12927 -0.807772 -1.1261 -0.807795 -1.15096 -0.823883 -1.16086 -0.823901 -1.23394 -0.911989 -1.16086 -0.9119 -1.23394 -0.999976 -1.16086 -1.00002 -1.23394 -1.08811 -1.16086 -1.088 -1.23394 -1.1761 -1.16086 -1.17611 -1.23394 -1.26418 -1.16086 -1.26413 -1.23394 -1.35222 -1.23394 -1.3522 -1.16086 </float_array>
          <technique_common>
            <accessor count="342" offset="0" source="#meshId46-tex0-array" stride="2">
              <param name="S" type="float" />
              <param name="T" type="float" />
            </accessor>
          </technique_common>
        </source>
        <vertices id="meshId46-vertices">
          <input semantic="POSITION" source="#meshId46-positions" />
        </vertices>
        <polylist count="400" material="defaultMaterial">
          <input offset="0" semantic="VERTEX" source="#meshId46-vertices" />
          <input offset="0" semantic="NORMAL" source="#meshId46-normals" />
          <input offset="0" semantic="TANGENT" source="#meshId46-tangents" />
          <input offset="0" semantic="BINORMAL" source="#meshId46-bitangents" />
          <input offset="0" semantic="TEXCOORD" source="#meshId46-tex0" set="0" />
          <vcount>3 3 3 3 3 3 3 3 3 3 3 3 3 3 3 3 3 3 3 3 3 3 3 3 3 3 3 3 3 3 3 3 3 3 3 3 3 3 3 3 3 3 3 3 3 3 3 3 3 3 3 3 3 3 3 3 3 3 3 3 3 3 3 3 3 3 3 3 3 3 3 3 3 3 3 3 3 3 3 3 3 3 3 3 3 3 3 3 3 3 3 3 3 3 3 3 3 3 3 3 3 3 3 3 3 3 3 3 3 3 3 3 3 3 3 3 3 3 3 3 3 3 3 3 3 3 3 3 3 3 3 3 3 3 3 3 3 3 3 3 3 3 3 3 3 3 3 3 3 3 3 3 3 3 3 3 3 3 3 3 3 3 3 3 3 3 3 3 3 3 3 3 3 3 3 3 3 3 3 3 3 3 3 3 3 3 3 3 3 3 3 3 3 3 3 3 3 3 3 3 3 3 3 3 3 3 3 3 3 3 3 3 3 3 3 3 3 3 3 3 3 3 3 3 3 3 3 3 3 3 3 3 3 3 3 3 3 3 3 3 3 3 3 3 3 3 3 3 3 3 3 3 3 3 3 3 3 3 3 3 3 3 3 3 3 3 3 3 3 3 3 3 3 3 3 3 3 3 3 3 3 3 3 3 3 3 3 3 3 3 3 3 3 3 3 3 3 3 3 3 3 3 3 3 3 3 3 3 3 3 3 3 3 3 3 3 3 3 3 3 3 3 3 3 3 3 3 3 3 3 3 3 3 3 3 3 3 3 3 3 3 3 3 3 3 3 3 3 3 3 3 3 3 3 3 3 3 3 3 3 3 3 3 3 3 3 3 3 3 3 3 3 3 3 3 3 3 3 3 3 3 3 3 3 3 3 3 3 3 3 3 3 3 3 3 3 3 3 3 3 </vcount>
          <p>3 0 1 1 2 3 7 4 5 5 6 7 11 8 9 9 10 11 15 12 13 13 14 15 19 16 17 17 18 19 23 20 21 21 22 23 27 24 25 25 26 27 31 28 29 29 30 31 35 32 33 33 34 35 20 23 36 36 37 20 41 38 39 39 40 41 45 42 43 43 44 45 47 46 22 22 21 47 18 17 48 48 49 18 51 50 32 32 35 51 26 25 52 52 53 26 55 54 28 28 31 55 57 56 24 24 27 57 34 33 58 58 59 34 6 5 60 60 61 6 10 9 62 62 63 10 65 64 4 4 7 65 67 66 42 42 45 67 71 68 69 69 70 71 75 72 73 73 74 75 8 76 77 77 9 8 9 77 78 78 62 9 64 79 80 80 4 64 4 80 81 81 5 4 5 81 82 82 60 5 76 83 84 84 77 76 77 84 85 85 78 77 79 86 87 87 80 79 80 87 88 88 81 80 81 88 89 89 82 81 83 90 91 91 84 83 84 91 92 92 85 84 86 93 94 94 87 86 87 94 95 95 88 87 88 95 96 96 89 88 90 97 98 98 91 90 91 98 99 99 92 91 93 100 101 101 94 93 94 101 102 102 95 94 95 102 103 103 96 95 97 104 105 105 98 97 98 105 106 106 99 98 100 107 108 108 101 100 101 108 109 109 102 101 102 109 110 110 103 102 104 111 112 112 105 104 105 112 113 113 106 105 107 114 115 115 108 107 108 115 116 116 109 108 109 116 117 117 110 109 119 118 112 112 111 119 112 118 120 120 113 112 114 121 122 122 115 114 122 123 116 116 115 122 116 123 124 124 117 116 128 125 126 126 127 128 125 129 130 130 126 125 129 131 132 132 130 129 131 133 134 134 132 131 133 135 136 136 134 133 135 137 138 138 136 135 137 71 70 70 138 137 142 139 140 140 141 142 139 143 144 144 140 139 143 145 146 146 144 143 145 147 148 148 146 145 147 149 150 150 148 147 149 151 152 152 150 149 151 75 74 74 152 151 154 14 13 13 153 154 156 154 153 153 155 156 158 156 155 155 157 158 160 158 157 157 159 160 162 160 159 159 161 162 164 162 161 161 163 164 166 164 163 163 165 166 170 167 168 168 169 170 174 171 172 172 173 174 171 174 175 175 176 171 178 177 176 176 175 178 182 179 180 180 181 182 184 183 179 179 182 184 188 185 186 186 187 188 190 189 185 185 188 190 194 191 192 192 193 194 196 195 191 191 194 196 198 197 195 195 196 198 202 199 200 200 201 202 204 203 199 199 202 204 206 205 203 203 204 206 210 207 208 208 209 210 212 211 207 207 210 212 167 213 214 214 168 167 171 215 216 216 172 171 215 171 176 176 217 215 177 218 217 217 176 177 179 219 220 220 180 179 183 221 219 219 179 183 185 222 223 223 186 185 189 224 222 222 185 189 191 225 226 226 192 191 195 227 225 225 191 195 197 228 227 227 195 197 199 229 230 230 200 199 203 231 229 229 199 203 205 232 231 231 203 205 207 233 234 234 208 207 211 235 233 233 207 211 213 236 237 237 214 213 215 238 239 239 216 215 238 215 217 217 240 238 218 241 240 240 217 218 219 242 243 243 220 219 221 244 242 242 219 221 222 245 246 246 223 222 224 247 245 245 222 224 225 248 249 249 226 225 227 250 248 248 225 227 228 251 250 250 227 228 229 252 253 253 230 229 231 254 252 252 229 231 232 255 254 254 231 232 233 256 257 257 234 233 235 258 256 256 233 235 236 259 260 260 237 236 238 261 262 262 239 238 261 238 240 240 263 261 241 264 263 263 240 241 242 265 266 266 243 242 244 267 265 265 242 244 245 268 269 269 246 245 247 270 268 268 245 247 248 271 272 272 249 248 250 273 271 271 248 250 251 274 273 273 250 251 252 275 276 276 253 252 254 277 275 275 252 254 255 278 277 277 254 255 256 279 280 280 257 256 258 281 279 279 256 258 259 282 283 283 260 259 261 284 285 285 262 261 284 261 263 263 286 284 264 287 286 286 263 264 265 288 289 289 266 265 267 290 288 288 265 267 268 291 292 292 269 268 270 293 291 291 268 270 271 294 295 295 272 271 273 296 294 294 271 273 274 297 296 296 273 274 275 298 299 299 276 275 277 300 298 298 275 277 278 301 300 300 277 278 279 302 303 303 280 279 281 304 302 302 279 281 282 305 306 306 283 282 284 307 308 308 285 284 307 284 286 286 309 307 287 310 309 309 286 287 288 311 312 312 289 288 290 313 311 311 288 290 291 314 315 315 292 291 293 316 314 314 291 293 294 317 318 318 295 294 296 319 317 317 294 296 297 320 319 319 296 297 298 321 322 322 299 298 300 323 321 321 298 300 301 324 323 323 300 301 302 325 326 326 303 302 304 327 325 325 302 304 305 41 40 40 306 305 307 20 37 37 308 307 20 307 309 309 21 20 310 47 21 21 309 310 311 45 44 44 312 311 313 67 45 45 311 313 314 31 30 30 315 314 316 55 31 31 314 316 317 26 53 53 318 317 319 27 26 26 317 319 320 57 27 27 319 320 321 34 59 59 322 321 323 35 34 34 321 323 324 51 35 35 323 324 325 18 49 49 326 325 327 19 18 18 325 327 0 328 329 329 1 0 328 330 331 331 329 328 330 332 333 333 331 330 332 334 335 335 333 332 334 336 337 337 335 334 336 338 339 339 337 336 341 340 339 339 338 341 </p>
        </polylist>
      </mesh>
    </geometry>
    <geometry id="meshId47" name="meshId47_name" >
      <mesh>
        <source id="meshId47-positions" name="meshId47-positions">
          <float_array id="meshId47-positions-array" count="1146"> -0.172755 0.187789 0.709008 -0.172755 0.186696 0.709345 -0.206289 0.186696 0.706042 -0.206223 0.187789 0.705711 -0.172755 0.189723 0.709176 -0.172755 0.189182 0.709008 -0.206223 0.189182 0.705712 -0.206256 0.189723 0.705876 -0.206198 0.158076 0.705588 -0.172755 0.158076 0.708882 -0.172755 0.156441 0.710213 -0.206458 0.156441 0.706894 -0.172755 0.159522 0.708882 -0.206198 0.159522 0.705588 -0.206338 0.161157 0.706288 -0.172755 0.161157 0.709596 -0.172755 0.190265 0.747729 -0.172755 0.190265 0.710111 -0.206438 0.190265 0.706793 -0.213777 0.190265 0.743689 -0.172755 -0.190265 0.812818 -0.172755 -0.190265 0.812818 -0.448114 -0.190265 0.537459 -0.448114 -0.190265 0.537459 -0.172755 0.157408 0.999999 -0.262993 0.157408 0.991112 -0.262629 0.155245 0.989286 -0.172755 0.155245 0.998138 -0.172755 0.161081 0.998836 -0.262766 0.161081 0.989971 -0.262993 0.158929 0.991112 -0.172755 0.158929 0.999999 -0.635146 0.187131 0.537459 -0.634431 0.185487 0.537459 -0.62556 0.185487 0.627528 -0.626261 0.187131 0.627667 -0.634789 0.189395 0.537459 -0.635145 0.188577 0.537459 -0.626261 0.188577 0.627667 -0.625911 0.189395 0.627598 -0.616112 0.190212 0.537459 -0.63354 0.190212 0.537459 -0.624686 0.190212 0.627354 -0.607593 0.190212 0.623954 -0.206367 0.190146 0.706438 -0.172755 0.190146 0.709748 -0.625418 0.18999 0.6275 -0.634286 0.18999 0.537459 -0.213898 0.190009 0.744295 -0.172755 0.190009 0.748347 -0.213948 0.18939 0.744546 -0.172755 0.18939 0.748603 -0.606986 0.189956 0.623833 -0.615493 0.189956 0.537459 -0.606735 0.189338 0.623783 -0.615237 0.189338 0.537459 -0.443287 -0.0523446 0.537459 -0.442124 -0.0545076 0.537459 -0.436948 -0.0545076 0.59001 -0.438089 -0.0523446 0.590237 -0.442124 -0.0486709 0.537459 -0.443287 -0.0508233 0.537459 -0.438089 -0.0508233 0.590237 -0.436948 -0.0486709 0.59001 -0.443137 -0.022621 0.537459 -0.442423 -0.0242658 0.537459 -0.437241 -0.0242658 0.590069 -0.437942 -0.022621 0.590208 -0.442424 -0.0195401 0.537459 -0.443137 -0.0211752 0.537459 -0.437942 -0.0211752 0.590208 -0.437242 -0.0195401 0.590069 -0.443287 0.0525262 0.537459 -0.442124 0.0503632 0.537459 -0.436948 0.0503632 0.59001 -0.438089 0.0525262 0.590237 -0.442124 0.0561999 0.537459 -0.443287 0.0540475 0.537459 -0.438089 0.0540475 0.590237 -0.436948 0.0561999 0.59001 -0.443137 0.0822498 0.537459 -0.442423 0.080605 0.537459 -0.437241 0.080605 0.590069 -0.437942 0.0822498 0.590208 -0.442424 0.0853307 0.537459 -0.443137 0.0836956 0.537459 -0.437942 0.0836955 0.590208 -0.437242 0.0853307 0.590069 -0.349317 0.161081 0.963716 -0.349762 0.158929 0.96479 -0.349762 0.157408 0.96479 -0.34905 0.155245 0.963071 -0.429083 0.161081 0.92108 -0.429729 0.158929 0.922047 -0.429729 0.157408 0.922047 -0.428695 0.155245 0.9205 -0.498998 0.161081 0.863702 -0.499821 0.158929 0.864524 -0.499821 0.157408 0.864524 -0.498505 0.155245 0.863208 -0.556376 0.161081 0.793786 -0.557343 0.158929 0.794433 -0.557343 0.157408 0.794433 -0.555796 0.155245 0.793399 -0.599012 0.161081 0.71402 -0.600087 0.158929 0.714466 -0.600087 0.157408 0.714466 -0.598367 0.155245 0.713753 -0.625267 0.161081 0.627469 -0.626408 0.158929 0.627696 -0.626408 0.157408 0.627696 -0.624582 0.155245 0.627333 -0.634132 0.161081 0.537459 -0.635295 0.158929 0.537459 -0.635295 0.157408 0.537459 -0.633434 0.155245 0.537459 -0.172755 -0.0523446 0.807991 -0.225534 -0.0523446 0.802793 -0.225307 -0.0545076 0.801651 -0.172755 -0.0545076 0.806827 -0.172755 -0.0508233 0.807991 -0.225534 -0.0508233 0.802793 -0.172755 -0.0486709 0.806827 -0.225307 -0.0486709 0.801651 -0.276283 -0.0523446 0.787398 -0.275838 -0.0545076 0.786323 -0.276283 -0.0508233 0.787398 -0.275838 -0.0486709 0.786323 -0.323055 -0.0523446 0.762398 -0.322408 -0.0545076 0.761431 -0.323055 -0.0508233 0.762398 -0.322408 -0.0486709 0.761431 -0.36405 -0.0523446 0.728754 -0.363228 -0.0545076 0.727931 -0.36405 -0.0508233 0.728754 -0.363228 -0.0486709 0.727931 -0.397694 -0.0523446 0.687759 -0.396727 -0.0545076 0.687112 -0.397694 -0.0508233 0.687759 -0.396727 -0.0486709 0.687112 -0.422694 -0.0523446 0.640987 -0.421619 -0.0545076 0.640542 -0.422694 -0.0508233 0.640987 -0.421619 -0.0486709 0.640542 -0.172755 -0.022621 0.807841 -0.225504 -0.022621 0.802646 -0.225365 -0.0242658 0.801945 -0.172755 -0.0242658 0.807126 -0.172755 -0.0211753 0.807841 -0.225504 -0.0211753 0.802645 -0.172755 -0.0195401 0.807127 -0.225365 -0.0195401 0.801946 -0.276226 -0.022621 0.78726 -0.275953 -0.0242658 0.786599 -0.276226 -0.0211753 0.787259 -0.275953 -0.0195401 0.7866 -0.322972 -0.022621 0.762274 -0.322575 -0.0242658 0.761679 -0.322971 -0.0211753 0.762273 -0.322575 -0.0195401 0.76168 -0.363944 -0.022621 0.728648 -0.363439 -0.0242658 0.728143 -0.363944 -0.0211753 0.728648 -0.36344 -0.0195401 0.728143 -0.39757 -0.022621 0.687675 -0.396975 -0.0242658 0.687278 -0.397569 -0.0211753 0.687675 -0.396976 -0.0195401 0.687279 -0.422556 -0.022621 0.64093 -0.421895 -0.0242658 0.640656 -0.422555 -0.0211753 0.64093 -0.421896 -0.0195401 0.640657 -0.172755 0.0525262 0.807991 -0.225534 0.0525262 0.802793 -0.225307 0.0503632 0.801651 -0.172755 0.0503632 0.806827 -0.172755 0.0540475 0.807991 -0.225534 0.0540475 0.802793 -0.172755 0.0561999 0.806827 -0.225307 0.0561999 0.801651 -0.276283 0.0525262 0.787398 -0.275838 0.0503632 0.786323 -0.276283 0.0540475 0.787398 -0.275838 0.0561999 0.786323 -0.323055 0.0525262 0.762398 -0.322408 0.0503632 0.761431 -0.323055 0.0540475 0.762398 -0.322408 0.0561999 0.761431 -0.36405 0.0525262 0.728754 -0.363228 0.0503632 0.727931 -0.36405 0.0540475 0.728754 -0.363228 0.0561999 0.727931 -0.397694 0.0525262 0.687759 -0.396727 0.0503632 0.687112 -0.397694 0.0540475 0.687759 -0.396727 0.0561999 0.687112 -0.422694 0.0525262 0.640987 -0.421619 0.0503632 0.640542 -0.422694 0.0540475 0.640987 -0.421619 0.0561999 0.640542 -0.172755 0.0822498 0.807841 -0.225504 0.0822498 0.802646 -0.225365 0.080605 0.801945 -0.172755 0.080605 0.807126 -0.172755 0.0836955 0.807841 -0.225504 0.0836955 0.802645 -0.172755 0.0853307 0.807127 -0.225365 0.0853307 0.801946 -0.276226 0.0822498 0.78726 -0.275953 0.080605 0.786599 -0.276226 0.0836955 0.787259 -0.275953 0.0853307 0.7866 -0.322972 0.0822498 0.762274 -0.322575 0.080605 0.761679 -0.322971 0.0836955 0.762273 -0.322575 0.0853307 0.76168 -0.363944 0.0822498 0.728648 -0.363439 0.080605 0.728143 -0.363944 0.0836955 0.728648 -0.36344 0.0853307 0.728143 -0.39757 0.0822498 0.687675 -0.396975 0.080605 0.687278 -0.397569 0.0836955 0.687675 -0.396976 0.0853307 0.687279 -0.422556 0.0822498 0.64093 -0.421895 0.080605 0.640656 -0.422555 0.0836955 0.64093 -0.421896 0.0853307 0.640657 -0.172755 0.187131 0.99985 -0.262963 0.187131 0.990965 -0.262824 0.185487 0.990264 -0.172755 0.185487 0.999135 -0.172755 0.188577 0.999849 -0.262963 0.188577 0.990964 -0.172755 0.189395 0.999493 -0.262894 0.189395 0.990615 -0.172755 0.18999 0.99899 -0.262796 0.18999 0.990122 -0.172755 0.190212 0.998244 -0.26265 0.190212 0.98939 -0.172755 0.190212 0.980815 -0.25925 0.190212 0.972296 -0.172755 0.189956 0.980197 -0.259129 0.189956 0.97169 -0.172755 0.189338 0.979941 -0.259079 0.189338 0.971439 -0.349705 0.187131 0.964652 -0.349431 0.185487 0.963992 -0.349704 0.188577 0.964652 -0.349568 0.189395 0.964322 -0.349376 0.18999 0.963858 -0.34909 0.190212 0.963169 -0.342421 0.190212 0.947067 -0.342184 0.189956 0.946496 -0.342086 0.189338 0.946259 -0.429646 0.187131 0.921923 -0.429249 0.185487 0.921328 -0.429646 0.188577 0.921922 -0.429448 0.189395 0.921626 -0.429168 0.18999 0.921208 -0.428754 0.190212 0.920588 -0.419071 0.190212 0.906096 -0.418728 0.189956 0.905582 -0.418585 0.189338 0.905369 -0.499715 0.187131 0.864419 -0.499209 0.185487 0.863913 -0.499715 0.188577 0.864418 -0.499462 0.189395 0.864166 -0.499107 0.18999 0.863811 -0.49858 0.190212 0.863283 -0.486256 0.190212 0.850959 -0.485819 0.189956 0.850522 -0.485637 0.189338 0.850341 -0.557219 0.187131 0.79435 -0.556625 0.185487 0.793952 -0.557219 0.188577 0.794349 -0.556922 0.189395 0.794151 -0.556504 0.18999 0.793872 -0.555884 0.190212 0.793458 -0.541393 0.190212 0.783775 -0.540879 0.189956 0.783431 -0.540666 0.189338 0.783289 -0.599949 0.187131 0.714409 -0.599288 0.185486 0.714135 -0.599948 0.188577 0.714408 -0.599618 0.189395 0.714272 -0.599154 0.18999 0.71408 -0.598465 0.190212 0.713794 -0.582363 0.190212 0.707124 -0.581792 0.189956 0.706888 -0.581555 0.189338 0.70679 -0.344304 0.187789 0.537459 -0.341008 0.187789 0.570927 -0.341339 0.186696 0.570993 -0.344641 0.186696 0.537459 -0.344305 0.189182 0.537459 -0.341008 0.189182 0.570927 -0.344472 0.189723 0.537459 -0.341173 0.189723 0.57096 -0.345045 0.190146 0.537459 -0.341734 0.190146 0.571071 -0.345407 0.190265 0.537459 -0.342089 0.190265 0.571142 -0.383025 0.190265 0.537459 -0.378985 0.190265 0.578481 -0.383643 0.190009 0.537459 -0.379591 0.190009 0.578601 -0.3839 0.18939 0.537459 -0.379842 0.18939 0.578651 -0.331246 0.187789 0.603108 -0.331557 0.186696 0.603237 -0.331246 0.189182 0.603108 -0.331401 0.189723 0.603172 -0.33193 0.190146 0.603391 -0.332265 0.190265 0.60353 -0.367019 0.190265 0.617926 -0.367591 0.190009 0.618163 -0.367827 0.18939 0.618261 -0.315393 0.187789 0.632766 -0.315673 0.186696 0.632954 -0.315393 0.189182 0.632767 -0.315533 0.189723 0.63286 -0.316009 0.190146 0.633178 -0.31631 0.190265 0.633379 -0.347588 0.190265 0.654279 -0.348102 0.190009 0.654622 -0.348315 0.18939 0.654765 -0.294059 0.187789 0.658762 -0.294297 0.186696 0.659001 -0.294059 0.189182 0.658763 -0.294177 0.189723 0.658881 -0.294582 0.190146 0.659286 -0.294838 0.190265 0.659542 -0.321438 0.190265 0.686142 -0.321876 0.190009 0.68658 -0.322057 0.18939 0.686761 -0.268063 0.187789 0.680097 -0.26825 0.186696 0.680377 -0.268063 0.189182 0.680097 -0.268156 0.189723 0.680236 -0.268474 0.190146 0.680712 -0.268675 0.190265 0.681014 -0.289575 0.190265 0.712292 -0.289919 0.190009 0.712806 -0.290061 0.18939 0.713019 -0.238404 0.187789 0.695949 -0.238533 0.186696 0.696261 -0.238404 0.189182 0.69595 -0.238469 0.189723 0.696105 -0.238688 0.190146 0.696634 -0.238826 0.190265 0.696968 -0.253222 0.190265 0.731723 -0.253459 0.190009 0.732294 -0.253557 0.18939 0.732531 -0.344178 0.158076 0.537459 -0.340884 0.158076 0.570902 -0.34219 0.156441 0.571162 -0.34551 0.156441 0.537459 -0.344178 0.159522 0.537459 -0.340885 0.159522 0.570902 -0.344892 0.161157 0.537459 -0.341584 0.161157 0.571041 -0.331129 0.158076 0.60306 -0.33236 0.156441 0.603569 -0.33113 0.159522 0.60306 -0.331789 0.161157 0.603333 -0.315288 0.158076 0.632697 -0.316395 0.156441 0.633436 -0.315288 0.159522 0.632697 -0.315882 0.161157 0.633093 -0.293969 0.158077 0.658673 -0.294911 0.156441 0.659615 -0.29397 0.159522 0.658674 -0.294474 0.161157 0.659178 -0.267993 0.158077 0.679992 -0.268733 0.156441 0.681099 -0.267993 0.159522 0.679992 -0.268389 0.161157 0.680585 -0.238356 0.158076 0.695833 -0.238866 0.156441 0.697063 -0.238356 0.159522 0.695833 -0.238629 0.161157 0.696492 </float_array>
          <technique_common>
            <accessor count="382" offset="0" source="#meshId47-positions-array" stride="3">
              <param name="X" type="float" />
              <param name="Y" type="float" />
              <param name="Z" type="float" />
            </accessor>
          </technique_common>
        </source>
        <source id="meshId47-normals" name="meshId47-normals">
          <float_array id="meshId47-normals-array" count="1146"> 0.0963365 -0.184396 -0.978119 0.093689 -0.29389 -0.951237 0.186397 -0.295182 -0.937083 0.194362 -0.0863349 -0.977123 0.0778593 0.607464 -0.790522 0.0978922 0.050418 -0.993919 0.193322 0.13436 -0.971892 0.159999 0.657942 -0.735875 0.177118 -0.396973 -0.900579 0.0940753 -0.280732 -0.955165 0.0761565 -0.629536 -0.77323 0.176073 -0.631173 -0.755394 0.0938473 0.288504 -0.952868 0.192046 0.225848 -0.955045 0.149319 0.399631 -0.904433 0.0899096 0.398213 -0.912876 -0.000724465 0.999973 0.00735553 0.000308821 0.999995 -0.00313555 0.000346424 0.999998 -0.00209883 -0.0022682 0.99995 0.00972081 0 -1 0 0 -1 0 0 -1 0 0 -1 0 -0.0828109 -0.534996 0.840786 -0.17909 -0.450715 0.874518 -0.123365 -0.652066 0.748058 -0.0744487 -0.650458 0.755884 -0.0863212 0.473724 0.876433 -0.199917 0.475279 0.856821 -0.180759 0.301805 0.936077 -0.0956704 0.217544 0.971351 -0.953135 -0.287613 0.0938759 -0.913399 -0.397 0.0899625 -0.899487 -0.398637 0.178919 -0.968867 -0.155425 0.192719 -0.851461 0.51767 0.0838616 -0.99063 0.0955666 0.0975689 -0.955486 0.225665 0.190058 -0.819777 0.544416 0.177702 0.0139168 0.999902 -0.00137068 -0.0122449 0.999924 0.00120602 -0.00933625 0.999955 0.00154019 0.0203799 0.999781 -0.00475328 0.088763 0.865354 -0.493237 0.0446483 0.890225 -0.453327 -0.538962 0.836512 0.0988311 -0.461979 0.885723 0.0455012 -0.147456 0.706871 0.691802 -0.0782806 0.601814 0.794791 -0.150443 0.382567 0.911597 -0.0906203 0.381081 0.92009 0.691526 0.707166 -0.147338 0.794684 0.601957 -0.078269 0.911612 0.382545 -0.150409 0.920027 0.381233 -0.0906136 -0.925343 -0.368014 0.0911387 -0.877396 -0.471921 0.0864164 -0.863766 -0.473697 0.171813 -0.957172 -0.218109 0.190393 -0.876435 0.47372 0.0863218 -0.971354 0.217529 0.0956705 -0.910904 0.370707 0.18119 -0.862815 0.475494 0.171625 -0.953144 -0.287583 0.0938764 -0.913392 -0.397016 0.0899608 -0.89949 -0.398628 0.17892 -0.968862 -0.155452 0.192719 -0.912881 0.3982 0.0899113 -0.983136 0.155136 0.0968307 -0.938782 0.289514 0.186736 -0.898981 0.39982 0.178819 -0.925343 -0.368013 0.0911388 -0.877395 -0.471921 0.0864163 -0.863767 -0.473695 0.171814 -0.957172 -0.218109 0.190393 -0.876434 0.473721 0.0863217 -0.971354 0.217528 0.0956705 -0.910904 0.370708 0.18119 -0.862814 0.475496 0.171624 -0.953143 -0.287585 0.0938762 -0.913392 -0.397017 0.0899608 -0.899488 -0.398634 0.178919 -0.968862 -0.155452 0.192719 -0.912883 0.398197 0.0899115 -0.983136 0.155136 0.0968308 -0.938782 0.289512 0.186736 -0.898984 0.399815 0.178819 -0.363234 0.475279 0.801356 -0.359907 0.301792 0.88283 -0.34626 -0.450709 0.822779 -0.266934 -0.652064 0.709619 -0.512587 0.475292 0.715089 -0.525222 0.301799 0.795651 -0.500124 -0.450704 0.739419 -0.40025 -0.652053 0.643916 -0.642243 0.475294 0.601348 -0.670352 0.301806 0.677895 -0.634763 -0.45072 0.627637 -0.518178 -0.652058 0.553454 -0.747223 0.475289 0.464498 -0.789723 0.301804 0.53409 -0.745012 -0.450719 0.49174 -0.616189 -0.652067 0.441724 -0.823492 0.475274 0.3098 -0.878747 0.301796 0.369761 -0.826637 -0.450706 0.33695 -0.690528 -0.652063 0.313025 -0.862831 0.475464 0.171628 -0.910882 0.370763 0.181186 -0.923533 -0.33666 0.183702 -0.743438 -0.652252 0.147879 -0.876446 0.4737 0.0863228 -0.971355 0.217523 0.095671 -0.840797 -0.53498 0.0828116 -0.755889 -0.650453 0.0744482 -0.0911385 -0.368016 0.925342 -0.191317 -0.300961 0.934248 -0.143314 -0.473501 0.869056 -0.086417 -0.471916 0.877398 -0.09567 0.217522 0.971355 -0.180794 0.301736 0.936092 -0.0863219 0.473716 0.876437 -0.199948 0.475305 0.8568 -0.369903 -0.300968 0.878971 -0.310101 -0.473519 0.824389 -0.359941 0.301749 0.882831 -0.363257 0.475315 0.801324 -0.534275 -0.300963 0.789919 -0.464973 -0.473518 0.748051 -0.525256 0.301749 0.795647 -0.512609 0.475307 0.715063 -0.678115 -0.300959 0.67051 -0.601977 -0.473514 0.642968 -0.670388 0.301746 0.677886 -0.642264 0.475302 0.601319 -0.795898 -0.300951 0.525333 -0.715852 -0.473505 0.513176 -0.789757 0.301738 0.534076 -0.747239 0.475292 0.464469 -0.883092 -0.300952 0.359967 -0.802215 -0.4735 0.363661 -0.878776 0.301735 0.369741 -0.823494 0.475293 0.309764 -0.0938785 -0.28757 0.953148 -0.19206 -0.225124 0.955213 -0.149268 -0.398471 0.904953 -0.0899598 -0.397064 0.913372 -0.0968292 0.155179 0.983129 -0.188173 0.225614 0.955871 -0.0899089 0.398207 0.912879 -0.208289 0.399639 0.892695 -0.37472 -0.225144 0.899386 -0.322949 -0.398459 0.858449 -0.371039 0.225621 0.900792 -0.378445 0.399636 0.834908 -0.542981 -0.225148 0.808999 -0.484216 -0.398472 0.778945 -0.539643 0.225636 0.811094 -0.534054 0.399642 0.745032 -0.690378 -0.225134 0.687526 -0.626869 -0.398496 0.669504 -0.687509 0.225645 0.690229 -0.669142 0.399636 0.62653 -0.811245 -0.225124 0.539631 -0.745444 -0.398477 0.534349 -0.80896 0.225623 0.542843 -0.778518 0.399627 0.48395 -0.900934 -0.225124 0.370996 -0.835372 -0.398464 0.378655 -0.899321 0.225616 0.374592 -0.857971 0.399631 0.322769 -0.0911385 -0.368016 0.925342 -0.191317 -0.300962 0.934248 -0.143314 -0.473502 0.869055 -0.086417 -0.471917 0.877398 -0.09567 0.217522 0.971355 -0.180794 0.301735 0.936093 -0.0863219 0.473715 0.876437 -0.199948 0.475305 0.8568 -0.369903 -0.300969 0.878971 -0.310101 -0.473519 0.824389 -0.359941 0.301748 0.882831 -0.363257 0.475315 0.801324 -0.534275 -0.300962 0.789919 -0.464973 -0.473519 0.748051 -0.525256 0.301749 0.795647 -0.512609 0.475309 0.715062 -0.678116 -0.300958 0.67051 -0.601978 -0.473513 0.642968 -0.670387 0.301747 0.677886 -0.642263 0.475304 0.601318 -0.795898 -0.30095 0.525333 -0.715854 -0.473501 0.513177 -0.789757 0.30174 0.534076 -0.747238 0.475294 0.464468 -0.883092 -0.300951 0.359967 -0.802217 -0.473496 0.363662 -0.878776 0.301736 0.36974 -0.823493 0.475296 0.309764 -0.0938785 -0.28757 0.953147 -0.192059 -0.225124 0.955213 -0.149268 -0.398471 0.904953 -0.0899598 -0.397065 0.913371 -0.0968292 0.155179 0.98313 -0.188173 0.225613 0.955871 -0.0899089 0.398207 0.912879 -0.208289 0.399639 0.892695 -0.37472 -0.225145 0.899386 -0.322948 -0.398462 0.858448 -0.371039 0.22562 0.900792 -0.378445 0.399636 0.834908 -0.542981 -0.225149 0.808999 -0.484215 -0.398476 0.778943 -0.539644 0.225635 0.811094 -0.534054 0.399641 0.745032 -0.690378 -0.225135 0.687526 -0.626867 -0.398502 0.669503 -0.68751 0.225643 0.690229 -0.669143 0.399633 0.626531 -0.811244 -0.225125 0.539631 -0.745442 -0.398483 0.534347 -0.80896 0.225621 0.542843 -0.778519 0.399624 0.483951 -0.900933 -0.225125 0.370996 -0.83537 -0.398471 0.378654 -0.899321 0.225614 0.374592 -0.857973 0.399627 0.32277 -0.0938748 -0.287635 0.953128 -0.192076 -0.225162 0.955201 -0.149289 -0.398468 0.904951 -0.0899587 -0.397062 0.913373 -0.0975688 0.0955658 0.99063 -0.201532 0.155886 0.966998 -0.0861591 0.476797 0.874781 -0.171057 0.519531 0.837154 -0.0617275 0.776789 0.626729 -0.114944 0.836512 0.535757 -0.00231815 0.99972 0.0235365 -0.00281912 0.999923 0.0120838 0.000697581 0.999975 -0.00708269 0.00228228 0.999902 -0.013828 0.0593511 0.795829 -0.602606 0.128512 0.707174 -0.695262 0.0906183 0.38114 -0.920066 0.209899 0.382558 -0.899773 -0.374735 -0.22517 0.899373 -0.322963 -0.398501 0.858424 -0.386311 0.155904 0.909097 -0.331093 0.519521 0.787702 -0.217259 0.836507 0.503046 -0.00512242 0.999923 0.0113017 0.00493629 0.999902 -0.0131175 0.261678 0.707187 -0.656819 0.381409 0.382521 -0.841549 -0.542996 -0.225153 0.808988 -0.484233 -0.39848 0.77893 -0.556247 0.155868 0.816269 -0.47841 0.519505 0.707982 -0.311215 0.836516 0.450983 -0.00722919 0.999923 0.0100856 0.00740055 0.999902 -0.0119025 0.384789 0.707187 -0.593147 0.538247 0.382568 -0.750954 -0.690387 -0.22516 0.68751 -0.62689 -0.398479 0.669495 -0.704808 0.155836 0.69207 -0.607324 0.519538 0.601031 -0.393215 0.836519 0.381599 -0.00905798 0.999923 0.00848142 0.00958051 0.999902 -0.0102306 0.493122 0.707172 -0.506693 0.674413 0.382553 -0.631522 -0.811247 -0.225161 0.539611 -0.745464 -0.398457 0.534336 -0.826274 0.155894 0.541265 -0.712891 0.519575 0.470986 -0.460135 0.836497 0.297573 -0.0105378 0.999923 0.00655066 0.0113915 0.999902 -0.00816428 0.582493 0.707179 -0.40075 0.784646 0.382589 -0.487807 -0.900933 -0.225156 0.370977 -0.835382 -0.398463 0.378635 -0.915989 0.155926 0.369664 -0.791112 0.519514 0.322873 -0.509344 0.836499 0.202086 -0.0116131 0.999923 0.00436916 0.0127649 0.999902 -0.00578469 0.649482 0.70718 -0.27941 0.864747 0.382558 -0.325363 0.978119 -0.1844 -0.0963359 0.972656 -0.134303 -0.189484 0.942719 -0.295079 -0.155594 0.951234 -0.293897 -0.0936871 0.993918 0.0504335 -0.0978923 0.974193 0.0865979 -0.208445 0.853357 0.514507 -0.0840477 0.777166 0.609185 -0.157818 0.537818 0.841396 -0.0529697 0.489657 0.865356 -0.106747 0.00620694 0.999981 -0.000611329 0.00284895 0.999996 -0.000664428 -0.00370539 0.999993 0.000364949 -0.00703175 0.999975 0.00115981 -0.602905 0.7956 0.0593811 -0.695555 0.706887 0.128507 -0.920056 0.381162 0.0906178 -0.899791 0.382535 0.209865 0.917001 -0.134295 -0.375599 0.894261 -0.295042 -0.336524 0.91481 0.0865744 -0.394497 0.731448 0.609179 -0.306405 0.45942 0.865358 -0.200222 0.00266459 0.999996 -0.00120747 -0.00667036 0.999975 0.00250934 -0.657113 0.706895 0.26173 -0.841579 0.38248 0.381384 0.826103 -0.134311 -0.547279 0.811422 -0.295054 -0.504517 0.82027 0.0865678 -0.565387 0.657606 0.609197 -0.443208 0.411529 0.86536 -0.286001 0.00237782 0.999996 -0.0017041 -0.00605219 0.999975 0.00376214 -0.59344 0.706877 0.384907 -0.751002 0.382487 0.538237 0.70346 -0.134316 -0.697928 0.697411 -0.295022 -0.653131 0.694206 0.0865843 -0.71455 0.558499 0.609208 -0.562978 0.347831 0.865354 -0.360798 0.00199968 0.999996 -0.00213524 -0.00520172 0.999975 0.00487041 -0.506952 0.706869 0.493291 -0.631571 0.382474 0.674412 0.553784 -0.134319 -0.821755 0.55659 -0.295028 -0.776637 0.541466 0.0865773 -0.836253 0.437939 0.609201 -0.661123 0.270753 0.865362 -0.421712 0.00154481 0.999996 -0.00248455 -0.00415161 0.999975 0.00579163 -0.400978 0.706863 0.58272 -0.487853 0.382531 0.784646 0.382825 -0.134332 -0.914002 0.394379 -0.295035 -0.870298 0.367915 0.0865813 -0.92582 0.300543 0.609211 -0.73385 0.183281 0.865357 -0.466439 0.00103053 0.999996 -0.00273841 -0.00294215 0.999975 0.00649079 -0.279593 0.706855 0.649757 -0.325395 0.382568 0.864731 0.867389 -0.490242 -0.0854306 0.899801 -0.396987 -0.180999 0.765271 -0.631175 -0.126406 0.773213 -0.629557 -0.0761561 0.969694 0.224883 -0.0955071 0.960194 0.184482 -0.209747 0.912884 0.398193 -0.0899122 0.898987 0.399808 -0.178819 0.847203 -0.396979 -0.353065 0.725899 -0.631184 -0.273272 0.900783 0.225865 -0.370911 0.834974 0.399612 -0.378325 0.762052 -0.396958 -0.511567 0.658649 -0.631169 -0.409643 0.811117 0.225846 -0.539522 0.745124 0.399607 -0.533952 0.647604 -0.396967 -0.650404 0.566086 -0.631152 -0.530277 0.690277 0.225834 -0.687398 0.626636 0.399612 -0.669057 0.508272 -0.396974 -0.764246 0.451758 -0.631149 -0.630528 0.542908 0.225841 -0.808855 0.484065 0.39963 -0.778445 0.349406 -0.396986 -0.848715 0.320065 -0.631158 -0.706539 0.374676 0.225852 -0.899227 0.322897 0.399635 -0.857922 </float_array>
          <technique_common>
            <accessor count="382" offset="0" source="#meshId47-normals-array" stride="3">
              <param name="X" type="float" />
              <param name="Y" type="float" />
              <param name="Z" type="float" />
            </accessor>
          </technique_common>
        </source>
        <source id="meshId47-tangents" name="meshId47-tangents">
          <float_array id="meshId47-tangents-array" count="1146"> 0.995185 -1.26924e-08 0.0980173 0.995185 0 0.0980175 0.980785 -1.15767e-07 0.19509 0.980785 1.36733e-07 0.19509 0.995185 5.07393e-07 0.0980171 0.995185 1.78691e-09 0.0980169 0.980785 4.18924e-07 0.195091 0.978719 -0.00870314 0.205018 0.981139 -0.000776248 0.193304 0.995185 -1.32344e-07 0.098017 0.995185 -5.07554e-07 0.0980175 0.976654 0.0160755 0.214214 0.995185 -2.41865e-07 0.0980149 0.980396 -0.000458375 0.197035 0.9857 0.012087 0.168076 0.995185 2.96692e-09 0.0980163 0.995185 2.4964e-09 0.098018 0.995185 6.18433e-11 0.0980161 0.980784 6.97019e-05 0.195094 0.980785 0.000328194 0.19509 1 0 0 1 0 0 1 0 0 1 0 0 0.995185 9.74335e-08 0.098018 0.979902 -0.00233632 0.199467 0.984153 0.0163645 0.176565 0.995185 1.87131e-07 0.0980181 0.995185 -2.59352e-07 0.0980174 0.975423 0.0138561 0.219904 0.981761 -0.00164841 0.190113 0.995185 2.53751e-11 0.0980179 0.0980175 -1.84225e-07 0.995185 0.0980178 0 0.995185 0.19509 6.52523e-07 0.980785 0.19509 -4.64634e-07 0.980785 0.0980172 -6.82831e-09 0.995185 0.0980175 -3.30565e-07 0.995185 0.19509 2.0641e-07 0.980785 0.206808 -0.00793143 0.97835 0.0980174 -6.88806e-09 0.995185 0.0980178 1.16407e-10 0.995185 0.195091 0.000310835 0.980785 0.195113 0.000685695 0.98078 0.981648 0.00791138 0.190538 0.995185 3.84416e-07 0.0980168 0.190806 0.00696231 0.981603 0.0980176 3.713e-08 0.995185 0.979438 0.00698717 0.201626 0.995185 3.3468e-07 0.0980176 0.985787 -0.0116892 0.167592 0.995185 5.06219e-07 0.0980162 0.201825 0.0066953 0.979399 0.0980167 -1.96479e-07 0.995185 0.16756 -0.0117063 0.985792 0.0980161 -5.90244e-07 0.995185 -0.0980175 -2.17238e-07 -0.995185 -0.0980175 -3.65079e-07 -0.995185 -0.19509 1.3503e-07 -0.980785 -0.19509 2.81006e-07 -0.980785 -0.0980174 6.15365e-07 -0.995185 -0.0980176 2.8123e-07 -0.995185 -0.19509 2.77365e-07 -0.980785 -0.19509 9.22203e-08 -0.980785 0.0980171 -3.61026e-07 0.995185 0.0980168 -3.81141e-07 0.995185 0.19509 -8.99455e-08 0.980785 0.19509 -1.73957e-07 0.980785 0.0980176 3.63213e-07 0.995185 0.0980174 -8.03363e-09 0.995185 0.195091 -7.12045e-08 0.980785 0.19509 -5.34861e-07 0.980785 -0.0980176 -1.79503e-07 -0.995185 -0.0980175 -3.60608e-07 -0.995185 -0.19509 -9.99754e-08 -0.980785 -0.19509 1.46591e-08 -0.980785 -0.0980178 -3.44573e-07 -0.995185 -0.0980176 -1.9174e-07 -0.995185 -0.19509 -9.66141e-08 -0.980785 -0.19509 -8.06927e-08 -0.980785 0.098017 -2.76639e-07 0.995185 0.0980165 3.7282e-07 0.995185 0.19509 -4.96654e-07 0.980785 0.19509 -6.75836e-07 0.980785 0.098017 -1.25333e-06 0.995185 0.0980173 -1.1651e-06 0.995185 0.195091 -5.30953e-07 0.980785 0.19509 -5.36019e-07 0.980785 0.913779 0.013856 0.405975 0.925808 -0.00164839 0.377992 0.922159 -0.00233655 0.386804 0.930797 0.0163647 0.365171 0.81702 0.0138563 0.576443 0.834276 -0.00164875 0.551344 0.828978 -0.00233657 0.559276 0.841671 0.0163643 0.539743 0.688863 0.0138557 0.724759 0.710684 -0.00164864 0.70351 0.703941 -0.00233663 0.710255 0.720199 0.0163639 0.693574 0.534233 0.0138562 0.845224 0.55978 -0.00164849 0.82864 0.55185 -0.00233657 0.83394 0.571051 0.0163642 0.820752 0.359072 0.013856 0.933207 0.387364 -0.00164822 0.921925 0.378553 -0.00233644 0.925577 0.399958 0.0163643 0.916387 0.195091 1.22192e-07 0.980785 0.195091 -2.62236e-07 0.980785 0.195091 -1.66103e-08 0.980785 0.19509 1.96358e-07 0.980785 0.0980177 1.32695e-07 0.995185 0.098018 3.24135e-09 0.995185 0.0980174 1.66051e-07 0.995185 0.0980165 1.89613e-07 0.995185 -0.995185 -3.95602e-08 -0.0980174 -0.979773 0.00165742 -0.200105 -0.985342 -0.0138364 -0.170029 -0.995185 0 -0.0980181 -0.995185 8.23021e-10 -0.098017 -0.981755 0.00163826 -0.190141 -0.995185 -2.23281e-07 -0.0980174 -0.975416 -0.0138727 -0.219933 -0.921908 0.00165722 -0.387405 -0.933238 -0.0138365 -0.358993 -0.925796 0.00163853 -0.378019 -0.913767 -0.0138732 -0.406001 -0.828615 0.00165729 -0.559816 -0.84527 -0.0138367 -0.53416 -0.83426 0.00163831 -0.551369 -0.817003 -0.0138728 -0.576466 -0.703479 0.00165718 -0.710715 -0.724819 -0.0138363 -0.6888 -0.710663 0.00163853 -0.703531 -0.688841 -0.0138733 -0.72478 -0.551308 0.00165746 -0.8343 -0.576513 -0.013836 -0.816971 -0.559756 0.00163856 -0.828656 -0.534207 -0.0138726 -0.84524 -0.377951 0.00165739 -0.925824 -0.406053 -0.0138356 -0.913745 -0.387337 0.00163865 -0.921937 -0.359045 -0.0138732 -0.933217 0.995184 -6.58153e-08 0.0980188 0.980401 -0.00046376 0.197014 0.985725 0.0121193 0.167927 0.995185 0 0.0980178 0.995185 -1.14821e-07 0.0980166 0.981149 -0.000443026 0.193253 0.995185 -2.56473e-08 0.0980152 0.974961 0.0121476 0.222045 0.923127 -0.000463943 0.384495 0.934024 0.0121192 0.357005 0.924594 -0.000442825 0.380954 0.912907 0.0121473 0.407986 0.830378 -0.00046421 0.557201 0.846428 0.012119 0.532365 0.832507 -0.000443605 0.554014 0.815772 0.0121476 0.578246 0.705718 -0.00046454 0.708493 0.726304 0.0121208 0.687266 0.708429 -0.000443502 0.705782 0.687288 0.0121474 0.726284 0.553937 -0.000463549 0.832558 0.57827 0.0121196 0.815755 0.557125 -0.000442956 0.830428 0.532391 0.0121479 0.846412 0.380869 -0.000463504 0.924629 0.408014 0.0121188 0.912895 0.384411 -0.000442832 0.923162 0.357034 0.0121469 0.934013 -0.995185 -4.23021e-08 -0.0980174 -0.979773 0.00165762 -0.200105 -0.985342 -0.0138362 -0.170029 -0.995185 3.51606e-09 -0.0980181 -0.995185 8.2302e-10 -0.098017 -0.981755 0.00163836 -0.190141 -0.995185 -2.12793e-07 -0.0980174 -0.975416 -0.0138727 -0.219933 -0.921908 0.00165758 -0.387405 -0.933238 -0.0138358 -0.358993 -0.925796 0.00163842 -0.378019 -0.913767 -0.0138734 -0.406001 -0.828615 0.00165741 -0.559816 -0.84527 -0.0138367 -0.53416 -0.83426 0.00163826 -0.551369 -0.817003 -0.0138732 -0.576466 -0.703479 0.00165742 -0.710715 -0.724819 -0.0138357 -0.6888 -0.710663 0.00163852 -0.703531 -0.688841 -0.0138734 -0.72478 -0.551308 0.00165758 -0.8343 -0.576513 -0.0138357 -0.816971 -0.559756 0.00163857 -0.828656 -0.534208 -0.0138726 -0.84524 -0.37795 0.00165748 -0.925824 -0.406053 -0.0138355 -0.913745 -0.387337 0.00163875 -0.921937 -0.359045 -0.0138729 -0.933217 0.995184 -6.0515e-08 0.0980188 0.980401 -0.000463795 0.197014 0.985725 0.0121193 0.167927 0.995185 5.91672e-09 0.0980177 0.995185 -3.15095e-07 0.0980166 0.981149 -0.000443224 0.193253 0.995185 -3.97599e-07 0.0980153 0.974961 0.0121474 0.222046 0.923127 -0.000463875 0.384495 0.934024 0.0121195 0.357005 0.924594 -0.000442915 0.380954 0.912907 0.0121471 0.407986 0.830378 -0.000463969 0.5572 0.846428 0.0121195 0.532365 0.832507 -0.00044364 0.554014 0.815772 0.0121477 0.578246 0.705718 -0.000464376 0.708493 0.726305 0.0121212 0.687266 0.708428 -0.000443554 0.705783 0.687288 0.0121472 0.726284 0.553937 -0.000463541 0.832558 0.57827 0.0121197 0.815755 0.557125 -0.000443119 0.830428 0.53239 0.0121477 0.846412 0.38087 -0.000463478 0.924629 0.408013 0.012119 0.912896 0.384411 -0.000442908 0.923162 0.357033 0.0121471 0.934013 0.995185 -3.61437e-08 0.098017 0.980397 -0.000468031 0.197032 0.985722 0.0121102 0.167947 0.995185 0 0.0980164 0.995185 1.44147e-09 0.0980175 0.979011 0.00143584 0.203804 0.995185 1.54023e-07 0.0980178 0.980038 0.00234653 0.198797 0.995185 1.48976e-08 0.0980173 0.979901 0.00696226 0.199362 0.995185 8.96011e-10 0.0980173 0.980785 0.000407516 0.195093 0.995185 3.44469e-09 0.0980172 0.980787 0.000459171 0.19508 0.995185 5.86596e-08 0.0980165 0.982082 0.00669246 0.188335 0.995185 -1.8682e-07 0.0980168 0.974876 -0.0117048 0.222442 0.92312 -0.000468211 0.384512 0.934016 0.0121113 0.357025 0.920439 0.00143598 0.390884 0.922423 0.00234532 0.386173 0.922179 0.00696195 0.3867 0.923879 0.000407527 0.382685 0.923884 0.0004592 0.382673 0.926468 0.00669344 0.376314 0.912747 -0.0117057 0.408357 0.830368 -0.000468029 0.557216 0.846417 0.0121105 0.532382 0.826495 0.00143556 0.562942 0.82936 0.00234439 0.558709 0.829021 0.00696312 0.559175 0.831467 0.000407545 0.555574 0.831477 0.000459174 0.555559 0.835251 0.00669407 0.549829 0.815543 -0.0117059 0.578578 0.705705 -0.000468423 0.708505 0.726291 0.0121109 0.68728 0.70079 0.0014351 0.713366 0.704426 0.00234754 0.709773 0.703998 0.00696119 0.710168 0.707104 0.000407681 0.707109 0.707113 0.000459623 0.707101 0.711938 0.00669273 0.702211 0.686998 -0.011706 0.726565 0.553923 -0.000467609 0.832568 0.578255 0.0121098 0.815766 0.548154 0.00143631 0.836376 0.55242 0.00234617 0.833562 0.551923 0.00696152 0.833866 0.55557 0.000407817 0.83147 0.555579 0.000459491 0.831464 0.561262 0.00669377 0.827611 0.532051 -0.0117072 0.846631 0.380853 -0.000468131 0.924635 0.407995 0.0121102 0.912904 0.374452 0.00143624 0.927245 0.379187 0.00234606 0.925317 0.378639 0.0069614 0.925518 0.382683 0.000407604 0.923879 0.382696 0.000459288 0.923874 0.38902 0.00669297 0.921205 0.356658 -0.0117036 0.934162 0.0980168 -4.85411e-08 0.995185 0.191286 0.000525713 0.981534 0.165679 0.00932464 0.986136 0.0980158 0 0.995185 0.098017 3.39003e-07 0.995185 0.209125 0.00124623 0.977888 0.0980162 2.35107e-07 0.995185 0.197567 0.00191097 0.980287 0.0980159 -7.96634e-09 0.995185 0.199626 0.00791221 0.97984 0.098017 -4.87432e-10 0.995185 0.195091 9.58568e-05 0.980785 0.0980174 6.85211e-10 0.995185 0.195092 0.000234318 0.980785 0.0980174 -2.53306e-08 0.995185 0.188536 0.00698559 0.982041 0.0980173 3.61994e-08 0.995185 0.222411 -0.0116861 0.974883 0.379098 0.00052512 0.925356 0.35488 0.00932349 0.934865 0.395884 0.001246 0.918299 0.385019 0.00190682 0.922907 0.386945 0.00791348 0.922069 0.382683 9.58579e-05 0.92388 0.382683 0.000234313 0.92388 0.3765 0.00698615 0.92639 0.408331 -0.0116838 0.912759 0.552343 0.00052593 0.833617 0.530444 0.00932321 0.847669 0.567428 0.00124568 0.823422 0.557669 0.00191006 0.830061 0.5594 0.00791089 0.82886 0.555568 9.58653e-05 0.831471 0.555571 0.000234324 0.831469 0.549996 0.00698651 0.835138 0.578554 -0.0116848 0.81556 0.70436 0.000525728 0.709843 0.685624 0.00932206 0.727896 0.717167 0.00124626 0.6969 0.708891 0.00190687 0.705315 0.710351 0.00791364 0.703803 0.707106 9.58591e-05 0.707107 0.707109 0.000234302 0.707105 0.702355 0.00698706 0.711793 0.726545 -0.0116858 0.687019 0.82931 0.000525534 0.558789 0.814455 0.00932238 0.580152 0.839346 0.00124633 0.543597 0.83287 0.00190886 0.553465 0.834006 0.00791335 0.551698 0.831471 9.58718e-05 0.555568 0.831471 0.000234301 0.555568 0.827724 0.00698712 0.561093 0.846614 -0.0116886 0.532079 0.922389 0.000525995 0.386261 0.911988 0.00932308 0.410111 0.929269 0.0012462 0.369403 0.924842 0.00190825 0.380346 0.925612 0.00791405 0.37839 0.92388 9.58538e-05 0.382682 0.92388 0.000234303 0.382681 0.921282 0.0069838 0.388833 0.934151 -0.011686 0.356688 0.0980175 1.23274e-07 0.995185 0.196875 -0.000776029 0.980428 0.175841 0.0160755 0.984287 0.0980187 0 0.995185 0.0980177 5.52475e-08 0.995185 0.212788 0.0033816 0.977092 0.0980181 0 0.995185 0.19509 -5.38427e-07 0.980785 0.384365 -0.000775238 0.923181 0.364488 0.016076 0.931069 0.380848 -0.000458183 0.924637 0.407874 0.0120876 0.912958 0.557082 -0.000775626 0.830457 0.539126 0.0160751 0.842072 0.553919 -0.000458471 0.83257 0.578147 0.0120881 0.815843 0.708393 -0.000776684 0.705818 0.693047 0.0160761 0.720713 0.705703 -0.000458914 0.708508 0.726201 0.0120876 0.687376 0.83248 -0.000776529 0.554055 0.820334 0.0160744 0.571659 0.830366 -0.000458649 0.557219 0.846347 0.0120882 0.532495 0.924575 -0.000776028 0.381 0.916096 0.016075 0.400636 0.923118 -0.000458194 0.384515 0.933969 0.0120871 0.357149 </float_array>
          <technique_common>
            <accessor count="382" offset="0" source="#meshId47-tangents-array" stride="3">
              <param name="X" type="float" />
              <param name="Y" type="float" />
              <param name="Z" type="float" />
            </accessor>
          </technique_common>
        </source>
        <source id="meshId47-bitangents" name="meshId47-bitangents">
          <float_array id="meshId47-bitangents-array" count="1146"> -0.0180741 -0.982852 0.183509 -0.0288064 -0.955839 0.292475 -0.0575872 -0.955441 0.28951 -0.0168429 -0.996266 0.0846761 0.0595422 -0.794347 -0.604539 0.00494182 -0.998728 -0.0501753 0.0262127 -0.990933 -0.131778 0.128486 -0.753018 -0.645333 -0.0774356 -0.91783 0.389348 -0.0275166 -0.959786 0.27938 -0.0617059 -0.776972 0.626504 -0.123063 -0.775476 0.619268 0.0282775 -0.957479 -0.287115 0.0440622 -0.974162 -0.221508 0.0781004 -0.916596 -0.392111 0.0390314 -0.917293 -0.396296 0.0980153 0.00739112 -0.995157 0.0980157 -0.00315072 -0.99518 0.195094 -0.00212608 -0.980782 0.195077 0.00997653 -0.980737 0 -0 -1 0 -0 -1 0 -0 -1 0 -0 -1 -0.0524393 0.844855 0.53242 -0.0878598 0.892665 0.442075 -0.127374 0.757986 0.639713 -0.0637568 0.759542 0.647326 0.0464334 0.880674 -0.471443 0.0926435 0.879726 -0.466368 0.0589199 0.953368 -0.296002 0.0213232 0.976051 -0.216496 -0.286228 0.957747 0.0281913 -0.395088 0.917819 0.038913 -0.390978 0.917109 0.0777695 -0.152438 0.987848 0.0303222 0.515177 0.855581 -0.0507405 0.0951065 0.995423 -0.00936687 0.221328 0.974205 -0.0440252 0.534038 0.838778 -0.106087 0.995087 -0.0139842 -0.0980078 0.995109 0.0123041 -0.0980104 0.980741 0.00945733 -0.195085 0.980569 -0.0209156 -0.195056 0.168785 -0.501098 -0.848771 0.0872572 -0.455521 -0.885939 0.820435 0.547904 -0.163364 0.881458 0.464214 -0.0868165 0.137689 0.707308 -0.693366 0.058988 0.798637 -0.598916 0.0747712 0.923854 -0.375371 0.0373517 0.924541 -0.379246 0.693584 -0.707016 -0.138094 0.599058 -0.798529 -0.059002 0.375349 -0.923863 -0.074771 0.379397 -0.924479 -0.0373675 0.366242 -0.92982 -0.0360716 0.469648 -0.881641 -0.0462562 0.464595 -0.880688 -0.0924135 0.213919 -0.975924 -0.0425513 -0.471438 -0.880676 0.0464322 -0.216481 -0.976054 0.0213214 -0.363584 -0.92875 0.0723211 -0.466357 -0.879719 0.0927641 -0.286199 0.957756 0.0281884 -0.395104 0.917812 0.0389146 -0.390969 0.917113 0.0777686 -0.152465 0.987844 0.0303273 0.396283 0.917299 -0.039031 0.154389 0.987893 -0.015206 0.283951 0.957174 -0.0564815 0.392138 0.916593 -0.0780006 0.366241 -0.92982 -0.0360716 0.469649 -0.881641 -0.0462562 0.464593 -0.880689 -0.092413 0.213918 -0.975924 -0.0425509 -0.47144 -0.880675 0.0464334 -0.216481 -0.976054 0.0213218 -0.363585 -0.928749 0.0723217 -0.46636 -0.879718 0.0927648 -0.2862 0.957755 0.0281885 -0.395105 0.917811 0.0389138 -0.390974 0.91711 0.0777699 -0.152465 0.987843 0.0303279 0.39628 0.9173 -0.039029 0.154389 0.987893 -0.0152049 0.283949 0.957174 -0.0564807 0.392132 0.916596 -0.0779994 0.181848 0.879726 -0.439333 0.11553 0.953372 -0.278808 -0.172413 0.892668 0.416434 -0.249728 0.757987 0.602571 0.26407 0.879719 -0.395425 0.167707 0.95337 -0.250917 -0.25034 0.89267 0.374793 -0.362478 0.757997 0.542264 0.336142 0.879718 -0.336311 0.213441 0.953368 -0.213384 -0.318659 0.892663 0.318763 -0.461308 0.757992 0.461133 0.39529 0.879721 -0.264269 0.250968 0.953368 -0.167642 -0.374724 0.892663 0.25047 -0.542413 0.757985 0.36228 0.439236 0.879729 -0.182068 0.278843 0.953371 -0.115456 -0.416375 0.89267 0.172547 -0.602665 0.757988 0.249498 0.466328 0.879735 -0.0927587 0.363639 0.928728 -0.0723322 -0.330191 0.941626 0.0656793 -0.639719 0.758002 0.127248 0.471419 0.880686 -0.0464311 0.216476 0.976055 -0.0213212 -0.532404 0.844865 0.0524372 -0.647321 0.759546 0.063755 0.036072 -0.92982 -0.366243 0.0586755 -0.953635 -0.295191 0.0925336 -0.880685 -0.464577 0.0462563 -0.881643 -0.469644 -0.0213209 -0.976055 0.216475 -0.0589058 -0.95339 0.295934 -0.0464322 -0.880678 0.471435 -0.0926491 -0.879712 0.466394 0.11514 -0.953633 -0.278078 0.181396 -0.880675 -0.437615 -0.115513 -0.953386 0.278768 -0.181861 -0.879706 0.439366 0.167175 -0.953635 -0.250268 0.263285 -0.880675 -0.393817 -0.167678 -0.953386 0.250877 -0.264079 -0.879711 0.395439 0.212785 -0.953636 -0.212842 0.335053 -0.880677 -0.334883 -0.213398 -0.953387 0.213341 -0.336147 -0.879713 0.336318 0.250213 -0.953638 -0.167236 0.39394 -0.880683 -0.263077 -0.250912 -0.953389 0.167606 -0.395292 -0.879719 0.26427 0.278032 -0.953638 -0.115209 0.43769 -0.880685 -0.181167 -0.278786 -0.95339 0.115433 -0.439255 -0.879718 0.182076 -0.0281872 0.957759 0.286185 -0.0439096 0.97433 0.2208 -0.0778815 0.917101 0.390973 -0.0389193 0.917791 0.395152 0.0152103 0.987886 -0.154432 0.044024 0.974217 -0.221277 0.0390303 0.917296 -0.39629 0.0778941 0.916592 -0.392163 -0.0861494 0.974326 0.20801 -0.152656 0.917106 0.368257 0.08635 0.974215 -0.208443 0.152904 0.916594 -0.369428 -0.125077 0.974324 0.18721 -0.221573 0.9171 0.33141 0.125365 0.974212 -0.187605 0.222041 0.916591 -0.332504 -0.159187 0.974328 0.159202 -0.281988 0.91709 0.281831 0.159562 0.97421 -0.159548 0.282639 0.916593 -0.282794 -0.187179 0.97433 0.12508 -0.331535 0.917098 0.221393 0.187604 0.974214 -0.125342 0.33237 0.916597 -0.222215 -0.207984 0.97433 0.0861605 -0.368345 0.917104 0.152455 0.208446 0.974216 -0.0863312 0.36934 0.916596 -0.153104 0.036072 -0.92982 -0.366244 0.0586753 -0.953635 -0.295191 0.0925335 -0.880684 -0.464578 0.0462564 -0.881643 -0.469644 -0.0213209 -0.976055 0.216475 -0.0589059 -0.95339 0.295934 -0.0464321 -0.880678 0.471434 -0.092649 -0.879712 0.466394 0.11514 -0.953633 -0.278079 0.181396 -0.880675 -0.437616 -0.115513 -0.953386 0.278768 -0.181861 -0.879706 0.439367 0.167174 -0.953635 -0.250267 0.263286 -0.880675 -0.393818 -0.167678 -0.953386 0.250876 -0.26408 -0.879709 0.395441 0.212784 -0.953636 -0.212841 0.335052 -0.880678 -0.334883 -0.213399 -0.953387 0.213342 -0.336148 -0.879712 0.336319 0.250212 -0.953638 -0.167235 0.393937 -0.880685 -0.263075 -0.250914 -0.953389 0.167607 -0.395294 -0.879718 0.264272 0.278031 -0.953638 -0.115208 0.437686 -0.880687 -0.181165 -0.278788 -0.95339 0.115434 -0.439257 -0.879717 0.182077 -0.0281873 0.957759 0.286186 -0.0439096 0.97433 0.220801 -0.0778817 0.917101 0.390974 -0.0389194 0.917791 0.395153 0.0152104 0.987886 -0.154432 0.0440242 0.974217 -0.221277 0.0390307 0.917296 -0.39629 0.0778943 0.916592 -0.392163 -0.0861499 0.974325 0.208011 -0.152657 0.917105 0.368259 0.0863499 0.974215 -0.208443 0.152904 0.916594 -0.369427 -0.125078 0.974324 0.187211 -0.221575 0.917099 0.331413 0.125365 0.974212 -0.187604 0.22204 0.916591 -0.332503 -0.159187 0.974327 0.159203 -0.281992 0.917087 0.281835 0.159561 0.97421 -0.159547 0.282637 0.916595 -0.282791 -0.18718 0.97433 0.125081 -0.331541 0.917096 0.221397 0.187602 0.974215 -0.12534 0.332367 0.916599 -0.222213 -0.207986 0.97433 0.086161 -0.368351 0.917101 0.152458 0.208444 0.974217 -0.0863304 0.369336 0.916597 -0.153102 -0.0281931 0.95774 0.28625 -0.0439171 0.974321 0.220838 -0.0778806 0.917102 0.390971 -0.0389185 0.917792 0.39515 0.00936712 0.995423 -0.0951056 0.0303816 0.987774 -0.152903 0.0467344 0.879014 -0.474501 0.101317 0.854448 -0.509562 0.0761388 0.629761 -0.773048 0.163039 0.547905 -0.820499 0.0979898 0.0236504 -0.994906 0.195073 0.0124016 -0.98071 0.0980148 -0.00711696 -0.99516 0.195067 -0.0140075 -0.98069 0.0780044 -0.605522 -0.791996 0.137839 -0.707008 -0.693643 0.037358 -0.924517 -0.379305 0.0745652 -0.923857 -0.375403 -0.0861594 0.974319 0.208034 -0.152672 0.917088 0.368295 0.0596349 0.987771 -0.144055 0.198778 0.854454 -0.479995 0.319975 0.547912 -0.772922 0.382651 0.0124017 -0.92381 0.382641 -0.014008 -0.923791 0.270521 -0.706995 -0.653435 0.146354 -0.923873 -0.353609 -0.12508 0.974323 0.187214 -0.221577 0.917097 0.331416 0.086573 0.987777 -0.129623 0.288592 0.854464 -0.431978 0.464619 0.547898 -0.695656 0.555527 0.0124022 -0.831406 0.55551 -0.0140081 -0.831392 0.392802 -0.706995 -0.588103 0.212555 -0.923853 -0.318301 -0.159205 0.974322 0.15922 -0.281975 0.917097 0.28182 0.110175 0.987782 -0.11022 0.367343 0.854444 -0.367402 0.591413 0.547894 -0.591645 0.707051 0.0124022 -0.707053 0.707036 -0.0140086 -0.707039 0.499975 -0.70701 -0.500162 0.270557 -0.923859 -0.270708 -0.187209 0.974321 0.125101 -0.331519 0.917107 0.221382 0.129608 0.987773 -0.0866406 0.431993 0.854422 -0.288696 0.695455 0.547928 -0.464885 0.831403 0.0124012 -0.555531 0.831386 -0.0140075 -0.555519 0.587951 -0.707003 -0.393014 0.318201 -0.923844 -0.212743 -0.208014 0.974323 0.0861732 -0.368344 0.917104 0.152454 0.144051 0.987768 -0.0597023 0.479958 0.854458 -0.198849 0.772788 0.547925 -0.320277 0.923806 0.0124011 -0.382659 0.923786 -0.014007 -0.382652 0.653328 -0.707002 -0.27076 0.353563 -0.923857 -0.146563 -0.183512 -0.982851 0.0180742 -0.131723 -0.99094 0.0262016 -0.289537 -0.955427 0.0576789 -0.292482 -0.955837 0.0288066 0.0501907 -0.998727 -0.00494301 0.0849429 -0.996243 -0.0168957 0.51203 -0.857486 -0.0504298 0.597478 -0.793026 -0.11887 0.837344 -0.54042 -0.0824702 0.848755 -0.501096 -0.168873 0.995165 -0.00623698 -0.0980151 0.980781 -0.00292383 -0.19509 0.995178 0.00372332 -0.0980167 0.98076 0.00712291 -0.195088 0.791769 0.605822 -0.0779826 0.693295 0.707292 -0.138133 0.379327 0.924508 -0.0373605 0.375379 0.923867 -0.0745649 -0.124074 -0.990941 0.0513927 -0.272687 -0.955439 0.113042 0.0799927 -0.996245 -0.0331336 0.5628 -0.79303 -0.233151 0.799504 -0.501092 -0.331211 0.923876 -0.00292384 -0.382681 0.923856 0.00712289 -0.382675 0.653032 0.707284 -0.270736 0.353568 0.92389 -0.146346 -0.111676 -0.990939 0.0746204 -0.245404 -0.955435 0.164075 0.0719861 -0.996245 -0.0480992 0.506518 -0.793016 -0.338474 0.719525 -0.501089 -0.480827 0.831468 -0.00292383 -0.555565 0.831447 0.00712235 -0.555558 0.587651 0.707302 -0.392925 0.31823 0.923887 -0.212514 -0.0949765 -0.990938 0.0949768 -0.208657 -0.955445 0.208775 0.0612311 -0.996244 -0.0612302 0.430757 -0.793008 -0.430797 0.611894 -0.501098 -0.611953 0.707105 -0.00292384 -0.707103 0.707086 0.00712207 -0.707092 0.499697 0.70731 -0.500015 0.270648 0.923892 -0.270504 -0.0746242 -0.990938 0.111683 -0.163921 -0.955443 0.245476 0.0481054 -0.996244 -0.0719934 0.338434 -0.793014 -0.506549 0.480756 -0.501085 -0.719575 0.555566 -0.00292408 -0.831468 0.555553 0.00712208 -0.831451 0.392544 0.707316 -0.587888 0.212708 0.923869 -0.318153 -0.0514065 -0.990936 0.124108 -0.112883 -0.955441 0.272746 0.0331371 -0.996244 -0.0799988 0.233112 -0.793005 -0.562851 0.331134 -0.501093 -0.799535 0.38268 -0.00292433 -0.923876 0.38267 0.00712262 -0.923858 0.270311 0.707324 -0.653165 0.146563 0.923853 -0.353574 -0.487882 -0.871586 0.0480524 -0.389357 -0.917824 0.0774585 -0.619226 -0.775474 0.123288 -0.626525 -0.776954 0.0617084 0.2238 -0.974386 -0.0220425 0.180965 -0.98283 -0.0360086 0.396276 -0.917302 -0.0390301 0.392126 -0.916599 -0.0779991 -0.366757 -0.917828 0.151928 -0.583283 -0.775466 0.241729 0.208674 -0.974158 -0.0864332 0.369402 -0.916605 -0.152899 -0.330054 -0.917836 0.220547 -0.524904 -0.775479 0.350868 0.187785 -0.974163 -0.125472 0.332471 -0.916607 -0.222024 -0.280691 -0.917832 0.280706 -0.446355 -0.775493 0.446518 0.15969 -0.974166 -0.159688 0.282771 -0.916605 -0.282624 -0.220539 -0.91783 0.330078 -0.350666 -0.775495 0.525015 0.125472 -0.974164 -0.187779 0.222211 -0.916597 -0.332374 -0.15191 -0.917825 0.366772 -0.241507 -0.775488 0.583347 0.0864315 -0.974161 -0.20866 0.153099 -0.916595 -0.369343 </float_array>
          <technique_common>
            <accessor count="382" offset="0" source="#meshId47-bitangents-array" stride="3">
              <param name="X" type="float" />
              <param name="Y" type="float" />
              <param name="Z" type="float" />
            </accessor>
          </technique_common>
        </source>
        <source id="meshId47-tex0" name="meshId47-tex0">
          <float_array id="meshId47-tex0-array" count="764"> 1.3785 -0.642501 1.37859 -0.639514 1.28705 -0.639514 1.28705 -0.642501 1.37857 -0.647624 1.37852 -0.646143 1.28706 -0.646143 1.28706 -0.647624 1.26243 -0.598539 1.35012 -0.598539 1.35046 -0.59304 1.26243 -0.59304 1.35012 -0.602309 1.26243 -0.602309 1.26243 -0.60696 1.3503 -0.60696 1.39292 -0.748794 1.37885 -0.65048 1.28708 -0.65048 1.28967 -0.748794 0 0 0 0 0 0 0 0 1.94214 -0.855991 1.70628 -0.855991 1.70629 -0.863427 1.94166 -0.863427 1.94184 -0.84565 1.70629 -0.84565 1.70629 -0.852026 1.94214 -0.852026 0.0738308 -0.826296 0.0740116 -0.830965 0.307676 -0.830965 0.307678 -0.826296 0.0739254 -0.820209 0.0738329 -0.822531 0.307679 -0.822531 0.307679 -0.820209 0.0788217 -0.770776 0.0742467 -0.816154 0.30768 -0.816154 0.307739 -0.770776 1.28708 -0.649484 1.37874 -0.649484 0.307679 -0.818181 0.0740551 -0.818181 1.28967 -0.750543 1.39307 -0.750543 1.28967 -0.752293 1.39314 -0.752293 0.30774 -0.769034 0.0789819 -0.769034 0.30774 -0.767291 0.0790485 -0.767291 1.52513 -0.972116 1.52483 -0.965399 1.39372 -0.965399 1.39372 -0.972116 1.52483 -0.982968 1.52513 -0.976276 1.39372 -0.976276 1.39372 -0.982968 0.474822 -0.901964 0.475005 -0.90687 0.606193 -0.90687 0.606193 -0.901964 0.475005 -0.89313 0.474822 -0.898009 0.606193 -0.898009 0.606193 -0.89313 1.52512 -0.972116 1.52483 -0.965399 1.39372 -0.965399 1.39372 -0.972116 1.52483 -0.982968 1.52512 -0.976276 1.39372 -0.976276 1.39372 -0.982968 0.47482 -0.901964 0.475003 -0.90687 0.606192 -0.90687 0.606192 -0.901964 0.475003 -0.89313 0.47482 -0.89801 0.606192 -0.89801 0.606192 -0.89313 1.47053 -0.84565 1.47053 -0.852026 1.47053 -0.855991 1.47053 -0.863427 1.23521 -0.84565 1.23521 -0.852026 1.23521 -0.855991 1.23521 -0.863427 1 -0.84565 1 -0.852026 1 -0.855991 1 -0.863427 0.764792 -0.84565 0.764791 -0.852027 0.764791 -0.855991 0.764791 -0.863427 0.529471 -0.84565 0.529471 -0.852027 0.529471 -0.855991 0.529471 -0.863427 0.29371 -0.845651 0.29371 -0.852027 0.29371 -0.855991 0.29371 -0.863427 0.0581582 -0.845651 0.0578606 -0.852027 0.0578614 -0.855991 0.0583366 -0.863427 0.474873 -0.972116 0.60628 -0.972116 0.60628 -0.965399 0.475169 -0.965399 0.474872 -0.976276 0.60628 -0.976276 0.47517 -0.982968 0.60628 -0.982968 0.73752 -0.972116 0.73752 -0.965399 0.73752 -0.976276 0.73752 -0.982968 0.86876 -0.972116 0.86876 -0.965399 0.86876 -0.976276 0.86876 -0.982968 1 -0.972116 1 -0.965399 1 -0.976276 1 -0.982968 1.13124 -0.972116 1.13124 -0.965399 1.13124 -0.976276 1.13124 -0.982968 1.26248 -0.972116 1.26248 -0.965399 1.26248 -0.976276 1.26248 -0.982968 1.52518 -0.901964 1.39381 -0.901964 1.39381 -0.90687 1.52499 -0.90687 1.52518 -0.89801 1.39381 -0.89801 1.52499 -0.89313 1.39381 -0.89313 1.26254 -0.901964 1.26254 -0.90687 1.26254 -0.89801 1.26254 -0.89313 1.13127 -0.901964 1.13127 -0.90687 1.13127 -0.89801 1.13127 -0.89313 1 -0.901964 0.999999 -0.90687 0.999999 -0.89801 1 -0.89313 0.868731 -0.901964 0.868731 -0.90687 0.868731 -0.89801 0.868731 -0.89313 0.737462 -0.901964 0.737462 -0.90687 0.737462 -0.898009 0.737462 -0.89313 0.474877 -0.972116 0.606283 -0.972116 0.606283 -0.965399 0.475174 -0.965399 0.474877 -0.976276 0.606283 -0.976276 0.475174 -0.982968 0.606283 -0.982968 0.737522 -0.972116 0.737522 -0.965399 0.737522 -0.976276 0.737522 -0.982968 0.868761 -0.972116 0.868761 -0.965399 0.868761 -0.976276 0.868761 -0.982968 1 -0.972116 1 -0.965399 1 -0.976276 1 -0.982968 1.13124 -0.972116 1.13124 -0.965399 1.13124 -0.976276 1.13124 -0.982968 1.26248 -0.972116 1.26248 -0.965399 1.26248 -0.976276 1.26248 -0.982968 1.52518 -0.901964 1.39381 -0.901964 1.39381 -0.90687 1.525 -0.90687 1.52518 -0.89801 1.39381 -0.89801 1.525 -0.89313 1.39381 -0.89313 1.26254 -0.901964 1.26254 -0.90687 1.26254 -0.89801 1.26254 -0.89313 1.13127 -0.901964 1.13127 -0.90687 1.13127 -0.89801 1.13127 -0.89313 1 -0.901964 1 -0.90687 1 -0.89801 1 -0.89313 0.86873 -0.901964 0.86873 -0.90687 0.86873 -0.89801 0.86873 -0.89313 0.737461 -0.901964 0.737461 -0.90687 0.737461 -0.89801 0.737461 -0.89313 1.92617 -0.826296 1.69232 -0.826296 1.69232 -0.830965 1.92599 -0.830965 1.92617 -0.822531 1.69232 -0.822531 1.92607 -0.820209 1.69232 -0.820209 1.92594 -0.818181 1.69232 -0.818181 1.92575 -0.816154 1.69232 -0.816154 1.92118 -0.770776 1.69226 -0.770776 1.92102 -0.769034 1.69226 -0.769034 1.92095 -0.767292 1.69226 -0.767291 1.46159 -0.826295 1.46159 -0.830965 1.46159 -0.822531 1.46159 -0.820209 1.46159 -0.818181 1.46159 -0.816154 1.46158 -0.770776 1.46158 -0.769034 1.46158 -0.767291 1.23067 -0.826295 1.23067 -0.830965 1.23067 -0.822531 1.23067 -0.820209 1.23067 -0.818181 1.23067 -0.816154 1.23068 -0.770776 1.23068 -0.769034 1.23068 -0.767291 1 -0.826296 1 -0.830965 1 -0.822531 1 -0.820209 1 -0.818181 1 -0.816154 1 -0.770776 1 -0.769034 1 -0.767291 0.769326 -0.826296 0.769326 -0.830965 0.769326 -0.822531 0.769325 -0.820209 0.769325 -0.818181 0.769325 -0.816154 0.769321 -0.770776 0.769321 -0.769034 0.769321 -0.767291 0.538413 -0.826296 0.538413 -0.830965 0.538413 -0.822531 0.538413 -0.820209 0.538414 -0.818181 0.538414 -0.816154 0.538418 -0.770776 0.538418 -0.769034 0.538418 -0.767291 0.621496 -0.642501 0.712952 -0.642501 0.712953 -0.639514 0.62141 -0.639514 0.621481 -0.646143 0.712942 -0.646143 0.621426 -0.647624 0.712935 -0.647624 0.621257 -0.649484 0.712923 -0.649484 0.621151 -0.65048 0.712915 -0.65048 0.60708 -0.748794 0.710327 -0.748794 0.606925 -0.750543 0.710329 -0.750543 0.606861 -0.752293 0.71033 -0.752293 0.80815 -0.642501 0.808148 -0.639514 0.808153 -0.646143 0.808153 -0.647624 0.808153 -0.649484 0.808152 -0.65048 0.807674 -0.748794 0.807675 -0.750543 0.807675 -0.752293 0.904021 -0.642501 0.904022 -0.639514 0.904018 -0.646143 0.904017 -0.647624 0.904016 -0.649484 0.904015 -0.65048 0.903934 -0.748794 0.903934 -0.750543 0.903934 -0.752293 1 -0.642501 1 -0.639514 1 -0.646143 1 -0.647624 1 -0.649484 1 -0.65048 1 -0.748794 1 -0.750543 1 -0.752293 1.09598 -0.642501 1.09598 -0.639514 1.09598 -0.646143 1.09598 -0.647624 1.09598 -0.649484 1.09598 -0.65048 1.09607 -0.748794 1.09607 -0.750543 1.09607 -0.752293 1.19185 -0.642501 1.19185 -0.639514 1.19185 -0.646143 1.19185 -0.647624 1.19185 -0.649484 1.19185 -0.65048 1.19233 -0.748794 1.19232 -0.750543 1.19232 -0.752293 0.649875 -0.598539 0.737567 -0.598539 0.737566 -0.59304 0.649533 -0.59304 0.649875 -0.602309 0.737567 -0.602309 0.649694 -0.60696 0.737568 -0.60696 0.825245 -0.598539 0.825247 -0.59304 0.825245 -0.602309 0.825246 -0.60696 0.912282 -0.598539 0.912282 -0.59304 0.91228 -0.602309 0.912277 -0.60696 1 -0.598539 1 -0.59304 1 -0.602309 0.999999 -0.60696 1.08772 -0.598539 1.08772 -0.59304 1.08772 -0.602309 1.08772 -0.60696 1.17475 -0.598539 1.17475 -0.59304 1.17475 -0.602309 1.17475 -0.60696 </float_array>
          <technique_common>
            <accessor count="382" offset="0" source="#meshId47-tex0-array" stride="2">
              <param name="S" type="float" />
              <param name="T" type="float" />
            </accessor>
          </technique_common>
        </source>
        <vertices id="meshId47-vertices">
          <input semantic="POSITION" source="#meshId47-positions" />
        </vertices>
        <polylist count="546" material="defaultMaterial">
          <input offset="0" semantic="VERTEX" source="#meshId47-vertices" />
          <input offset="0" semantic="NORMAL" source="#meshId47-normals" />
          <input offset="0" semantic="TANGENT" source="#meshId47-tangents" />
          <input offset="0" semantic="BINORMAL" source="#meshId47-bitangents" />
          <input offset="0" semantic="TEXCOORD" source="#meshId47-tex0" set="0" />
          <vcount>3 3 3 3 3 3 3 3 3 3 3 3 3 3 3 3 3 3 3 3 3 3 3 3 3 3 3 3 3 3 3 3 3 3 3 3 3 3 3 3 3 3 3 3 3 3 3 3 3 3 3 3 3 3 3 3 3 3 3 3 3 3 3 3 3 3 3 3 3 3 3 3 3 3 3 3 3 3 3 3 3 3 3 3 3 3 3 3 3 3 3 3 3 3 3 3 3 3 3 3 3 3 3 3 3 3 3 3 3 3 3 3 3 3 3 3 3 3 3 3 3 3 3 3 3 3 3 3 3 3 3 3 3 3 3 3 3 3 3 3 3 3 3 3 3 3 3 3 3 3 3 3 3 3 3 3 3 3 3 3 3 3 3 3 3 3 3 3 3 3 3 3 3 3 3 3 3 3 3 3 3 3 3 3 3 3 3 3 3 3 3 3 3 3 3 3 3 3 3 3 3 3 3 3 3 3 3 3 3 3 3 3 3 3 3 3 3 3 3 3 3 3 3 3 3 3 3 3 3 3 3 3 3 3 3 3 3 3 3 3 3 3 3 3 3 3 3 3 3 3 3 3 3 3 3 3 3 3 3 3 3 3 3 3 3 3 3 3 3 3 3 3 3 3 3 3 3 3 3 3 3 3 3 3 3 3 3 3 3 3 3 3 3 3 3 3 3 3 3 3 3 3 3 3 3 3 3 3 3 3 3 3 3 3 3 3 3 3 3 3 3 3 3 3 3 3 3 3 3 3 3 3 3 3 3 3 3 3 3 3 3 3 3 3 3 3 3 3 3 3 3 3 3 3 3 3 3 3 3 3 3 3 3 3 3 3 3 3 3 3 3 3 3 3 3 3 3 3 3 3 3 3 3 3 3 3 3 3 3 3 3 3 3 3 3 3 3 3 3 3 3 3 3 3 3 3 3 3 3 3 3 3 3 3 3 3 3 3 3 3 3 3 3 3 3 3 3 3 3 3 3 3 3 3 3 3 3 3 3 3 3 3 3 3 3 3 3 3 3 3 3 3 3 3 3 3 3 3 3 3 3 3 3 3 3 3 3 3 3 3 3 3 3 3 3 3 3 3 3 3 3 3 3 3 3 3 3 3 3 3 3 3 3 3 3 3 3 3 3 3 3 3 3 3 3 3 3 3 3 3 3 3 3 3 3 3 3 3 3 3 3 3 3 3 3 3 3 3 3 3 3 3 3 3 3 3 3 3 3 3 3 3 3 3 3 3 </vcount>
          <p>0 1 2 2 3 0 4 5 6 6 7 4 5 0 3 3 6 5 8 9 10 10 11 8 12 13 14 14 15 12 13 12 9 9 8 13 16 17 18 18 19 16 20 21 22 22 23 20 24 25 26 26 27 24 28 29 30 30 31 28 31 30 25 25 24 31 32 33 34 34 35 32 36 37 38 38 39 36 37 32 35 35 38 37 40 41 42 42 43 40 4 7 44 44 45 4 45 44 18 18 17 45 36 39 46 46 47 36 47 46 42 42 41 47 16 19 48 48 49 16 49 48 50 50 51 49 40 43 52 52 53 40 53 52 54 54 55 53 56 57 58 58 59 56 60 61 62 62 63 60 61 56 59 59 62 61 64 65 66 66 67 64 68 69 70 70 71 68 69 64 67 67 70 69 72 73 74 74 75 72 76 77 78 78 79 76 77 72 75 75 78 77 80 81 82 82 83 80 84 85 86 86 87 84 85 80 83 83 86 85 29 88 89 89 30 29 30 89 90 90 25 30 25 90 91 91 26 25 88 92 93 93 89 88 89 93 94 94 90 89 90 94 95 95 91 90 92 96 97 97 93 92 93 97 98 98 94 93 94 98 99 99 95 94 96 100 101 101 97 96 97 101 102 102 98 97 98 102 103 103 99 98 100 104 105 105 101 100 101 105 106 106 102 101 102 106 107 107 103 102 104 108 109 109 105 104 105 109 110 110 106 105 106 110 111 111 107 106 112 113 109 109 108 112 113 114 110 110 109 113 114 115 111 111 110 114 116 117 118 118 119 116 120 121 117 117 116 120 122 123 121 121 120 122 117 124 125 125 118 117 121 126 124 124 117 121 123 127 126 126 121 123 124 128 129 129 125 124 126 130 128 128 124 126 127 131 130 130 126 127 128 132 133 133 129 128 130 134 132 132 128 130 131 135 134 134 130 131 132 136 137 137 133 132 134 138 136 136 132 134 135 139 138 138 134 135 136 140 141 141 137 136 138 142 140 140 136 138 139 143 142 142 138 139 140 59 58 58 141 140 142 62 59 59 140 142 143 63 62 62 142 143 144 145 146 146 147 144 148 149 145 145 144 148 150 151 149 149 148 150 145 152 153 153 146 145 149 154 152 152 145 149 151 155 154 154 149 151 152 156 157 157 153 152 154 158 156 156 152 154 155 159 158 158 154 155 156 160 161 161 157 156 158 162 160 160 156 158 159 163 162 162 158 159 160 164 165 165 161 160 162 166 164 164 160 162 163 167 166 166 162 163 164 168 169 169 165 164 166 170 168 168 164 166 167 171 170 170 166 167 168 67 66 66 169 168 170 70 67 67 168 170 171 71 70 70 170 171 172 173 174 174 175 172 176 177 173 173 172 176 178 179 177 177 176 178 173 180 181 181 174 173 177 182 180 180 173 177 179 183 182 182 177 179 180 184 185 185 181 180 182 186 184 184 180 182 183 187 186 186 182 183 184 188 189 189 185 184 186 190 188 188 184 186 187 191 190 190 186 187 188 192 193 193 189 188 190 194 192 192 188 190 191 195 194 194 190 191 192 196 197 197 193 192 194 198 196 196 192 194 195 199 198 198 194 195 196 75 74 74 197 196 198 78 75 75 196 198 199 79 78 78 198 199 200 201 202 202 203 200 204 205 201 201 200 204 206 207 205 205 204 206 201 208 209 209 202 201 205 210 208 208 201 205 207 211 210 210 205 207 208 212 213 213 209 208 210 214 212 212 208 210 211 215 214 214 210 211 212 216 217 217 213 212 214 218 216 216 212 214 215 219 218 218 214 215 216 220 221 221 217 216 218 222 220 220 216 218 219 223 222 222 218 219 220 224 225 225 221 220 222 226 224 224 220 222 223 227 226 226 222 223 224 83 82 82 225 224 226 86 83 83 224 226 227 87 86 86 226 227 228 229 230 230 231 228 232 233 229 229 228 232 234 235 233 233 232 234 235 234 236 236 237 235 237 236 238 238 239 237 240 241 239 239 238 240 241 240 242 242 243 241 243 242 244 244 245 243 229 246 247 247 230 229 233 248 246 246 229 233 235 249 248 248 233 235 249 235 237 237 250 249 250 237 239 239 251 250 241 252 251 251 239 241 252 241 243 243 253 252 253 243 245 245 254 253 246 255 256 256 247 246 248 257 255 255 246 248 249 258 257 257 248 249 258 249 250 250 259 258 259 250 251 251 260 259 252 261 260 260 251 252 261 252 253 253 262 261 262 253 254 254 263 262 255 264 265 265 256 255 257 266 264 264 255 257 258 267 266 266 257 258 267 258 259 259 268 267 268 259 260 260 269 268 261 270 269 269 260 261 270 261 262 262 271 270 271 262 263 263 272 271 264 273 274 274 265 264 266 275 273 273 264 266 267 276 275 275 266 267 276 267 268 268 277 276 277 268 269 269 278 277 270 279 278 278 269 270 279 270 271 271 280 279 280 271 272 272 281 280 273 282 283 283 274 273 275 284 282 282 273 275 276 285 284 284 275 276 285 276 277 277 286 285 286 277 278 278 287 286 279 288 287 287 278 279 288 279 280 280 289 288 289 280 281 281 290 289 282 35 34 34 283 282 284 38 35 35 282 284 285 39 38 38 284 285 39 285 286 286 46 39 46 286 287 287 42 46 288 43 42 42 287 288 43 288 289 289 52 43 52 289 290 290 54 52 291 292 293 293 294 291 295 296 292 292 291 295 297 298 296 296 295 297 298 297 299 299 300 298 300 299 301 301 302 300 303 304 302 302 301 303 304 303 305 305 306 304 306 305 307 307 308 306 292 309 310 310 293 292 296 311 309 309 292 296 298 312 311 311 296 298 312 298 300 300 313 312 313 300 302 302 314 313 304 315 314 314 302 304 315 304 306 306 316 315 316 306 308 308 317 316 309 318 319 319 310 309 311 320 318 318 309 311 312 321 320 320 311 312 321 312 313 313 322 321 322 313 314 314 323 322 315 324 323 323 314 315 324 315 316 316 325 324 325 316 317 317 326 325 318 327 328 328 319 318 320 329 327 327 318 320 321 330 329 329 320 321 330 321 322 322 331 330 331 322 323 323 332 331 324 333 332 332 323 324 333 324 325 325 334 333 334 325 326 326 335 334 327 336 337 337 328 327 329 338 336 336 327 329 330 339 338 338 329 330 339 330 331 331 340 339 340 331 332 332 341 340 333 342 341 341 332 333 342 333 334 334 343 342 343 334 335 335 344 343 336 345 346 346 337 336 338 347 345 345 336 338 339 348 347 347 338 339 348 339 340 340 349 348 349 340 341 341 350 349 342 351 350 350 341 342 351 342 343 343 352 351 352 343 344 344 353 352 345 3 2 2 346 345 347 6 3 3 345 347 348 7 6 6 347 348 7 348 349 349 44 7 44 349 350 350 18 44 351 19 18 18 350 351 19 351 352 352 48 19 48 352 353 353 50 48 354 355 356 356 357 354 358 359 355 355 354 358 358 360 361 361 359 358 355 362 363 363 356 355 359 364 362 362 355 359 364 359 361 361 365 364 362 366 367 367 363 362 364 368 366 366 362 364 368 364 365 365 369 368 366 370 371 371 367 366 368 372 370 370 366 368 372 368 369 369 373 372 370 374 375 375 371 370 372 376 374 374 370 372 376 372 373 373 377 376 374 378 379 379 375 374 376 380 378 378 374 376 380 376 377 377 381 380 378 8 11 11 379 378 380 13 8 8 378 380 13 380 381 381 14 13 </p>
        </polylist>
      </mesh>
    </geometry>
    <geometry id="meshId48" name="meshId48_name" >
      <mesh>
        <source id="meshId48-positions" name="meshId48-positions">
          <float_array id="meshId48-positions-array" count="81"> -0.172755 0.143728 0.806188 -0.225182 0.143728 0.801025 -0.225182 -0.113683 0.801025 -0.172755 -0.113683 0.806188 -0.225401 0.146442 0.802127 -0.172755 0.146442 0.807312 -0.276024 0.146442 0.786771 -0.275594 0.143728 0.785732 -0.275594 -0.113683 0.785732 -0.322678 0.146442 0.761834 -0.322053 0.143728 0.760899 -0.322053 -0.113683 0.760899 -0.363571 0.146442 0.728274 -0.362776 0.143728 0.727479 -0.362776 -0.113683 0.727479 -0.39713 0.146442 0.687382 -0.396195 0.143728 0.686757 -0.396195 -0.113683 0.686757 -0.422067 0.146442 0.640728 -0.421029 0.143728 0.640297 -0.421029 -0.113683 0.640297 -0.437424 0.146442 0.590105 -0.436321 0.143728 0.589886 -0.436321 -0.113683 0.589886 -0.442609 0.146442 0.537459 -0.441484 0.143728 0.537459 -0.441484 -0.113683 0.537459 </float_array>
          <technique_common>
            <accessor count="27" offset="0" source="#meshId48-positions-array" stride="3">
              <param name="X" type="float" />
              <param name="Y" type="float" />
              <param name="Z" type="float" />
            </accessor>
          </technique_common>
        </source>
        <source id="meshId48-normals" name="meshId48-normals">
          <float_array id="meshId48-normals-array" count="81"> -0.0980175 -0.00441189 0.995175 -0.195089 -0.0044333 0.980775 -0.195091 0 0.980785 -0.0980184 0 0.995185 -0.180241 -0.382674 0.906131 -0.0906205 -0.381098 0.920083 -0.353554 -0.382677 0.853556 -0.38268 -0.00443333 0.92387 -0.382684 0 0.923879 -0.513284 -0.382683 0.768176 -0.555566 -0.00443336 0.831461 -0.555571 0 0.831469 -0.653282 -0.382686 0.65328 -0.707099 -0.00443342 0.7071 -0.707106 0 0.707107 -0.768178 -0.382684 0.513279 -0.831461 -0.00443341 0.555565 -0.831469 0 0.555571 -0.853554 -0.382683 0.353553 -0.923871 -0.00443341 0.382679 -0.92388 0 0.382683 -0.906127 -0.382683 0.180242 -0.980776 -0.00443342 0.195088 -0.980785 0 0.19509 -0.920079 -0.381108 0.0906203 -0.995175 -0.00441206 0.0980162 -0.995185 0 0.0980172 </float_array>
          <technique_common>
            <accessor count="27" offset="0" source="#meshId48-normals-array" stride="3">
              <param name="X" type="float" />
              <param name="Y" type="float" />
              <param name="Z" type="float" />
            </accessor>
          </technique_common>
        </source>
        <source id="meshId48-tangents" name="meshId48-tangents">
          <float_array id="meshId48-tangents-array" count="81"> 0.995185 -5.93346e-09 0.0980184 0.980785 -3.98354e-09 0.195091 0.980785 0 0.195091 0.995185 0 0.0980184 0.980785 -2.45591e-07 0.195091 0.995185 -1.45201e-07 0.0980174 0.92388 -6.07899e-08 0.382683 0.923879 -3.94083e-07 0.382684 0.923879 0 0.382684 0.831468 -1.85895e-06 0.555573 0.831469 -8.87337e-07 0.555571 0.831469 -5.58278e-08 0.555571 0.707106 -8.5349e-07 0.707108 0.707107 -1.00431e-07 0.707107 0.707107 -9.21836e-08 0.707107 0.55557 -4.07292e-07 0.83147 0.555571 1.53866e-07 0.831469 0.555571 3.63557e-08 0.831469 0.382683 -5.71425e-08 0.92388 0.382683 -1.65826e-09 0.92388 0.382683 0 0.92388 0.195092 5.32519e-07 0.980785 0.19509 -1.19506e-09 0.980785 0.19509 0 0.980785 0.0980176 -5.11106e-08 0.995185 0.0980172 -2.49626e-09 0.995185 0.0980172 0 0.995185 </float_array>
          <technique_common>
            <accessor count="27" offset="0" source="#meshId48-tangents-array" stride="3">
              <param name="X" type="float" />
              <param name="Y" type="float" />
              <param name="Z" type="float" />
            </accessor>
          </technique_common>
        </source>
        <source id="meshId48-bitangents" name="meshId48-bitangents">
          <float_array id="meshId48-bitangents-array" count="81"> -0.000432441 0.99999 0.00439065 -0.000864894 0.99999 0.00434811 0 1 -0 0 1 -0 -0.074656 0.923883 0.375322 -0.0373541 0.924534 0.379263 -0.146444 0.923882 0.353548 -0.0016962 0.99999 0.00409601 0 1 -0 -0.212607 0.92388 0.318189 -0.00246231 0.99999 0.00368669 4.64191e-08 1 3.10163e-08 -0.270599 0.923879 0.2706 -0.00313483 0.99999 0.00313497 6.51837e-08 1 6.51836e-08 -0.31819 0.923879 0.212608 -0.00368633 0.99999 0.00246295 -2.01982e-08 1 -3.02287e-08 -0.353553 0.92388 0.146446 -0.00409594 0.99999 0.00169659 0 1 -0 -0.37533 0.92388 0.074658 -0.00434823 0.99999 0.000864919 0 1 -0 -0.379273 0.924531 0.0373554 -0.00439082 0.99999 0.00043246 0 1 -0 </float_array>
          <technique_common>
            <accessor count="27" offset="0" source="#meshId48-bitangents-array" stride="3">
              <param name="X" type="float" />
              <param name="Y" type="float" />
              <param name="Z" type="float" />
            </accessor>
          </technique_common>
        </source>
        <source id="meshId48-tex0" name="meshId48-tex0">
          <float_array id="meshId48-tex0-array" count="54"> 1.54891 -1.31857 1.41168 -1.31857 1.41167 -1.98908 1.5489 -1.98908 1.41168 -1.31092 1.54919 -1.31092 1.27445 -1.31092 1.27445 -1.31857 1.27445 -1.98908 1.13723 -1.31092 1.13723 -1.31857 1.13723 -1.98908 1 -1.31092 0.999999 -1.31857 1 -1.98908 0.862775 -1.31092 0.862772 -1.31857 0.86277 -1.98908 0.725546 -1.31092 0.725547 -1.31857 0.725557 -1.98908 0.58832 -1.31092 0.58832 -1.31857 0.588322 -1.98908 0.450806 -1.31092 0.451094 -1.31857 0.451104 -1.98908 </float_array>
          <technique_common>
            <accessor count="27" offset="0" source="#meshId48-tex0-array" stride="2">
              <param name="S" type="float" />
              <param name="T" type="float" />
            </accessor>
          </technique_common>
        </source>
        <vertices id="meshId48-vertices">
          <input semantic="POSITION" source="#meshId48-positions" />
        </vertices>
        <polylist count="32" material="defaultMaterial">
          <input offset="0" semantic="VERTEX" source="#meshId48-vertices" />
          <input offset="0" semantic="NORMAL" source="#meshId48-normals" />
          <input offset="0" semantic="TANGENT" source="#meshId48-tangents" />
          <input offset="0" semantic="BINORMAL" source="#meshId48-bitangents" />
          <input offset="0" semantic="TEXCOORD" source="#meshId48-tex0" set="0" />
          <vcount>3 3 3 3 3 3 3 3 3 3 3 3 3 3 3 3 3 3 3 3 3 3 3 3 3 3 3 3 3 3 3 3 </vcount>
          <p>3 0 1 1 2 3 5 4 1 1 0 5 4 6 7 7 1 4 8 2 1 1 7 8 6 9 10 10 7 6 11 8 7 7 10 11 9 12 13 13 10 9 14 11 10 10 13 14 12 15 16 16 13 12 17 14 13 13 16 17 15 18 19 19 16 15 20 17 16 16 19 20 18 21 22 22 19 18 23 20 19 19 22 23 21 24 25 25 22 21 26 23 22 22 25 26 </p>
        </polylist>
      </mesh>
    </geometry>
    <geometry id="meshId49" name="meshId49_name" >
      <mesh>
        <source id="meshId49-positions" name="meshId49-positions">
          <float_array id="meshId49-positions-array" count="189"> -0.22685 -0.12452 0.809409 -0.22685 -0.188346 0.809409 -0.172755 -0.188346 0.814737 -0.172755 -0.12452 0.814737 -0.172755 -0.117676 0.808325 -0.225599 -0.117676 0.803121 -0.226433 -0.120527 0.807313 -0.172755 -0.120527 0.8126 -0.172755 -0.190265 0.812818 -0.172755 -0.189703 0.814175 -0.22674 -0.189703 0.808858 -0.226475 -0.190265 0.807527 -0.225182 -0.113683 0.801025 -0.172755 -0.113683 0.806188 -0.275594 -0.113683 0.785732 -0.276411 -0.117676 0.787707 -0.278047 -0.120527 0.791656 -0.278865 -0.12452 0.79363 -0.278865 -0.188346 0.79363 -0.27865 -0.189703 0.793111 -0.278131 -0.190265 0.791857 -0.322053 -0.113683 0.760899 -0.323241 -0.117676 0.762676 -0.325616 -0.120527 0.76623 -0.326803 -0.12452 0.768007 -0.326803 -0.188346 0.768007 -0.32649 -0.189703 0.76754 -0.325736 -0.190265 0.766411 -0.362776 -0.113683 0.727479 -0.364287 -0.117676 0.72899 -0.367309 -0.120527 0.732013 -0.36882 -0.12452 0.733524 -0.36882 -0.188346 0.733524 -0.368423 -0.189703 0.733127 -0.367463 -0.190265 0.732167 -0.396195 -0.113683 0.686757 -0.397972 -0.117676 0.687944 -0.401527 -0.120527 0.690319 -0.403303 -0.12452 0.691506 -0.403303 -0.188346 0.691506 -0.402836 -0.189703 0.691194 -0.401708 -0.190265 0.69044 -0.421029 -0.113683 0.640297 -0.423003 -0.117676 0.641115 -0.426952 -0.120527 0.642751 -0.428927 -0.12452 0.643569 -0.428927 -0.188346 0.643569 -0.428407 -0.189703 0.643354 -0.427153 -0.190265 0.642834 -0.436321 -0.113683 0.589886 -0.438417 -0.117676 0.590303 -0.442609 -0.120527 0.591137 -0.444705 -0.12452 0.591554 -0.444705 -0.188346 0.591554 -0.444154 -0.189703 0.591444 -0.442823 -0.190265 0.591179 -0.441484 -0.113683 0.537459 -0.443621 -0.117676 0.537459 -0.447896 -0.120527 0.537459 -0.450033 -0.12452 0.537459 -0.450033 -0.188346 0.537459 -0.449471 -0.189703 0.537459 -0.448114 -0.190265 0.537459 </float_array>
          <technique_common>
            <accessor count="63" offset="0" source="#meshId49-positions-array" stride="3">
              <param name="X" type="float" />
              <param name="Y" type="float" />
              <param name="Z" type="float" />
            </accessor>
          </technique_common>
        </source>
        <source id="meshId49-normals" name="meshId49-normals">
          <float_array id="meshId49-normals-array" count="189"> -0.195 0.0305099 0.980329 -0.195084 -0.00841362 0.980751 -0.0980145 -0.00837298 0.99515 -0.0979728 0.0303629 0.994726 -0.0709197 0.690281 0.720057 -0.140831 0.692024 0.708004 -0.143933 0.675049 0.723597 -0.0724739 0.673273 0.735833 -0.037664 -0.923228 0.382403 -0.0707035 -0.692592 0.717856 -0.140398 -0.694331 0.705828 -0.0746569 -0.923882 0.375323 -0.172011 0.471812 0.864757 -0.0865147 0.470041 0.878394 -0.337412 0.471813 0.814583 -0.276249 0.692025 0.666924 -0.282333 0.67505 0.681613 -0.382505 0.0305099 0.92345 -0.382669 -0.00841391 0.923847 -0.275402 -0.694327 0.664879 -0.146448 -0.923878 0.353556 -0.489847 0.47181 0.733106 -0.401051 0.692027 0.600214 -0.409883 0.675051 0.613434 -0.555311 0.0305097 0.831083 -0.55555 -0.00841406 0.831441 -0.399825 -0.694324 0.598377 -0.212612 -0.923876 0.318198 -0.623456 0.47181 0.623456 -0.51044 0.692027 0.51044 -0.521682 0.675052 0.521682 -0.706778 0.0305098 0.706778 -0.707082 -0.00841404 0.707082 -0.508875 -0.694329 0.508874 -0.2706 -0.923879 0.2706 -0.733107 0.47181 0.489847 -0.600215 0.692026 0.401051 -0.613434 0.675052 0.409883 -0.831083 0.0305099 0.555311 -0.83144 -0.00841399 0.55555 -0.59837 -0.694334 0.399818 -0.318186 -0.923881 0.212605 -0.814585 0.471811 0.337412 -0.666923 0.692026 0.276249 -0.681612 0.675051 0.282332 -0.92345 0.0305098 0.382505 -0.923847 -0.0084139 0.38267 -0.664874 -0.694332 0.275399 -0.353549 -0.923881 0.146445 -0.864758 0.471811 0.172011 -0.708002 0.692026 0.14083 -0.723595 0.675051 0.143932 -0.980329 0.0305097 0.195 -0.980751 -0.00841381 0.195083 -0.705828 -0.694331 0.140398 -0.375327 -0.923881 0.0746571 -0.878394 0.470041 0.0865142 -0.720055 0.690284 0.0709191 -0.735831 0.673276 0.072473 -0.994726 0.0303629 0.097972 -0.99515 -0.00837327 0.0980138 -0.717856 -0.692592 0.0707026 -0.382408 -0.923225 0.0376639 </float_array>
          <technique_common>
            <accessor count="63" offset="0" source="#meshId49-normals-array" stride="3">
              <param name="X" type="float" />
              <param name="Y" type="float" />
              <param name="Z" type="float" />
            </accessor>
          </technique_common>
        </source>
        <source id="meshId49-tangents" name="meshId49-tangents">
          <float_array id="meshId49-tangents-array" count="189"> 0.980785 -2.18262e-08 0.195091 0.980785 -2.23032e-09 0.195091 0.995185 -5.36072e-09 0.0980179 0.995185 2.30746e-08 0.0980179 0.995185 7.32983e-07 0.0980168 0.980785 -3.46016e-07 0.195091 0.980785 8.60115e-08 0.195091 0.995185 6.07942e-07 0.0980174 0.995185 2.09797e-07 0.098019 0.995185 -5.13882e-08 0.0980182 0.980785 -2.46238e-07 0.19509 0.980785 -6.82154e-07 0.19509 0.980785 -2.21374e-07 0.19509 0.995185 6.3308e-07 0.0980173 0.923879 2.0062e-07 0.382684 0.923879 -2.53755e-07 0.382684 0.923879 4.97649e-08 0.382684 0.92388 -1.00793e-08 0.382683 0.92388 7.80206e-09 0.382683 0.923879 2.60463e-07 0.382684 0.92388 2.24007e-07 0.382683 0.831469 5.41906e-07 0.555571 0.831469 -1.68997e-07 0.555571 0.83147 2.13023e-07 0.55557 0.83147 3.70563e-09 0.55557 0.83147 -3.91408e-07 0.55557 0.831468 3.28713e-08 0.555572 0.831472 -7.03543e-07 0.555567 0.707106 -3.2745e-07 0.707107 0.707106 -7.43585e-08 0.707107 0.707106 -2.60411e-07 0.707107 0.707107 -8.2265e-09 0.707107 0.707107 2.14984e-09 0.707107 0.707107 -7.2159e-07 0.707107 0.707108 -5.89849e-07 0.707106 0.555571 8.11706e-07 0.831469 0.555571 5.48515e-07 0.831469 0.55557 3.92028e-07 0.83147 0.55557 5.99386e-07 0.83147 0.55557 3.91225e-07 0.83147 0.55557 -3.82384e-08 0.83147 0.555569 2.76914e-07 0.83147 0.382683 -6.91795e-08 0.92388 0.382684 -8.25298e-08 0.923879 0.382683 6.69746e-07 0.92388 0.382683 4.58609e-07 0.92388 0.382683 1.79068e-07 0.92388 0.382682 3.5111e-07 0.92388 0.382683 4.17622e-07 0.92388 0.19509 -3.98935e-07 0.980785 0.19509 -4.01284e-07 0.980785 0.19509 -5.57441e-07 0.980785 0.19509 -7.85001e-07 0.980785 0.19509 -1.86898e-07 0.980785 0.19509 3.55381e-07 0.980785 0.19509 -1.18195e-07 0.980785 0.0980172 2.55652e-07 0.995185 0.0980167 -2.50252e-07 0.995185 0.0980168 -3.61183e-07 0.995185 0.0980172 -4.95846e-07 0.995185 0.0980172 -6.87057e-10 0.995185 0.0980173 -1.34887e-07 0.995185 0.0980175 -1.26766e-07 0.995185 </float_array>
          <technique_common>
            <accessor count="63" offset="0" source="#meshId49-tangents-array" stride="3">
              <param name="X" type="float" />
              <param name="Y" type="float" />
              <param name="Z" type="float" />
            </accessor>
          </technique_common>
        </source>
        <source id="meshId49-bitangents" name="meshId49-bitangents">
          <float_array id="meshId49-bitangents-array" count="189"> 0.00595222 0.999535 -0.0299237 -0.00164142 0.999965 0.00825196 -0.000820697 0.999965 0.00833266 0.00297609 0.999539 -0.0302167 0.0676586 0.723541 -0.686957 0.135008 0.721875 -0.678727 0.131696 0.737773 -0.662078 0.0659921 0.739394 -0.670031 -0.0904939 0.384254 0.918782 -0.0678866 0.721329 0.689257 -0.135457 0.719656 0.680989 -0.18024 0.382677 0.90613 0.0920463 0.881699 -0.462746 0.0460716 0.882644 -0.467778 0.180555 0.881699 -0.435898 0.264827 0.721873 -0.639348 0.25833 0.737772 -0.623665 0.0116756 0.999534 -0.0281875 -0.00321987 0.999965 0.00777344 -0.265708 0.71966 0.641474 -0.353553 0.382687 0.853552 0.262124 0.8817 -0.392296 0.38447 0.721872 -0.575399 0.375038 0.737771 -0.561285 0.0169503 0.999534 -0.0253679 -0.00467427 0.999965 0.00699625 -0.385747 0.719663 0.577308 -0.513275 0.382693 0.768177 0.333621 0.8817 -0.33362 0.489337 0.721871 -0.489337 0.477334 0.73777 -0.477334 0.0215737 0.999534 -0.0215737 -0.00594963 0.999965 0.00594962 -0.490965 0.719657 0.490965 -0.65328 0.382686 0.653282 0.392295 0.8817 -0.262125 0.575399 0.721872 -0.38447 0.561285 0.73777 -0.375039 0.0253677 0.999534 -0.0169509 -0.0069962 0.999965 0.00467423 -0.577318 0.719653 0.385751 -0.76818 0.382679 0.51328 0.435896 0.8817 -0.180554 0.639349 0.721872 -0.264827 0.623666 0.737771 -0.258331 0.0281872 0.999534 -0.011676 -0.0077735 0.999965 0.00321969 -0.64148 0.719655 0.265708 -0.853555 0.382679 0.353553 0.462745 0.8817 -0.0920453 0.678729 0.721872 -0.135007 0.66208 0.737771 -0.131695 0.0299236 0.999534 -0.00595138 -0.0082521 0.999965 0.00164164 -0.680989 0.719656 0.135457 -0.906129 0.38268 0.18024 0.467778 0.882644 -0.0460724 0.68696 0.723539 -0.0676592 0.670034 0.739392 -0.065992 0.0302168 0.999539 -0.00297559 -0.00833295 0.999965 0.000820725 -0.689257 0.721329 0.0678861 -0.91878 0.384259 0.0904923 </float_array>
          <technique_common>
            <accessor count="63" offset="0" source="#meshId49-bitangents-array" stride="3">
              <param name="X" type="float" />
              <param name="Y" type="float" />
              <param name="Z" type="float" />
            </accessor>
          </technique_common>
        </source>
        <source id="meshId49-tex0" name="meshId49-tex0">
          <float_array id="meshId49-tex0-array" count="126"> 1.42331 -2.36393 1.42346 -2.53017 1.56487 -2.53017 1.5647 -2.36393 1.56296 -2.33875 1.42325 -2.33875 1.42328 -2.35213 1.5641 -2.35213 1.56438 -2.53783 1.56472 -2.534 1.42346 -2.534 1.42346 -2.53783 1.42324 -2.32695 1.56238 -2.32695 1.28222 -2.32695 1.28222 -2.33875 1.28222 -2.35213 1.28222 -2.36393 1.28228 -2.53017 1.28228 -2.534 1.28228 -2.53783 1.14111 -2.32695 1.14111 -2.33875 1.14111 -2.35213 1.14111 -2.36393 1.14114 -2.53017 1.14114 -2.534 1.14114 -2.53783 1 -2.32695 0.999999 -2.33875 0.999999 -2.35213 1 -2.36393 1 -2.53017 1 -2.534 1 -2.53783 0.858886 -2.32695 0.858887 -2.33875 0.858889 -2.35213 0.858889 -2.36393 0.85886 -2.53017 0.85886 -2.534 0.858859 -2.53783 0.717783 -2.32695 0.717781 -2.33875 0.717779 -2.35213 0.717778 -2.36393 0.717717 -2.53017 0.717717 -2.534 0.717716 -2.53783 0.576758 -2.32695 0.576748 -2.33875 0.576721 -2.35213 0.576694 -2.36393 0.576543 -2.53017 0.576544 -2.534 0.576544 -2.53783 0.437616 -2.32695 0.437044 -2.33875 0.435894 -2.35213 0.435303 -2.36393 0.435131 -2.53017 0.435276 -2.534 0.435623 -2.53783 </float_array>
          <technique_common>
            <accessor count="63" offset="0" source="#meshId49-tex0-array" stride="2">
              <param name="S" type="float" />
              <param name="T" type="float" />
            </accessor>
          </technique_common>
        </source>
        <vertices id="meshId49-vertices">
          <input semantic="POSITION" source="#meshId49-positions" />
        </vertices>
        <polylist count="96" material="defaultMaterial">
          <input offset="0" semantic="VERTEX" source="#meshId49-vertices" />
          <input offset="0" semantic="NORMAL" source="#meshId49-normals" />
          <input offset="0" semantic="TANGENT" source="#meshId49-tangents" />
          <input offset="0" semantic="BINORMAL" source="#meshId49-bitangents" />
          <input offset="0" semantic="TEXCOORD" source="#meshId49-tex0" set="0" />
          <vcount>3 3 3 3 3 3 3 3 3 3 3 3 3 3 3 3 3 3 3 3 3 3 3 3 3 3 3 3 3 3 3 3 3 3 3 3 3 3 3 3 3 3 3 3 3 3 3 3 3 3 3 3 3 3 3 3 3 3 3 3 3 3 3 3 3 3 3 3 3 3 3 3 3 3 3 3 3 3 3 3 3 3 3 3 3 3 3 3 3 3 3 3 3 3 3 3 </vcount>
          <p>3 0 1 1 2 3 7 4 5 5 6 7 11 8 9 9 10 11 10 9 2 2 1 10 13 12 5 5 4 13 0 3 7 7 6 0 12 14 15 15 5 12 16 6 5 5 15 16 17 0 6 6 16 17 0 17 18 18 1 0 19 10 1 1 18 19 20 11 10 10 19 20 14 21 22 22 15 14 23 16 15 15 22 23 24 17 16 16 23 24 17 24 25 25 18 17 26 19 18 18 25 26 27 20 19 19 26 27 21 28 29 29 22 21 30 23 22 22 29 30 31 24 23 23 30 31 24 31 32 32 25 24 33 26 25 25 32 33 34 27 26 26 33 34 28 35 36 36 29 28 37 30 29 29 36 37 38 31 30 30 37 38 31 38 39 39 32 31 40 33 32 32 39 40 41 34 33 33 40 41 35 42 43 43 36 35 44 37 36 36 43 44 45 38 37 37 44 45 38 45 46 46 39 38 47 40 39 39 46 47 48 41 40 40 47 48 42 49 50 50 43 42 51 44 43 43 50 51 52 45 44 44 51 52 45 52 53 53 46 45 54 47 46 46 53 54 55 48 47 47 54 55 49 56 57 57 50 49 58 51 50 50 57 58 59 52 51 51 58 59 59 60 53 53 52 59 61 54 53 53 60 61 62 55 54 54 61 62 </p>
        </polylist>
      </mesh>
    </geometry>
    <geometry id="meshId50" name="meshId50_name" >
      <mesh>
        <source id="meshId50-positions" name="meshId50-positions">
          <float_array id="meshId50-positions-array" count="54"> -0.172755 0.0978823 0.746702 -0.172755 0.0978823 0.65553 -0.19579 0.0978823 0.653261 -0.213577 0.0978823 0.742682 -0.377978 0.0978823 0.578281 -0.288557 0.0978823 0.560494 -0.290826 0.0978823 0.537459 -0.381998 0.0978823 0.537459 -0.366071 0.0978823 0.617533 -0.281839 0.0978823 0.582643 -0.346735 0.0978823 0.653709 -0.270928 0.0978823 0.603056 -0.320713 0.0978823 0.685416 -0.256244 0.0978823 0.620948 -0.289005 0.0978823 0.711438 -0.238352 0.0978823 0.635631 -0.252829 0.0978823 0.730775 -0.217939 0.0978823 0.646542 </float_array>
          <technique_common>
            <accessor count="18" offset="0" source="#meshId50-positions-array" stride="3">
              <param name="X" type="float" />
              <param name="Y" type="float" />
              <param name="Z" type="float" />
            </accessor>
          </technique_common>
        </source>
        <source id="meshId50-normals" name="meshId50-normals">
          <float_array id="meshId50-normals-array" count="54"> 0 1 -0 -4.09639e-22 1 1.2678e-07 -2.0482e-22 1 6.33904e-08 0 1 -0 -7.27763e-23 1 2.25238e-08 3.24299e-23 1 -1.00368e-08 -3.99399e-22 1 1.23611e-07 -3.44732e-22 1 1.06692e-07 1.01887e-21 1 -3.15334e-07 1.16064e-21 1 -3.59212e-07 4.59642e-22 1 -1.42256e-07 4.64258e-22 1 -1.43685e-07 -4.59643e-22 1 1.42256e-07 -4.64259e-22 1 1.43685e-07 0 1 -0 0 1 -0 0 1 -0 0 1 -0 </float_array>
          <technique_common>
            <accessor count="18" offset="0" source="#meshId50-normals-array" stride="3">
              <param name="X" type="float" />
              <param name="Y" type="float" />
              <param name="Z" type="float" />
            </accessor>
          </technique_common>
        </source>
        <source id="meshId50-tangents" name="meshId50-tangents">
          <float_array id="meshId50-tangents-array" count="54"> 0.995198 0 0.0978778 0.995206 -1.23997e-08 0.0978044 0.98083 -1.23526e-08 0.194866 0.980814 0 0.194946 0.195234 -2.20903e-08 0.980757 0.195316 9.84353e-09 0.98074 0.0982599 -1.23013e-07 0.995161 0.0981708 -1.06177e-07 0.99517 0.382818 2.91313e-07 0.923824 0.382895 3.31837e-07 0.923792 0.555692 1.1827e-07 0.831388 0.555762 1.19451e-07 0.831341 0.707211 -1.00576e-07 0.707003 0.70727 -1.01577e-07 0.706944 0.83155 0 0.555449 0.831597 0 0.55538 0.923935 0 0.382548 0.923968 0 0.38247 </float_array>
          <technique_common>
            <accessor count="18" offset="0" source="#meshId50-tangents-array" stride="3">
              <param name="X" type="float" />
              <param name="Y" type="float" />
              <param name="Z" type="float" />
            </accessor>
          </technique_common>
        </source>
        <source id="meshId50-bitangents" name="meshId50-bitangents">
          <float_array id="meshId50-bitangents-array" count="54"> 0.0978778 -0 -0.995198 0.0978044 1.26173e-07 -0.995206 0.194866 6.21753e-08 -0.98083 0.194946 -0 -0.980814 0.980757 4.39739e-09 -0.195234 0.98074 -1.96035e-09 -0.195316 0.995161 1.2146e-08 -0.0982599 0.99517 1.04741e-08 -0.0981708 0.923824 -1.20716e-07 -0.382818 0.923792 -1.3754e-07 -0.382895 0.831388 -7.90507e-08 -0.555692 0.831341 -7.98545e-08 -0.555762 0.707003 1.00605e-07 -0.707211 0.706944 1.01624e-07 -0.70727 0.555449 -0 -0.83155 0.55538 -0 -0.831597 0.382548 -0 -0.923935 0.38247 -0 -0.923968 </float_array>
          <technique_common>
            <accessor count="18" offset="0" source="#meshId50-bitangents-array" stride="3">
              <param name="X" type="float" />
              <param name="Y" type="float" />
              <param name="Z" type="float" />
            </accessor>
          </technique_common>
        </source>
        <source id="meshId50-tex0" name="meshId50-tex0">
          <float_array id="meshId50-tex0-array" count="36"> -0.639505 0.0284123 -0.710386 0.271467 -0.776482 0.271482 -0.741604 0.0284274 -1.25844 0.0285182 -1.22347 0.271573 -1.28957 0.271588 -1.36054 0.0285333 -1.16791 0.028503 -1.15128 0.271557 -1.08287 0.0284879 -1.07621 0.271542 -1.00002 0.0284728 -0.999975 0.271527 -0.917173 0.0284577 -0.923747 0.271512 -0.832134 0.0284425 -0.84867 0.271497 </float_array>
          <technique_common>
            <accessor count="18" offset="0" source="#meshId50-tex0-array" stride="2">
              <param name="S" type="float" />
              <param name="T" type="float" />
            </accessor>
          </technique_common>
        </source>
        <vertices id="meshId50-vertices">
          <input semantic="POSITION" source="#meshId50-positions" />
        </vertices>
        <polylist count="16" material="defaultMaterial">
          <input offset="0" semantic="VERTEX" source="#meshId50-vertices" />
          <input offset="0" semantic="NORMAL" source="#meshId50-normals" />
          <input offset="0" semantic="TANGENT" source="#meshId50-tangents" />
          <input offset="0" semantic="BINORMAL" source="#meshId50-bitangents" />
          <input offset="0" semantic="TEXCOORD" source="#meshId50-tex0" set="0" />
          <vcount>3 3 3 3 3 3 3 3 3 3 3 3 3 3 3 3 </vcount>
          <p>3 0 1 1 2 3 7 4 5 5 6 7 4 8 9 9 5 4 8 10 11 11 9 8 10 12 13 13 11 10 12 14 15 15 13 12 14 16 17 17 15 14 16 3 2 2 17 16 </p>
        </polylist>
      </mesh>
    </geometry>
    <geometry id="meshId51" name="meshId51_name" >
      <mesh>
        <source id="meshId51-positions" name="meshId51-positions">
          <float_array id="meshId51-positions-array" count="162"> -0.214241 0.190265 0.746023 -0.258786 0.190265 0.969962 -0.172755 0.190265 0.978435 -0.172755 0.190265 0.750109 -0.172755 0.190265 0.978435 -0.258786 0.190265 0.969962 -0.25932 0.189598 0.972647 -0.172755 0.189598 0.981173 -0.213707 0.189598 0.743338 -0.214241 0.190265 0.746023 -0.172755 0.190265 0.750109 -0.172755 0.189598 0.747372 -0.253086 0.189598 0.731393 -0.254133 0.190265 0.733922 -0.254133 0.190265 0.733922 -0.34151 0.190265 0.944868 -0.34151 0.190265 0.944868 -0.342557 0.189598 0.947397 -0.289377 0.189598 0.711995 -0.290897 0.190265 0.714271 -0.290897 0.190265 0.714271 -0.417749 0.190265 0.904117 -0.417749 0.190265 0.904117 -0.41927 0.189598 0.906393 -0.321186 0.189598 0.68589 -0.323122 0.190265 0.687825 -0.323122 0.190265 0.687825 -0.484573 0.190265 0.849276 -0.484573 0.190265 0.849276 -0.486508 0.189598 0.851212 -0.347291 0.189598 0.65408 -0.349567 0.190265 0.655601 -0.349567 0.190265 0.655601 -0.539414 0.190265 0.782452 -0.539414 0.190265 0.782452 -0.54169 0.189598 0.783973 -0.366689 0.189598 0.617789 -0.369218 0.190265 0.618837 -0.369218 0.190265 0.618837 -0.580164 0.190265 0.706214 -0.580164 0.190265 0.706214 -0.582693 0.189598 0.707261 -0.378635 0.189598 0.578411 -0.381319 0.190265 0.578945 -0.381319 0.190265 0.578945 -0.605258 0.190265 0.623489 -0.605258 0.190265 0.623489 -0.607943 0.189598 0.624023 -0.385405 0.190265 0.537459 -0.382668 0.189598 0.537459 -0.613732 0.190265 0.537459 -0.385405 0.190265 0.537459 -0.613732 0.190265 0.537459 -0.616469 0.189598 0.537459 </float_array>
          <technique_common>
            <accessor count="54" offset="0" source="#meshId51-positions-array" stride="3">
              <param name="X" type="float" />
              <param name="Y" type="float" />
              <param name="Z" type="float" />
            </accessor>
          </technique_common>
        </source>
        <source id="meshId51-normals" name="meshId51-normals">
          <float_array id="meshId51-normals-array" count="162"> -1.99652e-22 1 6.17909e-08 -1.99652e-22 1 6.17909e-08 -3.99304e-22 1 1.23582e-07 -3.99304e-22 1 1.23582e-07 -0.0233008 0.971336 0.236568 -0.0461665 0.971597 0.232097 -0.0461664 0.971597 0.232097 -0.0233008 0.971336 0.236568 0.0461674 0.971594 -0.232106 0.0461677 0.971594 -0.232106 0.0233011 0.971331 -0.236588 0.0233011 0.971331 -0.236588 0.0905611 0.971595 -0.218635 0.0905612 0.971595 -0.218635 -1.99652e-22 1 6.17908e-08 -1.99652e-22 1 6.17908e-08 -0.09056 0.971596 0.218634 -0.09056 0.971596 0.218634 0.131473 0.971596 -0.196762 0.131473 0.971596 -0.196762 9.9826e-23 1 -3.08955e-08 9.98258e-23 1 -3.08954e-08 -0.131474 0.971596 0.196762 -0.131474 0.971596 0.196762 0.167333 0.971596 -0.167333 0.167333 0.971596 -0.167333 4.9913e-22 1 -1.54477e-07 4.9913e-22 1 -1.54477e-07 -0.167335 0.971597 0.167329 -0.167335 0.971597 0.167329 0.196762 0.971597 -0.131472 0.196761 0.971597 -0.131473 2.49565e-22 1 -7.72387e-08 2.49565e-22 1 -7.72387e-08 -0.196764 0.971597 0.131468 -0.196764 0.971597 0.131468 0.218631 0.971597 -0.0905585 0.218631 0.971597 -0.0905587 1.99652e-22 1 -6.17909e-08 1.99652e-22 1 -6.17909e-08 -0.218632 0.971596 0.0905604 -0.218632 0.971596 0.0905606 0.232098 0.971596 -0.0461658 0.232098 0.971596 -0.0461658 1.49739e-22 1 -4.63431e-08 1.49739e-22 1 -4.63432e-08 -0.232098 0.971596 0.0461668 -0.232098 0.971596 0.0461668 0.236579 0.971333 -0.0233014 0.236579 0.971333 -0.0233014 0 1 -0 0 1 -0 -0.23658 0.971333 0.0233006 -0.23658 0.971333 0.0233006 </float_array>
          <technique_common>
            <accessor count="54" offset="0" source="#meshId51-normals-array" stride="3">
              <param name="X" type="float" />
              <param name="Y" type="float" />
              <param name="Z" type="float" />
            </accessor>
          </technique_common>
        </source>
        <source id="meshId51-tangents" name="meshId51-tangents">
          <float_array id="meshId51-tangents-array" count="162"> 0.980785 -1.20548e-08 0.19509 0.980785 -1.20548e-08 0.19509 0.995185 -1.21132e-08 0.0980176 0.995185 -1.21133e-08 0.0980185 0.995185 8.08736e-07 0.0980178 0.980785 -3.67715e-07 0.19509 0.980785 -3.09451e-07 0.19509 0.995185 8.08315e-07 0.0980178 0.980786 9.32096e-07 0.195088 0.980786 7.64748e-07 0.195089 0.995185 1.12897e-06 0.0980185 0.995185 1.10731e-06 0.0980184 0.92388 6.10915e-07 0.382684 0.923879 5.9861e-07 0.382684 0.92388 -2.36463e-08 0.382683 0.92388 -2.36463e-08 0.382683 0.92388 -1.27138e-06 0.382683 0.92388 -7.66017e-07 0.382682 0.831469 -4.51449e-07 0.555572 0.831468 -4.22324e-07 0.555572 0.831469 1.71646e-08 0.555571 0.83147 1.71646e-08 0.55557 0.83147 1.62718e-06 0.55557 0.831468 1.19088e-06 0.555572 0.707107 -2.95351e-07 0.707106 0.707107 -3.2467e-07 0.707106 0.707106 1.09232e-07 0.707107 0.707107 1.09232e-07 0.707107 0.707107 4.05416e-06 0.707107 0.707105 4.09261e-06 0.707108 0.55557 4.67171e-07 0.83147 0.555571 3.63985e-07 0.831469 0.555571 6.42216e-08 0.831469 0.55557 6.42216e-08 0.83147 0.555569 4.47392e-06 0.83147 0.555569 4.57327e-06 0.83147 0.382683 -9.14128e-07 0.92388 0.382682 -5.99879e-07 0.92388 0.382683 5.70874e-08 0.92388 0.382684 5.70873e-08 0.92388 0.382684 -1.98053e-07 0.923879 0.382684 -2.59989e-07 0.923879 0.195091 -1.31953e-06 0.980785 0.195091 -1.37477e-06 0.980785 0.19509 4.54527e-08 0.980785 0.19509 4.54527e-08 0.980785 0.19509 1.76558e-07 0.980785 0.195089 8.62405e-08 0.980785 0.0980183 1.01318e-07 0.995185 0.0980183 1.0954e-07 0.995185 0.0980177 0 0.995185 0.0980185 0 0.995185 0.0980175 5.84387e-07 0.995185 0.0980175 5.74333e-07 0.995185 </float_array>
          <technique_common>
            <accessor count="54" offset="0" source="#meshId51-tangents-array" stride="3">
              <param name="X" type="float" />
              <param name="Y" type="float" />
              <param name="Z" type="float" />
            </accessor>
          </technique_common>
        </source>
        <source id="meshId51-bitangents" name="meshId51-bitangents">
          <float_array id="meshId51-bitangents-array" count="162"> 0.19509 6.06036e-08 -0.980785 0.19509 6.06036e-08 -0.980785 0.0980176 1.22987e-07 -0.995185 0.0980185 1.22987e-07 -0.995185 0.095208 0.237712 -0.966658 0.189549 0.236644 -0.952928 0.189548 0.236644 -0.952928 0.095208 0.237712 -0.966658 0.189547 -0.236653 -0.952926 0.189547 -0.236653 -0.952926 0.0952087 -0.237733 -0.966653 0.0952086 -0.237733 -0.966653 0.371814 -0.236649 -0.897637 0.371814 -0.236649 -0.897637 0.382683 5.70873e-08 -0.92388 0.382683 5.70873e-08 -0.92388 0.371814 0.236648 -0.897637 0.371812 0.236648 -0.897638 0.539792 -0.236644 -0.807852 0.539792 -0.236644 -0.807852 0.555571 -2.56886e-08 -0.831469 0.55557 -2.56886e-08 -0.83147 0.53979 0.236645 -0.807853 0.539791 0.236645 -0.807852 0.687022 -0.236644 -0.687023 0.687022 -0.236644 -0.687023 0.707107 -1.09232e-07 -0.707106 0.707107 -1.09232e-07 -0.707107 0.687022 0.236643 -0.687023 0.687023 0.236643 -0.687022 0.807854 -0.236643 -0.53979 0.807852 -0.236643 -0.539791 0.831469 -4.29115e-08 -0.555571 0.83147 -4.29115e-08 -0.55557 0.807853 0.236643 -0.53979 0.807853 0.236643 -0.53979 0.897638 -0.236644 -0.371813 0.897639 -0.236644 -0.371813 0.92388 -2.36463e-08 -0.382683 0.92388 -2.36464e-08 -0.382684 0.897638 0.236645 -0.371814 0.897638 0.236645 -0.371814 0.952927 -0.236644 -0.18955 0.952927 -0.236644 -0.18955 0.980785 -9.0411e-09 -0.19509 0.980785 -9.0411e-09 -0.19509 0.952927 0.236645 -0.189549 0.952927 0.236645 -0.189548 0.966655 -0.237724 -0.0952084 0.966655 -0.237724 -0.0952083 0.995185 -0 -0.0980177 0.995185 -0 -0.0980185 0.966655 0.237725 -0.0952077 0.966655 0.237725 -0.0952077 </float_array>
          <technique_common>
            <accessor count="54" offset="0" source="#meshId51-bitangents-array" stride="3">
              <param name="X" type="float" />
              <param name="Y" type="float" />
              <param name="Z" type="float" />
            </accessor>
          </technique_common>
        </source>
        <source id="meshId51-tex0" name="meshId51-tex0">
          <float_array id="meshId51-tex0-array" count="108"> -0.586795 0.957132 -0.46382 0.342868 -0.247212 0.342868 -0.466332 0.957132 -0.247212 0.342868 -0.46382 0.342868 -0.463847 0.335289 -0.246523 0.335289 -0.586866 0.964711 -0.586795 0.957132 -0.466332 0.957132 -0.467151 0.964711 -0.719359 0.964711 -0.719322 0.957132 -0.719322 0.957132 -0.653949 0.342868 -0.653949 0.342868 -0.653964 0.335289 -0.858286 0.964711 -0.858271 0.957132 -0.858271 0.957132 -0.830015 0.342868 -0.830015 0.342868 -0.83002 0.335289 -1 0.964711 -1 0.957132 -1 0.957132 -0.999999 0.342868 -0.999999 0.342868 -0.999998 0.335289 -1.14171 0.964711 -1.14172 0.957132 -1.14172 0.957132 -1.16998 0.342868 -1.16998 0.342868 -1.16998 0.335289 -1.28064 0.964711 -1.28068 0.957132 -1.28068 0.957132 -1.34605 0.342868 -1.34605 0.342868 -1.34603 0.335289 -1.41313 0.964711 -1.4132 0.957132 -1.4132 0.957132 -1.53618 0.342868 -1.53618 0.342868 -1.53615 0.335289 -1.53367 0.957132 -1.53285 0.964711 -1.75279 0.342868 -1.53367 0.957132 -1.75279 0.342868 -1.75347 0.335289 </float_array>
          <technique_common>
            <accessor count="54" offset="0" source="#meshId51-tex0-array" stride="2">
              <param name="S" type="float" />
              <param name="T" type="float" />
            </accessor>
          </technique_common>
        </source>
        <vertices id="meshId51-vertices">
          <input semantic="POSITION" source="#meshId51-positions" />
        </vertices>
        <polylist count="48" material="defaultMaterial">
          <input offset="0" semantic="VERTEX" source="#meshId51-vertices" />
          <input offset="0" semantic="NORMAL" source="#meshId51-normals" />
          <input offset="0" semantic="TANGENT" source="#meshId51-tangents" />
          <input offset="0" semantic="BINORMAL" source="#meshId51-bitangents" />
          <input offset="0" semantic="TEXCOORD" source="#meshId51-tex0" set="0" />
          <vcount>3 3 3 3 3 3 3 3 3 3 3 3 3 3 3 3 3 3 3 3 3 3 3 3 3 3 3 3 3 3 3 3 3 3 3 3 3 3 3 3 3 3 3 3 3 3 3 3 </vcount>
          <p>3 0 1 1 2 3 7 4 5 5 6 7 11 8 9 9 10 11 8 12 13 13 9 8 0 14 15 15 1 0 17 6 5 5 16 17 12 18 19 19 13 12 14 20 21 21 15 14 23 17 16 16 22 23 18 24 25 25 19 18 20 26 27 27 21 20 29 23 22 22 28 29 24 30 31 31 25 24 26 32 33 33 27 26 35 29 28 28 34 35 30 36 37 37 31 30 32 38 39 39 33 32 41 35 34 34 40 41 36 42 43 43 37 36 38 44 45 45 39 38 47 41 40 40 46 47 49 48 43 43 42 49 51 50 45 45 44 51 53 47 46 46 52 53 </p>
        </polylist>
      </mesh>
    </geometry>
  </library_geometries>
  <library_visual_scenes>
    <visual_scene id="root" name="root">
      <node id="smallbar" name="smallbar">
        <matrix>1 0 0 0 0 1 0 0 0 0 1 0 0 0 0 1</matrix>
        <instance_geometry url="#meshId0">
          <bind_material>
            <technique_common>
              <instance_material symbol="defaultMaterial" target="#colouredwood01_dark" />
            </technique_common>
          </bind_material>
        </instance_geometry>
      </node>
      <node id="smallbar" name="smallbar">
        <matrix>1 0 0 0 0 1 0 0 0 0 1 0 0 0 0 1</matrix>
        <instance_geometry url="#meshId1">
          <bind_material>
            <technique_common>
              <instance_material symbol="defaultMaterial" target="#colouredwood01_brown" />
            </technique_common>
          </bind_material>
        </instance_geometry>
      </node>
      <node id="smallbar" name="smallbar">
        <matrix>1 0 0 0 0 1 0 0 0 0 1 0 0 0 0 1</matrix>
        <instance_geometry url="#meshId2">
          <bind_material>
            <technique_common>
              <instance_material symbol="defaultMaterial" target="#metal01_brass" />
            </technique_common>
          </bind_material>
        </instance_geometry>
      </node>
      <node id="smallbar" name="smallbar">
        <matrix>1 0 0 0 0 1 0 0 0 0 1 0 0 0 0 1</matrix>
        <instance_geometry url="#meshId3">
          <bind_material>
            <technique_common>
              <instance_material symbol="defaultMaterial" target="#colouredwood01_red" />
            </technique_common>
          </bind_material>
        </instance_geometry>
      </node>
      <node id="smallbar" name="smallbar">
        <matrix>1 0 0 0 0 1 0 0 0 0 1 0 0 0 0 1</matrix>
        <instance_geometry url="#meshId4">
          <bind_material>
            <technique_common>
              <instance_material symbol="defaultMaterial" target="#marble01_black" />
            </technique_common>
          </bind_material>
        </instance_geometry>
      </node>
      <node id="smallbar" name="smallbar">
        <matrix>1 0 0 0 0 1 0 0 0 0 1 0 0 0 0 1</matrix>
        <instance_geometry url="#meshId5">
          <bind_material>
            <technique_common>
              <instance_material symbol="defaultMaterial" target="#metal01_brushed" />
            </technique_common>
          </bind_material>
        </instance_geometry>
      </node>
      <node id="smallbar" name="smallbar">
        <matrix>1 0 0 0 0 1 0 0 0 0 1 0 0 0 0 1</matrix>
        <instance_geometry url="#meshId6">
          <bind_material>
            <technique_common>
              <instance_material symbol="defaultMaterial" target="#plastic01_white" />
            </technique_common>
          </bind_material>
        </instance_geometry>
      </node>
      <node id="straightbar" name="straightbar">
        <matrix>1 0 0 0 0 1 0 0 0 0 1 0 0 0 0 1</matrix>
        <instance_geometry url="#meshId7">
          <bind_material>
            <technique_common>
              <instance_material symbol="defaultMaterial" target="#colouredwood01_brown" />
            </technique_common>
          </bind_material>
        </instance_geometry>
      </node>
      <node id="straightbar" name="straightbar">
        <matrix>1 0 0 0 0 1 0 0 0 0 1 0 0 0 0 1</matrix>
        <instance_geometry url="#meshId8">
          <bind_material>
            <technique_common>
              <instance_material symbol="defaultMaterial" target="#colouredwood01_dark" />
            </technique_common>
          </bind_material>
        </instance_geometry>
      </node>
      <node id="straightbar" name="straightbar">
        <matrix>1 0 0 0 0 1 0 0 0 0 1 0 0 0 0 1</matrix>
        <instance_geometry url="#meshId9">
          <bind_material>
            <technique_common>
              <instance_material symbol="defaultMaterial" target="#colouredwood01_red" />
            </technique_common>
          </bind_material>
        </instance_geometry>
      </node>
      <node id="straightbar" name="straightbar">
        <matrix>1 0 0 0 0 1 0 0 0 0 1 0 0 0 0 1</matrix>
        <instance_geometry url="#meshId10">
          <bind_material>
            <technique_common>
              <instance_material symbol="defaultMaterial" target="#marble01_black" />
            </technique_common>
          </bind_material>
        </instance_geometry>
      </node>
      <node id="straightbar" name="straightbar">
        <matrix>1 0 0 0 0 1 0 0 0 0 1 0 0 0 0 1</matrix>
        <instance_geometry url="#meshId11">
          <bind_material>
            <technique_common>
              <instance_material symbol="defaultMaterial" target="#metal01_brushed" />
            </technique_common>
          </bind_material>
        </instance_geometry>
      </node>
      <node id="straightbar" name="straightbar">
        <matrix>1 0 0 0 0 1 0 0 0 0 1 0 0 0 0 1</matrix>
        <instance_geometry url="#meshId12">
          <bind_material>
            <technique_common>
              <instance_material symbol="defaultMaterial" target="#metal01_brass" />
            </technique_common>
          </bind_material>
        </instance_geometry>
      </node>
      <node id="straightbar" name="straightbar">
        <matrix>1 0 0 0 0 1 0 0 0 0 1 0 0 0 0 1</matrix>
        <instance_geometry url="#meshId13">
          <bind_material>
            <technique_common>
              <instance_material symbol="defaultMaterial" target="#plastic01_white" />
            </technique_common>
          </bind_material>
        </instance_geometry>
      </node>
      <node id="curvebar" name="curvebar">
        <matrix>1 0 0 0 0 1 0 0 0 0 1 0 0 0 0 1</matrix>
        <instance_geometry url="#meshId14">
          <bind_material>
            <technique_common>
              <instance_material symbol="defaultMaterial" target="#colouredwood01_brown" />
            </technique_common>
          </bind_material>
        </instance_geometry>
      </node>
      <node id="curvebar" name="curvebar">
        <matrix>1 0 0 0 0 1 0 0 0 0 1 0 0 0 0 1</matrix>
        <instance_geometry url="#meshId15">
          <bind_material>
            <technique_common>
              <instance_material symbol="defaultMaterial" target="#colouredwood01_dark" />
            </technique_common>
          </bind_material>
        </instance_geometry>
      </node>
      <node id="curvebar" name="curvebar">
        <matrix>1 0 0 0 0 1 0 0 0 0 1 0 0 0 0 1</matrix>
        <instance_geometry url="#meshId16">
          <bind_material>
            <technique_common>
              <instance_material symbol="defaultMaterial" target="#colouredwood01_red" />
            </technique_common>
          </bind_material>
        </instance_geometry>
      </node>
      <node id="curvebar" name="curvebar">
        <matrix>1 0 0 0 0 1 0 0 0 0 1 0 0 0 0 1</matrix>
        <instance_geometry url="#meshId17">
          <bind_material>
            <technique_common>
              <instance_material symbol="defaultMaterial" target="#marble01_black" />
            </technique_common>
          </bind_material>
        </instance_geometry>
      </node>
      <node id="curvebar" name="curvebar">
        <matrix>1 0 0 0 0 1 0 0 0 0 1 0 0 0 0 1</matrix>
        <instance_geometry url="#meshId18">
          <bind_material>
            <technique_common>
              <instance_material symbol="defaultMaterial" target="#metal01_brushed" />
            </technique_common>
          </bind_material>
        </instance_geometry>
      </node>
      <node id="curvebar" name="curvebar">
        <matrix>1 0 0 0 0 1 0 0 0 0 1 0 0 0 0 1</matrix>
        <instance_geometry url="#meshId19">
          <bind_material>
            <technique_common>
              <instance_material symbol="defaultMaterial" target="#plastic01_white" />
            </technique_common>
          </bind_material>
        </instance_geometry>
      </node>
      <node id="curvetightbar" name="curvetightbar">
        <matrix>1 0 0 0 0 1 0 0 0 0 1 0 0 0 0 1</matrix>
        <instance_geometry url="#meshId20">
          <bind_material>
            <technique_common>
              <instance_material symbol="defaultMaterial" target="#colouredwood01_brown" />
            </technique_common>
          </bind_material>
        </instance_geometry>
      </node>
      <node id="curvetightbar" name="curvetightbar">
        <matrix>1 0 0 0 0 1 0 0 0 0 1 0 0 0 0 1</matrix>
        <instance_geometry url="#meshId21">
          <bind_material>
            <technique_common>
              <instance_material symbol="defaultMaterial" target="#colouredwood01_dark" />
            </technique_common>
          </bind_material>
        </instance_geometry>
      </node>
      <node id="curvetightbar" name="curvetightbar">
        <matrix>1 0 0 0 0 1 0 0 0 0 1 0 0 0 0 1</matrix>
        <instance_geometry url="#meshId22">
          <bind_material>
            <technique_common>
              <instance_material symbol="defaultMaterial" target="#colouredwood01_red" />
            </technique_common>
          </bind_material>
        </instance_geometry>
      </node>
      <node id="curvetightbar" name="curvetightbar">
        <matrix>1 0 0 0 0 1 0 0 0 0 1 0 0 0 0 1</matrix>
        <instance_geometry url="#meshId23">
          <bind_material>
            <technique_common>
              <instance_material symbol="defaultMaterial" target="#marble01_black" />
            </technique_common>
          </bind_material>
        </instance_geometry>
      </node>
      <node id="curvetightbar" name="curvetightbar">
        <matrix>1 0 0 0 0 1 0 0 0 0 1 0 0 0 0 1</matrix>
        <instance_geometry url="#meshId24">
          <bind_material>
            <technique_common>
              <instance_material symbol="defaultMaterial" target="#metal01_brushed" />
            </technique_common>
          </bind_material>
        </instance_geometry>
      </node>
      <node id="curvetightbar" name="curvetightbar">
        <matrix>1 0 0 0 0 1 0 0 0 0 1 0 0 0 0 1</matrix>
        <instance_geometry url="#meshId25">
          <bind_material>
            <technique_common>
              <instance_material symbol="defaultMaterial" target="#plastic01_white" />
            </technique_common>
          </bind_material>
        </instance_geometry>
      </node>
      <node id="straightbar1" name="straightbar1">
        <matrix>1 0 0 0 0 1 0 0 0 0 1 0 0 0 0 1</matrix>
        <instance_geometry url="#meshId26">
          <bind_material>
            <technique_common>
              <instance_material symbol="defaultMaterial" target="#colouredwood01_brown" />
            </technique_common>
          </bind_material>
        </instance_geometry>
      </node>
      <node id="straightbar1" name="straightbar1">
        <matrix>1 0 0 0 0 1 0 0 0 0 1 0 0 0 0 1</matrix>
        <instance_geometry url="#meshId27">
          <bind_material>
            <technique_common>
              <instance_material symbol="defaultMaterial" target="#colouredwood01_dark" />
            </technique_common>
          </bind_material>
        </instance_geometry>
      </node>
      <node id="straightbar1" name="straightbar1">
        <matrix>1 0 0 0 0 1 0 0 0 0 1 0 0 0 0 1</matrix>
        <instance_geometry url="#meshId28">
          <bind_material>
            <technique_common>
              <instance_material symbol="defaultMaterial" target="#colouredwood01_red" />
            </technique_common>
          </bind_material>
        </instance_geometry>
      </node>
      <node id="straightbar1" name="straightbar1">
        <matrix>1 0 0 0 0 1 0 0 0 0 1 0 0 0 0 1</matrix>
        <instance_geometry url="#meshId29">
          <bind_material>
            <technique_common>
              <instance_material symbol="defaultMaterial" target="#marble01_black" />
            </technique_common>
          </bind_material>
        </instance_geometry>
      </node>
      <node id="straightbar1" name="straightbar1">
        <matrix>1 0 0 0 0 1 0 0 0 0 1 0 0 0 0 1</matrix>
        <instance_geometry url="#meshId30">
          <bind_material>
            <technique_common>
              <instance_material symbol="defaultMaterial" target="#metal01_brushed" />
            </technique_common>
          </bind_material>
        </instance_geometry>
      </node>
      <node id="straightbar1" name="straightbar1">
        <matrix>1 0 0 0 0 1 0 0 0 0 1 0 0 0 0 1</matrix>
        <instance_geometry url="#meshId31">
          <bind_material>
            <technique_common>
              <instance_material symbol="defaultMaterial" target="#metal01_brass" />
            </technique_common>
          </bind_material>
        </instance_geometry>
      </node>
      <node id="straightbar1" name="straightbar1">
        <matrix>1 0 0 0 0 1 0 0 0 0 1 0 0 0 0 1</matrix>
        <instance_geometry url="#meshId32">
          <bind_material>
            <technique_common>
              <instance_material symbol="defaultMaterial" target="#plastic01_white" />
            </technique_common>
          </bind_material>
        </instance_geometry>
      </node>
      <node id="curvebar1" name="curvebar1">
        <matrix>1 0 0 0 0 1 0 0 0 0 1 0 0 0 0 1</matrix>
        <instance_geometry url="#meshId33">
          <bind_material>
            <technique_common>
              <instance_material symbol="defaultMaterial" target="#colouredwood01_brown" />
            </technique_common>
          </bind_material>
        </instance_geometry>
      </node>
      <node id="curvebar1" name="curvebar1">
        <matrix>1 0 0 0 0 1 0 0 0 0 1 0 0 0 0 1</matrix>
        <instance_geometry url="#meshId34">
          <bind_material>
            <technique_common>
              <instance_material symbol="defaultMaterial" target="#colouredwood01_dark" />
            </technique_common>
          </bind_material>
        </instance_geometry>
      </node>
      <node id="curvebar1" name="curvebar1">
        <matrix>1 0 0 0 0 1 0 0 0 0 1 0 0 0 0 1</matrix>
        <instance_geometry url="#meshId35">
          <bind_material>
            <technique_common>
              <instance_material symbol="defaultMaterial" target="#colouredwood01_red" />
            </technique_common>
          </bind_material>
        </instance_geometry>
      </node>
      <node id="curvebar1" name="curvebar1">
        <matrix>1 0 0 0 0 1 0 0 0 0 1 0 0 0 0 1</matrix>
        <instance_geometry url="#meshId36">
          <bind_material>
            <technique_common>
              <instance_material symbol="defaultMaterial" target="#marble01_black" />
            </technique_common>
          </bind_material>
        </instance_geometry>
      </node>
      <node id="curvebar1" name="curvebar1">
        <matrix>1 0 0 0 0 1 0 0 0 0 1 0 0 0 0 1</matrix>
        <instance_geometry url="#meshId37">
          <bind_material>
            <technique_common>
              <instance_material symbol="defaultMaterial" target="#metal01_brushed" />
            </technique_common>
          </bind_material>
        </instance_geometry>
      </node>
      <node id="curvebar1" name="curvebar1">
        <matrix>1 0 0 0 0 1 0 0 0 0 1 0 0 0 0 1</matrix>
        <instance_geometry url="#meshId38">
          <bind_material>
            <technique_common>
              <instance_material symbol="defaultMaterial" target="#plastic01_white" />
            </technique_common>
          </bind_material>
        </instance_geometry>
      </node>
      <node id="smallbar1" name="smallbar1">
        <matrix>1 0 0 0 0 1 0 0 0 0 1 0 0 0 0 1</matrix>
        <instance_geometry url="#meshId39">
          <bind_material>
            <technique_common>
              <instance_material symbol="defaultMaterial" target="#colouredwood01_dark" />
            </technique_common>
          </bind_material>
        </instance_geometry>
      </node>
      <node id="smallbar1" name="smallbar1">
        <matrix>1 0 0 0 0 1 0 0 0 0 1 0 0 0 0 1</matrix>
        <instance_geometry url="#meshId40">
          <bind_material>
            <technique_common>
              <instance_material symbol="defaultMaterial" target="#colouredwood01_brown" />
            </technique_common>
          </bind_material>
        </instance_geometry>
      </node>
      <node id="smallbar1" name="smallbar1">
        <matrix>1 0 0 0 0 1 0 0 0 0 1 0 0 0 0 1</matrix>
        <instance_geometry url="#meshId41">
          <bind_material>
            <technique_common>
              <instance_material symbol="defaultMaterial" target="#metal01_brass" />
            </technique_common>
          </bind_material>
        </instance_geometry>
      </node>
      <node id="smallbar1" name="smallbar1">
        <matrix>1 0 0 0 0 1 0 0 0 0 1 0 0 0 0 1</matrix>
        <instance_geometry url="#meshId42">
          <bind_material>
            <technique_common>
              <instance_material symbol="defaultMaterial" target="#colouredwood01_red" />
            </technique_common>
          </bind_material>
        </instance_geometry>
      </node>
      <node id="smallbar1" name="smallbar1">
        <matrix>1 0 0 0 0 1 0 0 0 0 1 0 0 0 0 1</matrix>
        <instance_geometry url="#meshId43">
          <bind_material>
            <technique_common>
              <instance_material symbol="defaultMaterial" target="#marble01_black" />
            </technique_common>
          </bind_material>
        </instance_geometry>
      </node>
      <node id="smallbar1" name="smallbar1">
        <matrix>1 0 0 0 0 1 0 0 0 0 1 0 0 0 0 1</matrix>
        <instance_geometry url="#meshId44">
          <bind_material>
            <technique_common>
              <instance_material symbol="defaultMaterial" target="#metal01_brushed" />
            </technique_common>
          </bind_material>
        </instance_geometry>
      </node>
      <node id="smallbar1" name="smallbar1">
        <matrix>1 0 0 0 0 1 0 0 0 0 1 0 0 0 0 1</matrix>
        <instance_geometry url="#meshId45">
          <bind_material>
            <technique_common>
              <instance_material symbol="defaultMaterial" target="#plastic01_white" />
            </technique_common>
          </bind_material>
        </instance_geometry>
      </node>
      <node id="curvetightbar1" name="curvetightbar1">
        <matrix>1 0 0 0 0 1 0 0 0 0 1 0 0 0 0 1</matrix>
        <instance_geometry url="#meshId46">
          <bind_material>
            <technique_common>
              <instance_material symbol="defaultMaterial" target="#colouredwood01_brown" />
            </technique_common>
          </bind_material>
        </instance_geometry>
      </node>
      <node id="curvetightbar1" name="curvetightbar1">
        <matrix>1 0 0 0 0 1 0 0 0 0 1 0 0 0 0 1</matrix>
        <instance_geometry url="#meshId47">
          <bind_material>
            <technique_common>
              <instance_material symbol="defaultMaterial" target="#colouredwood01_dark" />
            </technique_common>
          </bind_material>
        </instance_geometry>
      </node>
      <node id="curvetightbar1" name="curvetightbar1">
        <matrix>1 0 0 0 0 1 0 0 0 0 1 0 0 0 0 1</matrix>
        <instance_geometry url="#meshId48">
          <bind_material>
            <technique_common>
              <instance_material symbol="defaultMaterial" target="#colouredwood01_red" />
            </technique_common>
          </bind_material>
        </instance_geometry>
      </node>
      <node id="curvetightbar1" name="curvetightbar1">
        <matrix>1 0 0 0 0 1 0 0 0 0 1 0 0 0 0 1</matrix>
        <instance_geometry url="#meshId49">
          <bind_material>
            <technique_common>
              <instance_material symbol="defaultMaterial" target="#marble01_black" />
            </technique_common>
          </bind_material>
        </instance_geometry>
      </node>
      <node id="curvetightbar1" name="curvetightbar1">
        <matrix>1 0 0 0 0 1 0 0 0 0 1 0 0 0 0 1</matrix>
        <instance_geometry url="#meshId50">
          <bind_material>
            <technique_common>
              <instance_material symbol="defaultMaterial" target="#metal01_brushed" />
            </technique_common>
          </bind_material>
        </instance_geometry>
      </node>
      <node id="curvetightbar1" name="curvetightbar1">
        <matrix>1 0 0 0 0 1 0 0 0 0 1 0 0 0 0 1</matrix>
        <instance_geometry url="#meshId51">
          <bind_material>
            <technique_common>
              <instance_material symbol="defaultMaterial" target="#plastic01_white" />
            </technique_common>
          </bind_material>
        </instance_geometry>
      </node>
    </visual_scene>
  </library_visual_scenes>
  <scene>
    <instance_visual_scene url="#root" />
  </scene>
</COLLADA>
